{
    "Hips": [
        0.053869974752834636,
        -0.007802998394404889,
        0.0013680001608292337,
        0.9985165334693993
    ],
    "Spine": [
        0.04317699313561017,
        -0.007447000420039098,
        0.0019240006344355967,
        0.9990378309503951
    ],
    "Spine1": [
        0.03245900042195894,
        -0.007170001272219505,
        0.004972001591334331,
        0.9994349821641925
    ],
    "Neck": [
        0.07431803071562777,
        -0.029718013690444776,
        -0.006201000209635797,
        0.996772400084014
    ],
    "Head": [
        0.11599900074716915,
        -0.05219600205609042,
        -0.017358997152330257,
        0.9917249993888851
    ],
    "LeftShoulder": [
        0.08155298979627545,
        0.08182198535848517,
        0.021690999324183734,
        0.9930678592702529
    ],
    "LeftArm": [
        0.13931504523222168,
        -0.16309305369103827,
        -0.33391709849106155,
        0.9178732730311887
    ],
    "LeftForeArm": [
        -0.012042995163877577,
        -0.196302940584999,
        -0.37455888441910234,
        0.9061047201553929
    ],
    "LeftHand": [
        0.013879005842469093,
        -0.10859702086409102,
        -0.40824608408748836,
        0.9062831759905402
    ],
    "RightShoulder": [
        0.08604197226166761,
        -0.05136198245213289,
        -0.005988996419274242,
        0.9949486708819703
    ],
    "RightArm": [
        0.15436299268464146,
        0.17359399165866535,
        0.31313598209425236,
        0.9208599509520005
    ],
    "RightForeArm": [
        0.05919801456007562,
        0.21585404805873187,
        0.34176107669448796,
        0.9127442092204301
    ],
    "RightHand": [
        -0.12157499450975182,
        0.02312299482826673,
        0.4256889813372773,
        0.8963669666984371
    ],
    "LeftUpLeg": [
        0.06183599656068484,
        -0.019234001657898618,
        0.014337998816446743,
        0.9977979677767993
    ],
    "LeftLeg": [
        -0.006606003576037385,
        -0.02017100933306766,
        0.012988003713127432,
        0.9996903534889123
    ],
    "LeftFoot": [
        0.0037379984244563197,
        -0.03827500378628416,
        -0.025608004090522295,
        0.9989320705530674
    ],
    "LeftToeBase": [
        0.010119996672502496,
        -0.038437993150757216,
        -0.025362997007831265,
        0.9988877938650925
    ],
    "RightUpLeg": [
        0.06888896943588056,
        -0.007333998558123967,
        -0.016213994500503533,
        0.997465602784151
    ],
    "RightLeg": [
        0.03555301179084761,
        -0.006788003824515347,
        -0.016450006584964066,
        0.999209339247804
    ],
    "RightFoot": [
        0.02143600552919275,
        -0.09622003952390443,
        0.021847008332510756,
        0.9948893958063328
    ],
    "RightToeBase": [
        -0.012819001283004965,
        -0.09691497556057654,
        0.018521994532317374,
        0.9950377361872986
    ]
}