{
    "run_id": "505_T2_P1_R2_Take 2025-11-17 05.31.25 PM",
    "subject_context": {
        "height_cm": 153.4172482502318,
        "scaling_factor": 1.0
    },
    "static_offset_audit": {
        "Left": {
            "bone_detected": "LeftArm",
            "measured_angle_deg": 5.31,
            "correction_value_deg": -5.31,
            "is_significant": true
        },
        "Right": {
            "bone_detected": "RightArm",
            "measured_angle_deg": 6.46,
            "correction_value_deg": -6.46,
            "is_significant": true
        }
    },
    "rotation_alignment_audit": {
        "Spine1": [
            -175.4557045928801,
            1.0242778610053025,
            -179.87751424507718
        ],
        "LeftToeBase": [
            179.87802653654276,
            -16.015903772931406,
            177.59379236175133
        ],
        "RightUpLeg": [
            -178.1775752811213,
            0.3672884785107537,
            -174.20965314088141
        ],
        "LeftHandThumb3": [
            -121.1993162928954,
            7.9844114069290955,
            -174.31605517960259
        ],
        "LeftShoulder": [
            -168.72226872506684,
            -4.158458448199903,
            174.6783028558967
        ],
        "LeftHandIndex3": [
            -161.1993255807223,
            7.984396603481031,
            -174.31604381818624
        ],
        "RightToeBase": [
            178.72662753472687,
            19.179012943608925,
            177.77954171691002
        ],
        "RightFoot": [
            178.47379661643302,
            19.179014156713713,
            177.77953520190792
        ],
        "Neck": [
            179.79808876211703,
            -4.003031513968037,
            178.50919689593715
        ],
        "RightLeg": [
            -173.37480265415644,
            0.36728925793308204,
            -174.20963746855153
        ],
        "LeftHandThumb2": [
            -121.19931684002007,
            7.984410547258447,
            -174.3160557267352
        ],
        "LeftHandIndex1": [
            -161.1993255807223,
            7.984396603481031,
            -174.31604381818624
        ],
        "Spine": [
            -176.52259885033564,
            1.4302023197574056,
            -179.75857127447986
        ],
        "LeftForeArm": [
            -158.3418237109793,
            3.1767932320731638,
            -150.01414318729036
        ],
        "RightForeArm": [
            -174.19514419776291,
            4.717173175744683,
            155.64646653771393
        ],
        "LeftArm": [
            -158.1166056879416,
            6.049027390715291,
            -148.8597931046114
        ],
        "RightArm": [
            -164.0380139954905,
            1.4646402909462897,
            154.7129938727257
        ],
        "LeftHandIndex2": [
            -161.19932536763633,
            7.984396507031511,
            -174.31604281431956
        ],
        "Hips": [
            -177.5910876150736,
            1.8424565248781775,
            -179.71616600091366
        ],
        "RightShoulder": [
            -169.8897910345077,
            7.963844049452801,
            -173.47268181220366
        ],
        "LeftUpLeg": [
            174.91050055065463,
            2.9828145683127825,
            174.86762547143118
        ],
        "LeftLeg": [
            -170.3041342604567,
            2.982830094870081,
            174.8675693497741
        ],
        "LeftFoot": [
            179.39552833231514,
            -16.015899196819163,
            177.59379175240915
        ],
        "LeftHandThumb1": [
            -129.8688177406128,
            36.844647422343975,
            163.88936102104634
        ],
        "Head": [
            175.1478719467758,
            -9.145684142541073,
            177.30565734538575
        ],
        "RightHand": [
            -177.09684299465266,
            -5.606367167722817,
            159.0950196652448
        ],
        "LeftHand": [
            -171.19932874372543,
            7.984402230176158,
            -174.31605172079526
        ]
    },
    "window_metadata": {
        "start_time_sec": 0.2,
        "end_time_sec": 1.2,
        "duration_sec": 1.0,
        "variance_score": 26.090908449517517,
        "searched_duration_sec": 5.0,
        "joints_used": [
            "Hips",
            "LeftHand",
            "RightHand"
        ],
        "time_window": [
            0.2,
            1.2
        ],
        "mean_motion": 0.06507685146670916,
        "max_motion": 0.24145212102362734,
        "ref_quality_score": 0.8695454577524124,
        "confidence_level": "HIGH",
        "ref_is_fallback": false,
        "detection_method": "auto_stable_window",
        "variance_threshold": 100.0,
        "all_window_scores_min": 26.090908449517517,
        "all_window_scores_max": 46543.63130352088
    },
    "metadata": {
        "grade": "HIGH",
        "status": "LOCKED"
    }
}