{
    "Spine__qx": -0.004906532212611358,
    "Spine__qy": -0.999734756452041,
    "Spine__qz": 0.01955100355871281,
    "Spine__qw": 0.011140060290326246,
    "RightUpLeg__qx": 0.040637827745645394,
    "RightUpLeg__qy": -0.9986638762489156,
    "RightUpLeg__qz": 0.031576304775829116,
    "RightUpLeg__qw": 0.004686812169248816,
    "Spine1__qx": -0.004993256481412014,
    "Spine1__qy": -0.9992793268511014,
    "Spine1__qz": 0.035663239611969766,
    "Spine1__qw": 0.01200115236549519,
    "RightToeBase__qx": 0.006864372439649703,
    "RightToeBase__qy": -0.9817801289691962,
    "RightToeBase__qz": -0.008602632305957576,
    "RightToeBase__qw": -0.18970148515403548,
    "LeftUpLeg__qx": -0.03545590324544098,
    "LeftUpLeg__qy": -0.9989731699227722,
    "LeftUpLeg__qz": -0.02003359972551721,
    "LeftUpLeg__qw": -0.019852948938029125,
    "Neck__qx": -0.02464327914596881,
    "Neck__qy": -0.9987905726093333,
    "Neck__qz": 0.008075749748285616,
    "Neck__qw": 0.04177179820952307,
    "LeftHandThumb3__qx": 0.001549357559396071,
    "LeftHandThumb3__qy": -0.8736656483791767,
    "LeftHandThumb3__qz": 0.45967738819290194,
    "LeftHandThumb3__qw": -0.1593820351153111,
    "LeftHandThumb1__qx": -0.26123863473313413,
    "LeftHandThumb1__qy": -0.8336956511072443,
    "LeftHandThumb1__qz": 0.3904750193338089,
    "LeftHandThumb1__qw": -0.2902330035056276,
    "LeftForeArm__qx": 0.25521538124485355,
    "LeftForeArm__qy": -0.9591522039403708,
    "LeftForeArm__qz": 0.11093117894186592,
    "LeftForeArm__qw": -0.050856979766214,
    "RightForeArm__qx": -0.17159488244959645,
    "RightForeArm__qy": -0.9493673670100611,
    "RightForeArm__qz": -0.21686105881522166,
    "RightForeArm__qw": -0.14909084459829955,
    "LeftFoot__qx": -0.026367114245065604,
    "LeftFoot__qy": -0.9912927223634945,
    "LeftFoot__qz": -0.0023114185922081107,
    "LeftFoot__qw": 0.12898903526909186,
    "RightHand__qx": -0.06742822708687113,
    "RightHand__qy": -0.9442235969653409,
    "RightHand__qz": -0.09591402560395194,
    "RightHand__qw": 0.3077267177516432,
    "RightLeg__qx": 0.04079917664615086,
    "RightLeg__qy": -0.9964194084533832,
    "RightLeg__qz": 0.07399361571296538,
    "RightLeg__qw": 0.002955414713386938,
    "LeftArm__qx": 0.25463903064052706,
    "LeftArm__qy": -0.9546256739323555,
    "LeftArm__qz": 0.13922431986865336,
    "LeftArm__qw": -0.06682346519569125,
    "LeftToeBase__qx": -0.026792182884411722,
    "LeftToeBase__qy": -0.991279742131019,
    "LeftToeBase__qz": -0.0055791867100461676,
    "LeftToeBase__qw": 0.12890121974831445,
    "LeftHand__qx": 0.06876205551334533,
    "LeftHand__qy": -0.9860780458514313,
    "LeftHand__qz": 0.047382049490832606,
    "LeftHand__qw": -0.1437943274174973,
    "Hips__qx": -0.0050079481117834826,
    "Hips__qy": -0.9999288192485152,
    "Hips__qz": 0.003436374176138415,
    "Hips__qw": 0.010269772368540148,
    "LeftHandIndex1__qx": 0.055967884713334214,
    "LeftHandIndex1__qy": -0.978196114054647,
    "LeftHandIndex1__qz": 0.13314407559217398,
    "LeftHandIndex1__qw": -0.14924012015476418,
    "RightArm__qx": -0.23034198861420274,
    "RightArm__qy": -0.9629642024846897,
    "RightArm__qz": 0.1381476279387801,
    "RightArm__qw": 0.02361664474832154,
    "LeftShoulder__qx": -0.05008635915156028,
    "LeftShoulder__qy": -0.9927879489694768,
    "LeftShoulder__qz": 0.08710429313336562,
    "LeftShoulder__qw": 0.06539332630825116,
    "LeftHandIndex2__qx": 0.05596788515933695,
    "LeftHandIndex2__qy": -0.9781961136870176,
    "LeftHandIndex2__qz": 0.13314407666479364,
    "LeftHandIndex2__qw": -0.14924012144020168,
    "RightFoot__qx": 0.0032354112158057093,
    "RightFoot__qy": -0.9817650775055804,
    "RightFoot__qz": 0.010173550696107708,
    "RightFoot__qw": -0.18979821803947505,
    "RightShoulder__qx": 0.0561696531362916,
    "RightShoulder__qy": -0.9941579548093057,
    "RightShoulder__qz": 0.07468691996723495,
    "RightShoulder__qw": -0.054007360070040866,
    "LeftLeg__qx": -0.03710831795477104,
    "LeftLeg__qy": -0.9967147287507242,
    "LeftLeg__qz": 0.0700560464821811,
    "LeftLeg__qw": -0.016579281686021907,
    "Head__qx": -0.044245275959904184,
    "Head__qy": -0.9962704032133168,
    "Head__qz": -0.019528183587587268,
    "Head__qw": 0.07145830450113363,
    "LeftHandThumb2__qx": 0.0015493575932681606,
    "LeftHandThumb2__qy": -0.873665653709973,
    "LeftHandThumb2__qz": 0.4596773782802694,
    "LeftHandThumb2__qw": -0.15938203448303737,
    "LeftHandIndex3__qx": 0.055967884713334214,
    "LeftHandIndex3__qy": -0.978196114054647,
    "LeftHandIndex3__qz": 0.13314407559217398,
    "LeftHandIndex3__qw": -0.14924012015476418
}