{
    "run_id": "505_T2_P1_R1_Take 2025-11-17 05.24.24 PM",
    "subject_context": {
        "height_cm": 153.58535161734173,
        "scaling_factor": 1.0
    },
    "static_offset_audit": {
        "Left": {
            "bone_detected": "LeftArm",
            "measured_angle_deg": 4.75,
            "correction_value_deg": -4.75,
            "is_significant": false
        },
        "Right": {
            "bone_detected": "RightArm",
            "measured_angle_deg": 6.36,
            "correction_value_deg": -6.36,
            "is_significant": true
        }
    },
    "rotation_alignment_audit": {
        "RightToeBase": [
            -178.77923137334145,
            18.479078565284336,
            -177.3104163367413
        ],
        "RightShoulder": [
            -173.3703863784411,
            9.888337801000889,
            -173.5390274150483
        ],
        "RightLeg": [
            -172.45796286669687,
            2.2982146331907503,
            -174.68257048202517
        ],
        "LeftToeBase": [
            179.6120945118001,
            -16.126003997713134,
            178.177447667945
        ],
        "RightHand": [
            -171.68695780873946,
            -11.876288329473104,
            162.32546248187467
        ],
        "LeftArm": [
            -165.8165274803588,
            8.605591984635108,
            -146.47155622963285
        ],
        "RightArm": [
            -171.29087137379184,
            -0.8892609172547018,
            148.88349990390668
        ],
        "RightForeArm": [
            -175.80917230145337,
            -0.13708220856197786,
            148.99912794529223
        ],
        "LeftHandIndex1": [
            -65.61739818511933,
            -12.698307519849433,
            -162.96468648734447
        ],
        "Spine1": [
            -176.69272371230653,
            2.0658481601438603,
            -178.36216297644518
        ],
        "LeftShoulder": [
            -173.31224596129363,
            -4.601907368899818,
            175.23147093613787
        ],
        "RightUpLeg": [
            -177.9643203436825,
            2.298533086528807,
            -174.68645560657282
        ],
        "LeftHandIndex3": [
            -65.61739818511933,
            -12.698307519849433,
            -162.96468648734447
        ],
        "LeftHandIndex2": [
            -65.61739818275895,
            -12.698307905019465,
            -162.9646859801854
        ],
        "RightFoot": [
            -178.6417050609095,
            18.47927065428732,
            -177.31037973070028
        ],
        "LeftUpLeg": [
            176.72429244492932,
            6.367510406449087,
            175.04756551542502
        ],
        "Spine": [
            -177.8782455397465,
            3.0094081454915007,
            -178.60510387986275
        ],
        "LeftLeg": [
            -170.39041881954532,
            6.367504870657941,
            175.04558409222506
        ],
        "LeftHand": [
            -75.61739666860032,
            -12.698302319723366,
            -162.96468797013895
        ],
        "LeftForeArm": [
            -130.26035554572158,
            18.016086442288717,
            -143.9789392036907
        ],
        "Neck": [
            -176.03394632966962,
            2.02006051691111,
            178.82540604922175
        ],
        "LeftHandThumb1": [
            -28.196205010582858,
            3.546685577103344,
            -131.75396441895265
        ],
        "LeftHandThumb2": [
            -25.61738399480166,
            -12.69829187114923,
            -162.96468829903992
        ],
        "Hips": [
            -179.052666280075,
            3.9390106438309576,
            -178.6301354412881
        ],
        "Head": [
            -175.37372897166588,
            2.0066153078794504,
            176.01265955628745
        ],
        "LeftHandThumb3": [
            -25.61738415523426,
            -12.698292787556394,
            -162.96468806943065
        ],
        "LeftFoot": [
            179.14663206737617,
            -16.12633926444198,
            178.17744520968748
        ]
    },
    "window_metadata": {
        "start_time_sec": 1.3,
        "end_time_sec": 2.3,
        "duration_sec": 1.0,
        "variance_score": 23.663120450670426,
        "searched_duration_sec": 5.0,
        "joints_used": [
            "Hips",
            "LeftHand",
            "RightHand"
        ],
        "time_window": [
            1.3,
            2.3
        ],
        "mean_motion": 0.0847452432462246,
        "max_motion": 0.3740555863994359,
        "ref_quality_score": 0.8816843977466479,
        "confidence_level": "HIGH",
        "ref_is_fallback": false,
        "detection_method": "auto_stable_window",
        "variance_threshold": 100.0,
        "all_window_scores_min": 23.663120450670426,
        "all_window_scores_max": 209.06849866676134
    },
    "metadata": {
        "grade": "HIGH",
        "status": "LOCKED"
    }
}