{
    "LeftToeBase": [
        -178.89643013890029,
        -13.946870356000796,
        176.00811215045178
    ],
    "RightShoulder": [
        -172.11789393698962,
        8.414307914077924,
        -172.50909046162067
    ],
    "LeftHandIndex1": [
        -158.14305235872715,
        25.597079819630657,
        -174.39189724544505
    ],
    "RightLeg": [
        -171.0405696354527,
        3.2283081511010963,
        -173.58146371842997
    ],
    "RightHand": [
        -176.46364602926272,
        -12.71436908045812,
        159.4010607018972
    ],
    "RightUpLeg": [
        -176.7702423622392,
        3.228286410160407,
        -173.5814411188125
    ],
    "LeftFoot": [
        -179.61267526738854,
        -13.946860205114238,
        176.0081127604498
    ],
    "Spine1": [
        -176.87319767857963,
        2.5664016010063513,
        178.56828642510183
    ],
    "LeftShoulder": [
        -171.33334447629332,
        -3.4838885974000027,
        168.7142065624595
    ],
    "RightToeBase": [
        179.65123424318446,
        22.14562671787393,
        177.6273551809048
    ],
    "LeftHand": [
        -168.14305026143256,
        25.597082963497616,
        -174.39189378362508
    ],
    "LeftHandThumb2": [
        -118.14304214578843,
        25.597081547097,
        -174.39190455924953
    ],
    "LeftUpLeg": [
        177.929348748346,
        5.651584620125923,
        175.06816976347437
    ],
    "LeftArm": [
        -157.00475938708047,
        7.118336732401594,
        -154.49208402010836
    ],
    "LeftHandThumb3": [
        -118.14304286738229,
        25.597081209834368,
        -174.39190387131129
    ],
    "LeftForeArm": [
        -141.13804063354635,
        10.332944251169593,
        -153.10526583708125
    ],
    "LeftLeg": [
        -170.57945643841987,
        5.651572234362122,
        175.06819329733625
    ],
    "Head": [
        176.6321139656929,
        -11.590689337253812,
        177.18135458027683
    ],
    "Neck": [
        179.8522398456663,
        -4.492576172908154,
        177.67669100386365
    ],
    "LeftHandThumb1": [
        -136.50462160943994,
        54.09905544641197,
        158.13248469372203
    ],
    "LeftHandIndex3": [
        -158.14305235872715,
        25.597079819630657,
        -174.39189724544505
    ],
    "Hips": [
        178.54892788077228,
        5.0050944130776145,
        179.0512059011433
    ],
    "Spine": [
        -179.15293547677376,
        3.776318356175385,
        178.9665156269525
    ],
    "RightArm": [
        -163.8904312359598,
        -2.466224573751014,
        154.84589054066967
    ],
    "RightForeArm": [
        -168.69772501438473,
        -1.98198343648502,
        154.98591841996483
    ],
    "LeftHandIndex2": [
        -158.14305174122615,
        25.597080416894606,
        -174.39189696646656
    ],
    "RightFoot": [
        179.32884791400912,
        22.14562824256481,
        177.6273561964539
    ]
}