{
    "run_id": "621_T3_P1_R2_Take 2025-12-02 06.43.40 PM",
    "subject_context": {
        "height_cm": 152.80770513527034,
        "scaling_factor": 1.0
    },
    "static_offset_audit": {
        "Left": {
            "bone_detected": "LeftArm",
            "measured_angle_deg": -5.61,
            "correction_value_deg": 5.61,
            "is_significant": true
        },
        "Right": {
            "bone_detected": "RightArm",
            "measured_angle_deg": -6.09,
            "correction_value_deg": 6.09,
            "is_significant": true
        }
    },
    "rotation_alignment_audit": {
        "Hips": [
            -167.74881307994542,
            88.67460703062004,
            -165.8384496777158
        ],
        "LeftHandThumb3": [
            -19.899041145365096,
            -5.121073701540511,
            -97.90929610534702
        ],
        "Neck": [
            22.248924589522282,
            88.52894134339456,
            28.425786532045368
        ],
        "RightToeBase": [
            -4.054622890976832,
            72.07326669997717,
            -4.946378442828349
        ],
        "LeftHandThumb2": [
            -20.44464695354439,
            -1.8140639386548254,
            -88.91074338971457
        ],
        "LeftForeArm": [
            -59.566129509714344,
            4.65473894324126,
            -82.91877352489517
        ],
        "LeftToeBase": [
            178.64542600782983,
            70.18390620345971,
            178.7066274140935
        ],
        "RightFoot": [
            -4.6089164111208465,
            72.0732599229168,
            -4.946360592658205
        ],
        "Spine1": [
            77.58366755512805,
            89.5976051015965,
            74.7256681990408
        ],
        "LeftHandThumb1": [
            -16.134554481706083,
            12.853591001835424,
            -46.49697171616678
        ],
        "RightForeArm": [
            140.35330740521013,
            0.028421629523652698,
            105.25285603756878
        ],
        "RightLeg": [
            -88.22649159175594,
            86.36845885255921,
            -94.7385281180381
        ],
        "LeftHandIndex1": [
            -49.66664714275496,
            -8.026730011679664,
            -72.3122988700443
        ],
        "RightHand": [
            114.09700880988093,
            -12.683462911734281,
            107.34476725500332
        ],
        "Spine": [
            -160.84145822344058,
            89.36210939302445,
            -161.3125872346424
        ],
        "LeftHandIndex2": [
            -49.291597029737694,
            -10.689325631674112,
            -74.61789910454164
        ],
        "LeftLeg": [
            115.5280855462235,
            86.62499817595892,
            104.21731760422014
        ],
        "Head": [
            11.086877111949,
            87.30290325048776,
            26.301038608458814
        ],
        "RightArm": [
            139.5076218499382,
            6.954607413300293,
            99.37617328676609
        ],
        "LeftHandIndex3": [
            -49.102084015267266,
            -11.793924426745274,
            -75.58995302852797
        ],
        "RightUpLeg": [
            -93.7708889853667,
            86.36840699973905,
            -94.738590164732
        ],
        "LeftUpLeg": [
            99.53942655538226,
            86.62532190555096,
            104.21969538050617
        ],
        "LeftArm": [
            -44.177302682531305,
            5.3817166908990695,
            -83.62796771982951
        ],
        "RightShoulder": [
            96.59235013098748,
            83.8485716182066,
            81.64097640003534
        ],
        "LeftHand": [
            -60.468328396528314,
            -8.3105355338404,
            -67.37906505558809
        ],
        "LeftShoulder": [
            -39.87368599601834,
            83.12822333665592,
            -54.813031869173635
        ],
        "LeftFoot": [
            178.84025405308395,
            70.1838778109946,
            178.70660487518143
        ]
    },
    "window_metadata": {
        "start_time_sec": 2.2,
        "end_time_sec": 3.2,
        "duration_sec": 1.0,
        "variance_score": 43.96800163889779,
        "searched_duration_sec": 5.0,
        "joints_used": [
            "Hips",
            "LeftHand",
            "RightHand"
        ],
        "time_window": [
            2.2,
            3.2
        ],
        "mean_motion": 0.08425169959062805,
        "max_motion": 0.5036408402578445,
        "ref_quality_score": 0.7801599918055111,
        "confidence_level": "MEDIUM",
        "ref_is_fallback": false,
        "detection_method": "auto_stable_window",
        "variance_threshold": 100.0,
        "all_window_scores_min": 43.96800163889779,
        "all_window_scores_max": 3255.0481521205083
    },
    "metadata": {
        "grade": "MEDIUM",
        "status": "LOCKED"
    }
}