{
  "offsets_map": {
    "Hips": [
      -0.0136553145807816,
      0.7149233236765026,
      0.009918463570144915,
      -0.6989991400048002
    ],
    "LeftHandThumb3": [
      -0.14653073213215875,
      0.10128433899345622,
      -0.7471743233100054,
      -0.6403130154867288
    ],
    "Neck": [
      -0.03420923775979836,
      0.6978175983791262,
      0.04197833638365077,
      -0.7142255573127745
    ],
    "RightToeBase": [
      -0.0032092675872361404,
      0.5886209365018622,
      -0.01408022072811854,
      -0.8082801748759347
    ],
    "LeftHandThumb2": [
      -0.13757087701346724,
      0.11315483476367967,
      -0.6911553823338783,
      -0.7004102188276956
    ],
    "LeftForeArm": [
      -0.34861010414318344,
      0.35501346364897857,
      -0.5590443399150846,
      -0.6632539950321759
    ],
    "LeftToeBase": [
      0.0024392431872366357,
      0.8181978841870939,
      0.0031832853241564284,
      -0.5749227244586713
    ],
    "RightFoot": [
      -0.0071190609637520295,
      0.5886821090199372,
      -0.011232712476916443,
      -0.8082552317561849
    ],
    "Spine1": [
      0.020044733174419398,
      0.7062883134607517,
      -0.015222938815791207,
      -0.7074767056762675
    ],
    "LeftHandThumb1": [
      -0.08438526414933609,
      0.15687226167085314,
      -0.37392460911014314,
      -0.9101926210503714
    ],
    "RightForeArm": [
      0.5709727307839583,
      0.7476542354739515,
      0.26935623449543533,
      -0.20603520043286483
    ],
    "RightLeg": [
      0.017744047857075874,
      0.7061904893513635,
      -0.06253963617320615,
      -0.7050311591856423
    ],
    "LeftHandIndex1": [
      -0.37573992193167466,
      0.1958906792460376,
      -0.5578537990844156,
      -0.7136143858544262
    ],
    "RightHand": [
      0.542464996679667,
      0.6363109791670551,
      0.4904399513838209,
      -0.24557833629094392
    ],
    "Spine": [
      0.0016306341173978258,
      0.7108133118621964,
      -0.0041836234316264855,
      -0.7033663867479406
    ],
    "LeftHandIndex2": [
      -0.3815511962990936,
      0.1843167607330802,
      -0.5793973641943436,
      -0.6962361026837391
    ],
    "LeftLeg": [
      0.08923453553116259,
      0.710438240342453,
      -0.050068519985091854,
      -0.6962814428333985
    ],
    "Head": [
      -0.08824630791858329,
      0.6849261121755581,
      0.09891385534156462,
      -0.7164529706968081
    ],
    "RightArm": [
      0.58985366771555,
      0.727682021450741,
      0.2265775353443219,
      -0.2668597886853122
    ],
    "LeftHandIndex3": [
      -0.38386766535382616,
      0.17944291412189733,
      -0.5882152730643473,
      -0.6888023291199586
    ],
    "RightUpLeg": [
      -0.01637556901072895,
      0.7083888101667846,
      -0.028312160959831755,
      -0.7050642211258821
    ],
    "LeftUpLeg": [
      -0.008484766827768116,
      0.7104968422384462,
      0.04923493275382271,
      -0.7019246165349962
    ],
    "LeftArm": [
      -0.25095618544292414,
      0.2828574346268009,
      -0.6039406982742601,
      -0.701618341858507
    ],
    "RightShoulder": [
      0.12980163635746184,
      0.6995016531461697,
      -0.05393023195570132,
      -0.700671465471447
    ],
    "LeftHand": [
      -0.4525934307531412,
      0.22648361632712863,
      -0.5083387942677268,
      -0.6967467461114702
    ],
    "LeftShoulder": [
      0.060593636413335525,
      0.6711303749435362,
      -0.12292562696076623,
      -0.7285614052985924
    ],
    "LeftFoot": [
      0.003416884771636648,
      0.8182022555537036,
      0.0017920757374283696,
      -0.5749175439746473
    ]
  },
  "metadata": {
    "fs": 120.0,
    "window_duration_sec": 1.0,
    "quat_order": "xyzw",
    "hemisphere_alignment_applied": true,
    "v_pose_correction_applied": true,
    "v_pose_correction_quat_xyzw": [
      0.3035779036628078,
      0.0,
      -0.375384069814359,
      0.8757438304306251
    ],
    "shoulder_joints": [
      "LeftShoulder",
      "RightShoulder"
    ],
    "time_window": [
      2.2,
      3.2
    ]
  }
}