{
    "run_id": "621_T2_P2_R1_Take 2025-11-17 05.28.57 PM",
    "subject_context": {
        "height_cm": 153.4768709364411,
        "scaling_factor": 1.0
    },
    "static_offset_audit": {
        "Left": {
            "bone_detected": "LeftArm",
            "measured_angle_deg": 6.36,
            "correction_value_deg": -6.36,
            "is_significant": true
        },
        "Right": {
            "bone_detected": "RightArm",
            "measured_angle_deg": 6.88,
            "correction_value_deg": -6.88,
            "is_significant": true
        }
    },
    "rotation_alignment_audit": {
        "LeftHandThumb3": [
            -123.23292715313084,
            16.085339678830135,
            -171.0648470373876
        ],
        "LeftArm": [
            -162.5226511728886,
            3.249202978876898,
            -149.62950275230514
        ],
        "LeftToeBase": [
            179.75379913585064,
            -14.824152638758468,
            176.93561646891408
        ],
        "RightHand": [
            170.00408776300984,
            -36.4456706917957,
            175.12910164588294
        ],
        "LeftHandThumb1": [
            -136.51597521576295,
            43.46776037362367,
            163.26914479432176
        ],
        "LeftFoot": [
            -179.86845034133557,
            -14.824175267691691,
            176.93561654739844
        ],
        "LeftUpLeg": [
            177.6235950296484,
            2.1917834141120673,
            175.8891176669301
        ],
        "LeftHandIndex3": [
            -163.23294156376852,
            16.08532881546588,
            -171.06483943230737
        ],
        "LeftHandThumb2": [
            -123.23292848791965,
            16.085339714253546,
            -171.06484725703368
        ],
        "Spine1": [
            -175.90474358068653,
            -1.35395970646974,
            179.37899658989554
        ],
        "LeftHandIndex2": [
            -163.23294141070275,
            16.085328944640622,
            -171.06483933627752
        ],
        "Head": [
            178.11284742297175,
            -8.285840050097915,
            175.05093241990787
        ],
        "LeftHandIndex1": [
            -163.23294156376852,
            16.08532881546588,
            -171.06483943230737
        ],
        "RightToeBase": [
            179.11783253403289,
            21.87657430594691,
            -179.36930956836306
        ],
        "Hips": [
            -179.6002677809378,
            -1.174855759875176,
            179.42199693041437
        ],
        "LeftHand": [
            -173.232936720045,
            16.08533226728605,
            -171.0648370919085
        ],
        "LeftForeArm": [
            -166.17488956721084,
            2.3461432459852283,
            -149.91499884407222
        ],
        "Spine": [
            -177.75282690341024,
            -1.2653286309760676,
            179.41279052349395
        ],
        "RightUpLeg": [
            -176.40566934740502,
            -0.6834107489981917,
            -175.3610322858087
        ],
        "RightArm": [
            -163.9194837026579,
            1.0404586843712642,
            153.2420989971132
        ],
        "LeftShoulder": [
            -169.58165302273468,
            -6.956626382814798,
            173.58872981614664
        ],
        "Neck": [
            -178.9540759120166,
            -4.763587113657955,
            177.12973680762832
        ],
        "RightFoot": [
            -178.69069689913638,
            21.876592382941784,
            -179.3693140327094
        ],
        "LeftLeg": [
            -172.03763010244109,
            2.1920382616007967,
            175.88823099142826
        ],
        "RightShoulder": [
            -171.06398810641988,
            5.681209880930507,
            -173.08819338719303
        ],
        "RightForeArm": [
            151.7482074082603,
            12.043805291705867,
            156.4677210443261
        ],
        "RightLeg": [
            -171.53375820304697,
            -0.6834071661633029,
            -175.36116206661958
        ]
    },
    "window_metadata": {
        "start_time_sec": 1.2,
        "end_time_sec": 2.2,
        "duration_sec": 1.0,
        "variance_score": 41.87807264159444,
        "searched_duration_sec": 5.0,
        "joints_used": [
            "Hips",
            "LeftHand",
            "RightHand"
        ],
        "time_window": [
            1.2,
            2.2
        ],
        "mean_motion": 0.07819704723224616,
        "max_motion": 0.345430943663132,
        "ref_quality_score": 0.7906096367920278,
        "confidence_level": "MEDIUM",
        "ref_is_fallback": false,
        "detection_method": "auto_stable_window",
        "variance_threshold": 100.0,
        "all_window_scores_min": 41.87807264159444,
        "all_window_scores_max": 1099.8922672540382
    },
    "metadata": {
        "grade": "MEDIUM",
        "status": "LOCKED"
    }
}