{
    "RightUpLeg__qx": 0.05514619335183858,
    "RightUpLeg__qy": -0.9976835762968786,
    "RightUpLeg__qz": 0.026549529234853292,
    "RightUpLeg__qw": -0.02969008999110034,
    "LeftForeArm__qx": 0.18927989704594503,
    "LeftForeArm__qy": -0.9204286745515585,
    "LeftForeArm__qz": 0.3024875454148628,
    "LeftForeArm__qw": -0.15964166281528458,
    "Spine1__qx": -0.013096885952217837,
    "Spine1__qy": -0.9992914237059235,
    "Spine1__qz": 0.027553823943803405,
    "Spine1__qw": -0.022043340768064062,
    "RightShoulder__qx": 0.05996242739015319,
    "RightShoulder__qy": -0.9931512656961456,
    "RightShoulder__qz": 0.06361750293625149,
    "RightShoulder__qw": -0.07751054165583215,
    "RightHand__qx": -0.17424761394741362,
    "RightHand__qy": -0.9779819706052089,
    "RightHand__qz": 0.010384079466546941,
    "RightHand__qw": 0.11437309604281089,
    "LeftHandIndex1__qx": 0.004892894422917925,
    "LeftHandIndex1__qy": -0.9583783141056468,
    "LeftHandIndex1__qz": 0.174011372643612,
    "LeftHandIndex1__qw": -0.22628987787099625,
    "LeftShoulder__qx": -0.09571588975107022,
    "LeftShoulder__qy": -0.9920765376485428,
    "LeftShoulder__qz": 0.0721774266740692,
    "LeftShoulder__qw": 0.03759030427051529,
    "RightLeg__qx": 0.053593150789586146,
    "RightLeg__qy": -0.9951097511099818,
    "RightLeg__qz": 0.07638056399267783,
    "RightLeg__qw": -0.032409364054778296,
    "LeftArm__qx": 0.20384867566692252,
    "LeftArm__qy": -0.9566434927114336,
    "LeftArm__qz": 0.1806043758501245,
    "LeftArm__qw": -0.10325214140877764,
    "Spine__qx": -0.009257132475150545,
    "Spine__qy": -0.999386897438083,
    "Spine__qz": 0.00768479786415731,
    "Spine__qw": -0.03287975987149638,
    "LeftHand__qx": 0.024596759991430815,
    "LeftHand__qy": -0.969897477417771,
    "LeftHand__qz": 0.08982104206138002,
    "LeftHand__qw": -0.2250023624311002,
    "LeftHandThumb1__qx": -0.3223419731258913,
    "LeftHandThumb1__qy": -0.7802477260493917,
    "LeftHandThumb1__qz": 0.40411682048876457,
    "LeftHandThumb1__qw": -0.3521345392802475,
    "LeftHandThumb2__qx": -0.07279796014761729,
    "LeftHandThumb2__qy": -0.8410655841494101,
    "LeftHandThumb2__qz": 0.49130197746390053,
    "LeftHandThumb2__qw": -0.21431637151141403,
    "Head__qx": -0.02742494693020263,
    "Head__qy": -0.9940854560069864,
    "Head__qz": -0.03170948323858249,
    "Head__qw": 0.1001822694592185,
    "LeftUpLeg__qx": -0.042075761712565586,
    "LeftUpLeg__qy": -0.9977345859394967,
    "LeftUpLeg__qz": -0.0159094127464101,
    "LeftUpLeg__qw": -0.05002216391273952,
    "RightForeArm__qx": -0.21381218783507602,
    "RightForeArm__qy": -0.9717481483919613,
    "RightForeArm__qz": 0.09239272173097071,
    "RightForeArm__qw": 0.03812439378031275,
    "LeftToeBase__qx": -0.03340100184685806,
    "LeftToeBase__qy": -0.9919950525524637,
    "LeftToeBase__qz": 0.005324943285218758,
    "LeftToeBase__qw": 0.12166278710464595,
    "RightToeBase__qx": -0.019733827645406474,
    "RightToeBase__qy": -0.9811811067370558,
    "RightToeBase__qz": 0.0009900168021516709,
    "RightToeBase__qw": -0.19207610912198103,
    "RightFoot__qx": -0.019193363836460257,
    "RightFoot__qy": -0.9811800066200964,
    "RightFoot__qz": -0.001770392184869751,
    "RightFoot__qw": -0.19213088014460558,
    "Hips__qx": -0.007718255486798026,
    "Hips__qy": -0.9989365192478383,
    "Hips__qz": -0.012288650409549361,
    "Hips__qw": -0.043763547803684896,
    "Neck__qx": -0.020308241174476268,
    "Neck__qy": -0.9990243557745899,
    "Neck__qz": -0.002082807818381833,
    "Neck__qw": 0.03916087104696142,
    "RightArm__qx": -0.21261118838583637,
    "RightArm__qy": -0.966808131078884,
    "RightArm__qz": 0.13208607085258234,
    "RightArm__qw": 0.05130097601064295,
    "LeftFoot__qx": -0.03416078309671378,
    "LeftFoot__qy": -0.992008968944976,
    "LeftFoot__qz": -0.0008755002186588639,
    "LeftFoot__qw": 0.12145155384066579,
    "LeftLeg__qx": -0.046871968520736856,
    "LeftLeg__qy": -0.9943149128433163,
    "LeftLeg__qz": 0.08405531313364972,
    "LeftLeg__qw": -0.04555850083555802,
    "LeftHandThumb3__qx": -0.07279795224809281,
    "LeftHandThumb3__qy": -0.8410655881666637,
    "LeftHandThumb3__qz": 0.4913019713361419,
    "LeftHandThumb3__qw": -0.21431637247669472,
    "LeftHandIndex3__qx": 0.004892894422917925,
    "LeftHandIndex3__qy": -0.9583783141056468,
    "LeftHandIndex3__qz": 0.174011372643612,
    "LeftHandIndex3__qw": -0.22628987787099625,
    "LeftHandIndex2__qx": 0.004892894518837898,
    "LeftHandIndex2__qy": -0.958378312070867,
    "LeftHandIndex2__qz": 0.17401137679435777,
    "LeftHandIndex2__qw": -0.22628988329475908
}