{
  "offsets_map": {
    "LeftForeArm": [
      0.29823589511785226,
      -0.3538097388771848,
      0.5888069771369089,
      0.6627068456065679
    ],
    "RightForeArm": [
      -0.5491137296276981,
      -0.7056356677176573,
      -0.3282344213575026,
      0.3046548555580902
    ],
    "Neck": [
      0.027849304890052565,
      -0.7006943579006596,
      -0.035721747546588856,
      0.7120223239306062
    ],
    "LeftHandIndex3": [
      0.26543742685729105,
      -0.18944313923868292,
      0.4500663817105112,
      0.8313209497376941
    ],
    "Head": [
      0.08304817492977506,
      -0.6929868984120874,
      -0.09760925159598909,
      0.7094678239870358
    ],
    "LeftHandThumb2": [
      -0.0606024152591982,
      -0.18323482727977453,
      0.3419024787947784,
      0.9197037785779121
    ],
    "LeftShoulder": [
      -0.0763148760230458,
      -0.678942302758174,
      0.1350137800189839,
      0.717624322628491
    ],
    "LeftHandThumb1": [
      -0.09006876568579635,
      -0.1707087303452337,
      0.18517395884210736,
      0.9635646069664955
    ],
    "LeftHandThumb3": [
      -0.08545879988497061,
      -0.1730268533744366,
      0.2108204986721242,
      0.9582866058091383
    ],
    "LeftFoot": [
      -0.03271611143944081,
      -0.7968903477845267,
      -0.02315012825335658,
      0.6027930832565942
    ],
    "LeftToeBase": [
      -0.03198550201164118,
      -0.7968610405497752,
      -0.02411546223309378,
      0.6028331893619305
    ],
    "RightToeBase": [
      -0.0222290655279008,
      -0.5784658204398709,
      -0.00020661694845219625,
      0.8154036549697457
    ],
    "Hips": [
      0.008509510782867285,
      -0.7131101580218746,
      -0.006893872659169103,
      0.7009664508890655
    ],
    "LeftArm": [
      0.2411978050729975,
      -0.3020805302540591,
      0.6166049697381583,
      0.6858347347310427
    ],
    "LeftUpLeg": [
      -0.004141054666098212,
      -0.7066071833413672,
      -0.06447517185451383,
      0.7046503333788773
    ],
    "RightArm": [
      -0.5788230089767804,
      -0.6894332596711038,
      -0.26660785554413874,
      0.34433407629872775
    ],
    "RightUpLeg": [
      0.016443654062749363,
      -0.7078023791717123,
      0.030333691209002495,
      0.705567335877707
    ],
    "LeftHandIndex1": [
      0.28056243900235894,
      -0.16622416928179926,
      0.5190187301858715,
      0.7901099930287357
    ],
    "Spine": [
      -0.008917119158362755,
      -0.7085741724012051,
      0.010355405586905488,
      0.7055039991148128
    ],
    "RightFoot": [
      -0.003613367080190305,
      -0.578308690739479,
      -0.013408604996976282,
      0.8156998290459355
    ],
    "LeftHandIndex2": [
      0.2700901397401383,
      -0.18274875351913322,
      0.47070661970608685,
      0.8198106413478817
    ],
    "RightLeg": [
      -0.03259659536667578,
      -0.7039861613698654,
      0.07943568655085705,
      0.7050041973438294
    ],
    "RightHand": [
      -0.33549858899815765,
      -0.5944109701129638,
      -0.5923714355207916,
      0.42803315031507466
    ],
    "RightShoulder": [
      -0.12765115947582684,
      -0.6767092511228044,
      0.07468029560824677,
      0.7212438037010476
    ],
    "Spine1": [
      -0.02754265153659738,
      -0.7035369131459841,
      0.02641363170953832,
      0.7096333801670173
    ],
    "LeftHand": [
      0.3376881299321179,
      -0.22716838916929283,
      0.5487029275466478,
      0.7302645734026236
    ],
    "LeftLeg": [
      -0.10682869575868541,
      -0.7084575948552448,
      0.039198805893537754,
      0.6965191452292901
    ]
  },
  "metadata": {
    "fs": 120.0,
    "window_duration_sec": 1.0,
    "quat_order": "xyzw",
    "hemisphere_alignment_applied": true,
    "v_pose_correction_applied": true,
    "v_pose_correction_quat_xyzw": [
      0.39590843631590117,
      1.5877881852622146e-17,
      -0.28164403879750216,
      0.874032691301492
    ],
    "shoulder_joints": [
      "LeftShoulder",
      "RightShoulder"
    ],
    "time_window": [
      3.9,
      4.9
    ]
  }
}