{
    "RightForeArm__qx": 0.2670246683300517,
    "RightForeArm__qy": 0.9629950642304815,
    "RightForeArm__qz": -0.034914329834108714,
    "RightForeArm__qw": -0.010923476698913314,
    "Hips__qx": -0.011662473863055123,
    "Hips__qy": 0.9993070973708487,
    "Hips__qz": -0.007850660752596633,
    "Hips__qw": 0.03446271860127221,
    "LeftHandThumb3__qx": -0.13928057361108528,
    "LeftHandThumb3__qy": 0.20193450358769774,
    "LeftHandThumb3__qz": -0.9620768002537615,
    "LeftHandThumb3__qw": 0.11929630542829543,
    "LeftFoot__qx": 0.016790871887531207,
    "LeftFoot__qy": 0.9899447338079154,
    "LeftFoot__qz": 0.009603144592654855,
    "LeftFoot__qw": -0.14012590852931026,
    "Spine__qx": -0.011680038189533528,
    "Spine__qy": 0.9994156880569453,
    "Spine__qz": -0.018187404824291827,
    "Spine__qw": 0.026477867725914657,
    "Neck__qx": 0.010852294203457367,
    "Neck__qy": 0.9991870932184228,
    "Neck__qz": -0.03477681852552373,
    "Neck__qw": 0.017261325252813944,
    "RightUpLeg__qx": -0.0459802639740016,
    "RightUpLeg__qy": 0.9985831114751368,
    "RightUpLeg__qz": -0.016811500578070487,
    "RightUpLeg__qw": 0.02085565270686263,
    "Spine1__qx": -0.013763905784351353,
    "Spine1__qy": 0.9993264603371512,
    "Spine1__qz": -0.028592247289214345,
    "Spine1__qw": 0.01842997456677556,
    "RightLeg__qx": -0.04495939381435872,
    "RightLeg__qy": 0.9966214775006504,
    "RightLeg__qz": -0.06475693235705322,
    "RightLeg__qw": 0.023039600777141386,
    "LeftShoulder__qx": 0.03915717229636397,
    "LeftShoulder__qy": 0.996726426623676,
    "LeftShoulder__qz": -0.056563673921018014,
    "LeftShoulder__qw": -0.042469955501592785,
    "LeftHand__qx": -0.1766479353301565,
    "LeftHand__qy": 0.5896061085487789,
    "LeftHand__qz": -0.7865964227970329,
    "LeftHand__qw": 0.04925658685363867,
    "RightArm__qx": 0.2668679657412113,
    "RightArm__qy": 0.9607064328158976,
    "RightArm__qz": -0.07106857758149396,
    "RightArm__qw": -0.027818987901145464,
    "Head__qx": 0.03546170783232713,
    "Head__qy": 0.9984026553656218,
    "Head__qz": -0.0409389142261331,
    "Head__qw": 0.016081366188089766,
    "LeftToeBase__qx": 0.01622152933392639,
    "LeftToeBase__qy": 0.9899759851316516,
    "LeftToeBase__qz": 0.005581946386613647,
    "LeftToeBase__qw": -0.14019005928817305,
    "RightToeBase__qx": -0.02145308128012677,
    "RightToeBase__qy": 0.9867379883140954,
    "RightToeBase__qz": -0.006743896261074308,
    "RightToeBase__qw": 0.1607558010917811,
    "LeftHandIndex3__qx": -0.1716827868448167,
    "LeftHandIndex3__qy": 0.5188060843523862,
    "LeftHandIndex3__qz": -0.8349907359955304,
    "LeftHandIndex3__qw": 0.06446501641809038,
    "LeftArm__qx": -0.2765515278418988,
    "LeftArm__qy": 0.9501682883045858,
    "LeftArm__qz": -0.09640327385453965,
    "LeftArm__qw": 0.1067983386517405,
    "LeftHandThumb2__qx": -0.13928056540364223,
    "LeftHandThumb2__qy": 0.20193450386166717,
    "LeftHandThumb2__qz": -0.9620768013673886,
    "LeftHandThumb2__qw": 0.11929630556592437,
    "RightShoulder__qx": -0.05107367045182653,
    "RightShoulder__qy": 0.9933125955509613,
    "RightShoulder__qz": -0.05266670058370082,
    "RightShoulder__qw": 0.08915035813734817,
    "LeftForeArm__qx": -0.21443776258964475,
    "LeftForeArm__qy": 0.8725274789421824,
    "LeftForeArm__qz": -0.35109595824168366,
    "LeftForeArm__qw": 0.2635220532947871,
    "RightFoot__qx": -0.021260425136250295,
    "RightFoot__qy": 0.9867289086625699,
    "RightFoot__qz": -0.007928024904401339,
    "RightFoot__qw": 0.16078308851901948,
    "RightHand__qx": 0.14499283045409755,
    "RightHand__qy": 0.9813934513267109,
    "RightHand__qz": -0.05538480480226402,
    "RightHand__qw": -0.11303316419074284,
    "LeftUpLeg__qx": 0.04153446344987038,
    "LeftUpLeg__qy": 0.9971852779235099,
    "LeftUpLeg__qz": 0.026112745619148208,
    "LeftUpLeg__qw": 0.05669686371196902,
    "LeftHandIndex1__qx": -0.1716827868448167,
    "LeftHandIndex1__qy": 0.5188060843523862,
    "LeftHandIndex1__qz": -0.8349907359955304,
    "LeftHandIndex1__qw": 0.06446501641809038,
    "LeftHandThumb1__qx": -0.072111397590438,
    "LeftHandThumb1__qy": 0.23447083259862178,
    "LeftHandThumb1__qz": -0.8816758749131706,
    "LeftHandThumb1__qw": 0.40307694872587074,
    "LeftHandIndex2__qx": -0.17168279188656407,
    "LeftHandIndex2__qy": 0.5188060829603025,
    "LeftHandIndex2__qz": -0.8349907356800346,
    "LeftHandIndex2__qw": 0.0644650182807469,
    "LeftLeg__qx": 0.047651213069042936,
    "LeftLeg__qy": 0.993816985402616,
    "LeftLeg__qz": -0.08594576802708061,
    "LeftLeg__qw": 0.05167674889677785
}