{
    "LeftLeg": [
        -176.0886307772461,
        2.11399162736716,
        174.2783594550842
    ],
    "RightLeg": [
        -169.71482632272597,
        -3.8698116914337377,
        178.63769100223803
    ],
    "RightFoot": [
        176.64243058569667,
        26.77616984744076,
        174.26430009634768
    ],
    "LeftFoot": [
        -178.79649937749056,
        -4.749503833832387,
        171.77794901771998
    ],
    "Spine1": [
        -177.31232251309748,
        -2.5712910520973415,
        179.57667860857907
    ],
    "Neck": [
        173.58291344186537,
        -2.7913054129151162,
        -179.67084940246968
    ],
    "RightUpLeg": [
        -177.16873113682882,
        -3.8698052794147753,
        178.6374036160772
    ],
    "LeftShoulder": [
        -163.7382819063561,
        -8.97533090128015,
        -177.0298150595724
    ],
    "LeftHandIndex1": [
        -102.01565248050308,
        5.690215169845195,
        -104.1140606768941
    ],
    "Hips": [
        -179.1263792477098,
        0.32669954778150617,
        179.20867919699631
    ],
    "RightForeArm": [
        92.58593579526845,
        -10.730397002357313,
        102.38936190290465
    ],
    "LeftHandThumb3": [
        -62.0156502661246,
        5.690223621412518,
        -104.11404738461418
    ],
    "LeftHandThumb1": [
        -54.842356602907536,
        35.81955307842673,
        -84.72889241810877
    ],
    "LeftHandIndex2": [
        -102.01565248050308,
        5.690215169845195,
        -104.1140606768941
    ],
    "LeftForeArm": [
        -111.15935657743698,
        12.375060379569929,
        -99.30755872930911
    ],
    "LeftHandThumb2": [
        -62.01564991383946,
        5.690224489329493,
        -104.11404687341131
    ],
    "RightToeBase": [
        177.4360989707556,
        26.776169541577374,
        174.26428211698612
    ],
    "RightHand": [
        81.24143122270357,
        22.31030326419008,
        151.3038103652632
    ],
    "Spine": [
        -178.2161093236506,
        -1.114574512021114,
        179.24398772292173
    ],
    "LeftHandIndex3": [
        -102.01565248050308,
        5.690215169845195,
        -104.1140606768941
    ],
    "LeftArm": [
        -128.46973013365098,
        10.304790813157027,
        -101.98904322697165
    ],
    "LeftToeBase": [
        -178.34358659270637,
        -4.749493696953894,
        171.777956113268
    ],
    "RightArm": [
        -152.93516017840278,
        -9.49387948912397,
        103.03183879021005
    ],
    "LeftHand": [
        -112.01564292604519,
        5.690214829707441,
        -104.11405477793228
    ],
    "RightShoulder": [
        -169.45517047149934,
        -9.559242313407477,
        170.4959522946678
    ],
    "LeftUpLeg": [
        -179.21915739472888,
        2.113994821591178,
        174.27827100455042
    ],
    "Head": [
        164.47482611161544,
        -2.8895279554381665,
        -178.89290884201068
    ]
}