{
  "offsets_map": {
    "LeftLeg": [
      0.050501176984117366,
      0.9979706974588785,
      -0.034998330943816706,
      -0.01671032518551226
    ],
    "RightLeg": [
      0.008807290322232651,
      0.9953724805997558,
      -0.08917739776729801,
      0.03469075135135779
    ],
    "RightFoot": [
      0.04187705951610231,
      0.9715280291409983,
      0.016884445503485435,
      -0.2325822778711489
    ],
    "LeftFoot": [
      0.07118981514037077,
      0.9965466370332109,
      -0.007495999837989708,
      0.042078740766646354
    ],
    "Spine1": [
      0.003166030279020509,
      0.9994684130131453,
      -0.02336333377783786,
      0.022517155149856728
    ],
    "Neck": [
      -0.0015037962350533355,
      0.9981360334736366,
      0.05588369438575931,
      0.02447876590431065
    ],
    "RightUpLeg": [
      0.011046130022395236,
      0.9990640776350409,
      -0.024287784327504114,
      0.034044901574744844
    ],
    "LeftShoulder": [
      -0.03664041420287145,
      0.9862943357341248,
      -0.14296092466794752,
      0.07377762102364714
    ],
    "LeftHandIndex1": [
      -0.45268273507806295,
      0.6313912358101128,
      -0.47188009551911947,
      -0.4168364477313491
    ],
    "Hips": [
      0.00692702766837781,
      0.9999428824779567,
      -0.007643179646125182,
      -0.0027981912468134393
    ],
    "RightForeArm": [
      0.5013763840485743,
      0.5203711624988078,
      0.5784591749111986,
      -0.3784449203240431
    ],
    "LeftHandThumb3": [
      -0.2828161527037486,
      0.4319211790038619,
      -0.659370683764933,
      -0.5465248578876617
    ],
    "LeftHandThumb1": [
      -0.13984532252460102,
      0.49697496508702277,
      -0.46450991632506294,
      -0.7195065722287919
    ],
    "LeftHandIndex2": [
      -0.45268273507806295,
      0.6313912358101128,
      -0.47188009551911947,
      -0.4168364477313491
    ],
    "LeftForeArm": [
      -0.4845074899435938,
      0.6644852772205991,
      -0.37073903176692247,
      -0.4315835711309535
    ],
    "LeftHandThumb2": [
      -0.2828161477181799,
      0.4319211795490292,
      -0.6593706800044071,
      -0.5465248645737443
    ],
    "RightToeBase": [
      0.04348707431434255,
      0.9716216625568973,
      0.010155193450992646,
      -0.2322866575241088
    ],
    "RightHand": [
      0.016022201781450765,
      0.6552153001872555,
      0.6902534512029913,
      -0.3065719696139209
    ],
    "Spine": [
      0.006444888102053355,
      0.9998107739274771,
      -0.015501518182605593,
      0.009827649257366558
    ],
    "LeftHandIndex3": [
      -0.45268273507806295,
      0.6313912358101128,
      -0.47188009551911947,
      -0.4168364477313491
    ],
    "LeftArm": [
      -0.5341971986878735,
      0.7215723658729605,
      -0.28551768317793835,
      -0.33533017507410456
    ],
    "LeftToeBase": [
      0.07102288693811583,
      0.9965092340224555,
      -0.011434700599273298,
      0.042359693827502695
    ],
    "RightArm": [
      0.5877874798606906,
      0.7704891545570958,
      -0.1324705159176577,
      0.2080959001071859
    ],
    "LeftHand": [
      -0.4872898353539947,
      0.6701156011342421,
      -0.4150551152739515,
      -0.375796419304518
    ],
    "RightShoulder": [
      0.07457567175173337,
      0.9895296556014855,
      -0.08438327547917354,
      0.09027177126538014
    ],
    "LeftUpLeg": [
      0.05002665130297113,
      0.9985542753299049,
      -0.007725118236690817,
      -0.018083581725107132
    ],
    "Head": [
      -0.006164113111701159,
      0.9905079326768111,
      0.13477800991695355,
      0.026285491372266247
    ]
  },
  "metadata": {
    "fs": 120.0,
    "window_duration_sec": 1.0,
    "quat_order": "xyzw",
    "hemisphere_alignment_applied": true,
    "v_pose_correction_applied": true,
    "v_pose_correction_quat_xyzw": [
      0.30822208802488726,
      0.0,
      -0.5931353753694664,
      0.7437671483326628
    ],
    "shoulder_joints": [
      "LeftShoulder",
      "RightShoulder"
    ],
    "time_window": [
      3.3,
      4.3
    ]
  }
}