{
    "LeftUpLeg__qx": 0.058666617842466594,
    "LeftUpLeg__qy": -0.7143252254858589,
    "LeftUpLeg__qz": -0.01807550714383509,
    "LeftUpLeg__qw": -0.6971161856010777,
    "RightShoulder__qx": -0.12037845419294493,
    "RightShoulder__qy": -0.6897906865089546,
    "RightShoulder__qz": 0.055935878315790624,
    "RightShoulder__qw": -0.7117366184823312,
    "RightUpLeg__qx": 0.07663318748721179,
    "RightUpLeg__qy": -0.6971075355645198,
    "RightUpLeg__qz": 0.03144343825992489,
    "RightUpLeg__qw": -0.7121655345670037,
    "Neck__qx": 0.002542066585314838,
    "Neck__qy": -0.7042583054254196,
    "Neck__qz": 0.023462694191321843,
    "Neck__qw": -0.709551463333053,
    "LeftHand__qx": 0.46235922965398785,
    "LeftHand__qy": -0.3574500569747308,
    "LeftHand__qz": 0.44837906675644945,
    "LeftHand__qw": -0.6763206429033112,
    "Hips__qx": 0.025117655435910796,
    "Hips__qy": -0.7082668352819844,
    "Hips__qz": -0.00841443725236472,
    "Hips__qw": -0.7054476526793263,
    "LeftShoulder__qx": -0.034864926387943626,
    "LeftShoulder__qy": -0.6955399653759285,
    "LeftShoulder__qz": 0.12236781529578138,
    "LeftShoulder__qw": -0.7071313253226398,
    "LeftFoot__qx": 0.021768994511407166,
    "LeftFoot__qy": -0.8442066694326766,
    "LeftFoot__qz": 0.020242416947370875,
    "LeftFoot__qw": -0.5351929135549897,
    "LeftHandThumb3__qx": -0.014191137675828639,
    "LeftHandThumb3__qy": -0.37341140514841886,
    "LeftHandThumb3__qz": 0.218585124501309,
    "LeftHandThumb3__qw": -0.9014339007732605,
    "Head__qx": 0.023940885889727176,
    "Head__qy": -0.6944205160642034,
    "Head__qz": 0.019094425367567683,
    "Head__qw": -0.7189175083219373,
    "LeftToeBase__qx": 0.023060325704775984,
    "LeftToeBase__qy": -0.8442378462024733,
    "LeftToeBase__qz": 0.018200174344024708,
    "LeftToeBase__qw": -0.535162997666735,
    "Spine__qx": 0.004438273531196914,
    "Spine__qy": -0.7112752120323523,
    "Spine__qz": 0.011010247638462355,
    "Spine__qw": -0.7028133812921709,
    "RightFoot__qx": 0.021734539015123244,
    "RightFoot__qy": -0.4939532189775962,
    "RightFoot__qz": 0.041904103679705165,
    "RightFoot__qw": -0.868206123780679,
    "RightHand__qx": -0.43561010571117004,
    "RightHand__qy": -0.6298172300750454,
    "RightHand__qz": -0.5594887093814044,
    "RightHand__qw": -0.3170906441029614,
    "LeftHandIndex2__qx": 0.3776241310801185,
    "LeftHandIndex2__qy": -0.33998156546147895,
    "LeftHandIndex2__qz": 0.38594453728505945,
    "LeftHandIndex2__qw": -0.7699736131272091,
    "LeftLeg__qx": -0.08494919466356306,
    "LeftLeg__qy": -0.7028992274545633,
    "LeftLeg__qz": 0.12840781738116486,
    "LeftLeg__qw": -0.6944261968022201,
    "LeftHandThumb1__qx": -0.02931591218922889,
    "LeftHandThumb1__qy": -0.37254120789645484,
    "LeftHandThumb1__qz": 0.18199460718742874,
    "LeftHandThumb1__qw": -0.9095227257557985,
    "LeftHandIndex1__qx": 0.3973312447613888,
    "LeftHandIndex1__qy": -0.3167259290232495,
    "LeftHandIndex1__qz": 0.4314207670080902,
    "LeftHandIndex1__qw": -0.7454452961920653,
    "LeftArm__qx": 0.31247448189508037,
    "LeftArm__qy": -0.3740725552320792,
    "LeftArm__qz": 0.562807495134738,
    "LeftArm__qw": -0.6675905519153982,
    "LeftHandIndex3__qx": 0.36900753107351497,
    "LeftHandIndex3__qy": -0.3493149334210424,
    "LeftHandIndex3__qz": 0.3665766434748569,
    "LeftHandIndex3__qw": -0.7793805769704485,
    "RightToeBase__qx": 0.022527104349494276,
    "RightToeBase__qy": -0.4940394447589536,
    "RightToeBase__qz": 0.04144760597731293,
    "RightToeBase__qw": -0.8681587715105119,
    "Spine1__qx": -0.018858827361875934,
    "Spine1__qy": -0.7136316571263187,
    "Spine1__qz": 0.027814485582844602,
    "Spine1__qw": -0.6997146253791192,
    "LeftForeArm__qx": 0.40399496709099203,
    "LeftForeArm__qy": -0.46329415975023364,
    "LeftForeArm__qz": 0.5016380875559324,
    "LeftForeArm__qw": -0.6086918902200852,
    "RightForeArm__qx": -0.5407100401466359,
    "RightForeArm__qy": -0.7262573694933796,
    "RightForeArm__qz": -0.3215952134770437,
    "RightForeArm__qw": -0.27705487617047053,
    "RightArm__qx": -0.5676785566653675,
    "RightArm__qy": -0.7050300374934483,
    "RightArm__qz": -0.26787970941303507,
    "RightArm__qw": -0.33002145963421864,
    "RightLeg__qx": 0.0007218124174829885,
    "RightLeg__qy": -0.6897952608478076,
    "RightLeg__qz": 0.10536665472901238,
    "RightLeg__qw": -0.7162959201126,
    "LeftHandThumb2__qx": 0.03524539594156781,
    "LeftHandThumb2__qy": -0.37202110726734755,
    "LeftHandThumb2__qz": 0.33577175610031856,
    "LeftHandThumb2__qw": -0.8646475499403251
}