{
  "offsets_map": {
    "RightUpLeg": [
      -0.05514619335183858,
      0.9976835762968786,
      -0.026549529234853292,
      -0.02969008999110034
    ],
    "LeftForeArm": [
      -0.18927989704594503,
      0.9204286745515585,
      -0.3024875454148628,
      -0.15964166281528458
    ],
    "Spine1": [
      0.013096885952217837,
      0.9992914237059235,
      -0.027553823943803405,
      -0.022043340768064062
    ],
    "RightShoulder": [
      -0.05996242739015319,
      0.9931512656961456,
      -0.06361750293625149,
      -0.07751054165583215
    ],
    "RightHand": [
      0.17424761394741362,
      0.9779819706052089,
      -0.010384079466546941,
      0.11437309604281089
    ],
    "LeftHandIndex1": [
      -0.004892894422917925,
      0.9583783141056468,
      -0.174011372643612,
      -0.22628987787099625
    ],
    "LeftShoulder": [
      0.09571588975107022,
      0.9920765376485428,
      -0.0721774266740692,
      0.03759030427051529
    ],
    "RightLeg": [
      -0.053593150789586146,
      0.9951097511099818,
      -0.07638056399267783,
      -0.032409364054778296
    ],
    "LeftArm": [
      -0.20384867566692252,
      0.9566434927114336,
      -0.1806043758501245,
      -0.10325214140877764
    ],
    "Spine": [
      0.009257132475150545,
      0.999386897438083,
      -0.00768479786415731,
      -0.03287975987149638
    ],
    "LeftHand": [
      -0.024596759991430815,
      0.969897477417771,
      -0.08982104206138002,
      -0.2250023624311002
    ],
    "LeftHandThumb1": [
      0.3223419731258913,
      0.7802477260493917,
      -0.40411682048876457,
      -0.3521345392802475
    ],
    "LeftHandThumb2": [
      0.07279796014761729,
      0.8410655841494101,
      -0.49130197746390053,
      -0.21431637151141403
    ],
    "Head": [
      0.02742494693020263,
      0.9940854560069864,
      0.03170948323858249,
      0.1001822694592185
    ],
    "LeftUpLeg": [
      0.042075761712565586,
      0.9977345859394967,
      0.0159094127464101,
      -0.05002216391273952
    ],
    "RightForeArm": [
      0.21381218783507602,
      0.9717481483919613,
      -0.09239272173097071,
      0.03812439378031275
    ],
    "LeftToeBase": [
      0.03340100184685806,
      0.9919950525524637,
      -0.005324943285218758,
      0.12166278710464595
    ],
    "RightToeBase": [
      0.019733827645406474,
      0.9811811067370558,
      -0.0009900168021516709,
      -0.19207610912198103
    ],
    "RightFoot": [
      0.019193363836460257,
      0.9811800066200964,
      0.001770392184869751,
      -0.19213088014460558
    ],
    "Hips": [
      0.007718255486798026,
      0.9989365192478383,
      0.012288650409549361,
      -0.043763547803684896
    ],
    "Neck": [
      0.020308241174476268,
      0.9990243557745899,
      0.002082807818381833,
      0.03916087104696142
    ],
    "RightArm": [
      0.21261118838583637,
      0.966808131078884,
      -0.13208607085258234,
      0.05130097601064295
    ],
    "LeftFoot": [
      0.03416078309671378,
      0.992008968944976,
      0.0008755002186588639,
      0.12145155384066579
    ],
    "LeftLeg": [
      0.046871968520736856,
      0.9943149128433163,
      -0.08405531313364972,
      -0.04555850083555802
    ],
    "LeftHandThumb3": [
      0.07279795224809281,
      0.8410655881666637,
      -0.4913019713361419,
      -0.21431637247669472
    ],
    "LeftHandIndex3": [
      -0.004892894422917925,
      0.9583783141056468,
      -0.174011372643612,
      -0.22628987787099625
    ],
    "LeftHandIndex2": [
      -0.004892894518837898,
      0.958378312070867,
      -0.17401137679435777,
      -0.22628988329475908
    ]
  },
  "metadata": {
    "fs": 120.0,
    "window_duration_sec": 1.0,
    "quat_order": "xyzw",
    "hemisphere_alignment_applied": true,
    "v_pose_correction_applied": true,
    "v_pose_correction_quat_xyzw": [
      0.2184464524695397,
      0.0,
      -0.64909223794725,
      0.7286703054469172
    ],
    "shoulder_joints": [
      "LeftShoulder",
      "RightShoulder"
    ],
    "time_window": [
      1.0,
      2.0
    ]
  }
}