{
    "Hips__qx": 0.0136553145807816,
    "Hips__qy": -0.7149233236765026,
    "Hips__qz": -0.009918463570144915,
    "Hips__qw": -0.6989991400048002,
    "LeftHandThumb3__qx": 0.14653073213215875,
    "LeftHandThumb3__qy": -0.10128433899345622,
    "LeftHandThumb3__qz": 0.7471743233100054,
    "LeftHandThumb3__qw": -0.6403130154867288,
    "Neck__qx": 0.03420923775979836,
    "Neck__qy": -0.6978175983791262,
    "Neck__qz": -0.04197833638365077,
    "Neck__qw": -0.7142255573127745,
    "RightToeBase__qx": 0.0032092675872361404,
    "RightToeBase__qy": -0.5886209365018622,
    "RightToeBase__qz": 0.01408022072811854,
    "RightToeBase__qw": -0.8082801748759347,
    "LeftHandThumb2__qx": 0.13757087701346724,
    "LeftHandThumb2__qy": -0.11315483476367967,
    "LeftHandThumb2__qz": 0.6911553823338783,
    "LeftHandThumb2__qw": -0.7004102188276956,
    "LeftForeArm__qx": 0.34861010414318344,
    "LeftForeArm__qy": -0.35501346364897857,
    "LeftForeArm__qz": 0.5590443399150846,
    "LeftForeArm__qw": -0.6632539950321759,
    "LeftToeBase__qx": -0.0024392431872366357,
    "LeftToeBase__qy": -0.8181978841870939,
    "LeftToeBase__qz": -0.0031832853241564284,
    "LeftToeBase__qw": -0.5749227244586713,
    "RightFoot__qx": 0.0071190609637520295,
    "RightFoot__qy": -0.5886821090199372,
    "RightFoot__qz": 0.011232712476916443,
    "RightFoot__qw": -0.8082552317561849,
    "Spine1__qx": -0.020044733174419398,
    "Spine1__qy": -0.7062883134607517,
    "Spine1__qz": 0.015222938815791207,
    "Spine1__qw": -0.7074767056762675,
    "LeftHandThumb1__qx": 0.08438526414933609,
    "LeftHandThumb1__qy": -0.15687226167085314,
    "LeftHandThumb1__qz": 0.37392460911014314,
    "LeftHandThumb1__qw": -0.9101926210503714,
    "RightForeArm__qx": -0.5709727307839583,
    "RightForeArm__qy": -0.7476542354739515,
    "RightForeArm__qz": -0.26935623449543533,
    "RightForeArm__qw": -0.20603520043286483,
    "RightLeg__qx": -0.017744047857075874,
    "RightLeg__qy": -0.7061904893513635,
    "RightLeg__qz": 0.06253963617320615,
    "RightLeg__qw": -0.7050311591856423,
    "LeftHandIndex1__qx": 0.37573992193167455,
    "LeftHandIndex1__qy": -0.19589067924603754,
    "LeftHandIndex1__qz": 0.5578537990844155,
    "LeftHandIndex1__qw": -0.713614385854426,
    "RightHand__qx": -0.542464996679667,
    "RightHand__qy": -0.6363109791670551,
    "RightHand__qz": -0.4904399513838209,
    "RightHand__qw": -0.24557833629094392,
    "Spine__qx": -0.0016306341173978258,
    "Spine__qy": -0.7108133118621964,
    "Spine__qz": 0.0041836234316264855,
    "Spine__qw": -0.7033663867479406,
    "LeftHandIndex2__qx": 0.3815511962990936,
    "LeftHandIndex2__qy": -0.1843167607330802,
    "LeftHandIndex2__qz": 0.5793973641943436,
    "LeftHandIndex2__qw": -0.6962361026837391,
    "LeftLeg__qx": -0.08923453553116259,
    "LeftLeg__qy": -0.710438240342453,
    "LeftLeg__qz": 0.050068519985091854,
    "LeftLeg__qw": -0.6962814428333985,
    "Head__qx": 0.08824630791858329,
    "Head__qy": -0.6849261121755581,
    "Head__qz": -0.09891385534156462,
    "Head__qw": -0.7164529706968081,
    "RightArm__qx": -0.58985366771555,
    "RightArm__qy": -0.727682021450741,
    "RightArm__qz": -0.2265775353443219,
    "RightArm__qw": -0.2668597886853122,
    "LeftHandIndex3__qx": 0.38386766535382616,
    "LeftHandIndex3__qy": -0.17944291412189733,
    "LeftHandIndex3__qz": 0.5882152730643473,
    "LeftHandIndex3__qw": -0.6888023291199586,
    "RightUpLeg__qx": 0.01637556901072895,
    "RightUpLeg__qy": -0.7083888101667846,
    "RightUpLeg__qz": 0.028312160959831755,
    "RightUpLeg__qw": -0.7050642211258821,
    "LeftUpLeg__qx": 0.008484766827768116,
    "LeftUpLeg__qy": -0.7104968422384462,
    "LeftUpLeg__qz": -0.04923493275382271,
    "LeftUpLeg__qw": -0.7019246165349962,
    "LeftArm__qx": 0.25095618544292414,
    "LeftArm__qy": -0.2828574346268009,
    "LeftArm__qz": 0.6039406982742601,
    "LeftArm__qw": -0.701618341858507,
    "RightShoulder__qx": -0.12980163635746184,
    "RightShoulder__qy": -0.6995016531461697,
    "RightShoulder__qz": 0.05393023195570132,
    "RightShoulder__qw": -0.700671465471447,
    "LeftHand__qx": 0.4525934307531412,
    "LeftHand__qy": -0.22648361632712863,
    "LeftHand__qz": 0.5083387942677268,
    "LeftHand__qw": -0.6967467461114702,
    "LeftShoulder__qx": -0.060593636413335525,
    "LeftShoulder__qy": -0.6711303749435362,
    "LeftShoulder__qz": 0.12292562696076623,
    "LeftShoulder__qw": -0.7285614052985924,
    "LeftFoot__qx": -0.003416884771636648,
    "LeftFoot__qy": -0.8182022555537036,
    "LeftFoot__qz": -0.0017920757374283696,
    "LeftFoot__qw": -0.5749175439746473
}