{
    "Head__qx": -0.08304817492977506,
    "Head__qy": 0.6929868984120874,
    "Head__qz": 0.09760925159598909,
    "Head__qw": 0.7094678239870358,
    "RightShoulder__qx": 0.12765115947582684,
    "RightShoulder__qy": 0.6767092511228044,
    "RightShoulder__qz": -0.07468029560824677,
    "RightShoulder__qw": 0.7212438037010476,
    "LeftFoot__qx": 0.03271611143944081,
    "LeftFoot__qy": 0.7968903477845267,
    "LeftFoot__qz": 0.02315012825335658,
    "LeftFoot__qw": 0.6027930832565942,
    "LeftHand__qx": -0.3376881299321179,
    "LeftHand__qy": 0.22716838916929283,
    "LeftHand__qz": -0.5487029275466478,
    "LeftHand__qw": 0.7302645734026236,
    "LeftForeArm__qx": -0.29823589511785226,
    "LeftForeArm__qy": 0.3538097388771848,
    "LeftForeArm__qz": -0.5888069771369089,
    "LeftForeArm__qw": 0.6627068456065679,
    "LeftHandThumb2__qx": 0.0606024152591982,
    "LeftHandThumb2__qy": 0.18323482727977453,
    "LeftHandThumb2__qz": -0.3419024787947784,
    "LeftHandThumb2__qw": 0.9197037785779121,
    "RightForeArm__qx": 0.5491137296276981,
    "RightForeArm__qy": 0.7056356677176573,
    "RightForeArm__qz": 0.3282344213575026,
    "RightForeArm__qw": 0.3046548555580902,
    "LeftHandIndex2__qx": -0.2700901397401383,
    "LeftHandIndex2__qy": 0.18274875351913322,
    "LeftHandIndex2__qz": -0.47070661970608685,
    "LeftHandIndex2__qw": 0.8198106413478817,
    "Neck__qx": -0.027849304890052565,
    "Neck__qy": 0.7006943579006596,
    "Neck__qz": 0.035721747546588856,
    "Neck__qw": 0.7120223239306062,
    "RightUpLeg__qx": -0.016443654062749363,
    "RightUpLeg__qy": 0.7078023791717123,
    "RightUpLeg__qz": -0.030333691209002495,
    "RightUpLeg__qw": 0.705567335877707,
    "RightFoot__qx": 0.003613367080190305,
    "RightFoot__qy": 0.578308690739479,
    "RightFoot__qz": 0.013408604996976282,
    "RightFoot__qw": 0.8156998290459355,
    "LeftToeBase__qx": 0.03198550201164118,
    "LeftToeBase__qy": 0.7968610405497752,
    "LeftToeBase__qz": 0.02411546223309378,
    "LeftToeBase__qw": 0.6028331893619305,
    "RightHand__qx": 0.33549858899815765,
    "RightHand__qy": 0.5944109701129638,
    "RightHand__qz": 0.5923714355207916,
    "RightHand__qw": 0.42803315031507466,
    "RightArm__qx": 0.5788230089767804,
    "RightArm__qy": 0.6894332596711038,
    "RightArm__qz": 0.26660785554413874,
    "RightArm__qw": 0.34433407629872775,
    "Spine__qx": 0.008917119158362755,
    "Spine__qy": 0.7085741724012051,
    "Spine__qz": -0.010355405586905488,
    "Spine__qw": 0.7055039991148128,
    "LeftArm__qx": -0.2411978050729975,
    "LeftArm__qy": 0.3020805302540591,
    "LeftArm__qz": -0.6166049697381583,
    "LeftArm__qw": 0.6858347347310427,
    "LeftLeg__qx": 0.10682869575868541,
    "LeftLeg__qy": 0.7084575948552448,
    "LeftLeg__qz": -0.039198805893537754,
    "LeftLeg__qw": 0.6965191452292901,
    "Spine1__qx": 0.02754265153659738,
    "Spine1__qy": 0.7035369131459841,
    "Spine1__qz": -0.02641363170953832,
    "Spine1__qw": 0.7096333801670173,
    "RightLeg__qx": 0.03259659536667578,
    "RightLeg__qy": 0.7039861613698654,
    "RightLeg__qz": -0.07943568655085705,
    "RightLeg__qw": 0.7050041973438294,
    "RightToeBase__qx": 0.0222290655279008,
    "RightToeBase__qy": 0.5784658204398709,
    "RightToeBase__qz": 0.00020661694845219625,
    "RightToeBase__qw": 0.8154036549697457,
    "LeftShoulder__qx": 0.0763148760230458,
    "LeftShoulder__qy": 0.678942302758174,
    "LeftShoulder__qz": -0.1350137800189839,
    "LeftShoulder__qw": 0.717624322628491,
    "LeftHandThumb1__qx": 0.09006876568579635,
    "LeftHandThumb1__qy": 0.1707087303452337,
    "LeftHandThumb1__qz": -0.18517395884210736,
    "LeftHandThumb1__qw": 0.9635646069664955,
    "LeftUpLeg__qx": 0.004141054666098212,
    "LeftUpLeg__qy": 0.7066071833413672,
    "LeftUpLeg__qz": 0.06447517185451383,
    "LeftUpLeg__qw": 0.7046503333788773,
    "LeftHandThumb3__qx": 0.08545879988497061,
    "LeftHandThumb3__qy": 0.1730268533744366,
    "LeftHandThumb3__qz": -0.2108204986721242,
    "LeftHandThumb3__qw": 0.9582866058091383,
    "LeftHandIndex1__qx": -0.28056243900235894,
    "LeftHandIndex1__qy": 0.16622416928179926,
    "LeftHandIndex1__qz": -0.5190187301858715,
    "LeftHandIndex1__qw": 0.7901099930287357,
    "Hips__qx": -0.008509510782867285,
    "Hips__qy": 0.7131101580218746,
    "Hips__qz": 0.006893872659169103,
    "Hips__qw": 0.7009664508890655,
    "LeftHandIndex3__qx": -0.26543742685729105,
    "LeftHandIndex3__qy": 0.18944313923868292,
    "LeftHandIndex3__qz": -0.4500663817105112,
    "LeftHandIndex3__qw": 0.8313209497376941
}