{
    "RightForeArm": [
        -175.80917230145337,
        -0.13708220856197786,
        148.99912794529223
    ],
    "Hips": [
        -179.052666280075,
        3.9390106438309576,
        -178.6301354412881
    ],
    "LeftHandThumb3": [
        -25.61738415523426,
        -12.698292787556394,
        -162.96468806943065
    ],
    "LeftFoot": [
        179.14663206737617,
        -16.12633926444198,
        178.17744520968748
    ],
    "Spine": [
        -177.8782455397465,
        3.0094081454915007,
        -178.60510387986275
    ],
    "Neck": [
        -176.03394632966962,
        2.02006051691111,
        178.82540604922175
    ],
    "RightUpLeg": [
        -177.9643203436825,
        2.298533086528807,
        -174.68645560657282
    ],
    "Spine1": [
        -176.69272371230653,
        2.0658481601438603,
        -178.36216297644518
    ],
    "RightLeg": [
        -172.45796286669687,
        2.2982146331907503,
        -174.68257048202517
    ],
    "LeftShoulder": [
        -173.31224596129363,
        -4.601907368899818,
        175.23147093613787
    ],
    "LeftHand": [
        -75.61739666860032,
        -12.698302319723366,
        -162.96468797013895
    ],
    "RightArm": [
        -171.29087137379184,
        -0.8892609172547018,
        148.88349990390668
    ],
    "Head": [
        -175.37372897166588,
        2.0066153078794504,
        176.01265955628745
    ],
    "LeftToeBase": [
        179.6120945118001,
        -16.126003997713134,
        178.177447667945
    ],
    "RightToeBase": [
        -178.77923137334145,
        18.479078565284336,
        -177.3104163367413
    ],
    "LeftHandIndex3": [
        -65.61739818511933,
        -12.698307519849433,
        -162.96468648734447
    ],
    "LeftArm": [
        -165.8165274803588,
        8.605591984635108,
        -146.47155622963285
    ],
    "LeftHandThumb2": [
        -25.61738399480166,
        -12.69829187114923,
        -162.96468829903992
    ],
    "RightShoulder": [
        -173.3703863784411,
        9.888337801000889,
        -173.5390274150483
    ],
    "LeftForeArm": [
        -130.26035554572158,
        18.016086442288717,
        -143.9789392036907
    ],
    "RightFoot": [
        -178.6417050609095,
        18.47927065428732,
        -177.31037973070028
    ],
    "RightHand": [
        -171.68695780873946,
        -11.876288329473104,
        162.32546248187467
    ],
    "LeftUpLeg": [
        176.72429244492932,
        6.367510406449087,
        175.04756551542502
    ],
    "LeftHandIndex1": [
        -65.61739818511933,
        -12.698307519849433,
        -162.96468648734447
    ],
    "LeftHandThumb1": [
        -28.196205010582858,
        3.546685577103344,
        -131.75396441895265
    ],
    "LeftHandIndex2": [
        -65.61739818275895,
        -12.698307905019465,
        -162.9646859801854
    ],
    "LeftLeg": [
        -170.39041881954532,
        6.367504870657941,
        175.04558409222506
    ]
}