{
    "LeftUpLeg": [
        -116.08723144877293,
        86.42700342931374,
        -109.86285029814681
    ],
    "RightShoulder": [
        78.36394583654813,
        84.48169735855093,
        64.02348227844276
    ],
    "RightUpLeg": [
        -83.90482539193155,
        81.14932959392162,
        -80.23159117417836
    ],
    "Neck": [
        -77.64709651041208,
        87.84954080333068,
        -79.3426233310094
    ],
    "LeftHand": [
        -71.47845698306541,
        3.949505879079168,
        -69.9288763922072
    ],
    "Hips": [
        -100.93889088695754,
        88.62738871671496,
        -98.22138713241563
    ],
    "LeftShoulder": [
        -76.0581753619408,
        82.8431845813336,
        -88.84994168655709
    ],
    "LeftFoot": [
        -172.3213308105561,
        64.52133640127957,
        -172.19451271246706
    ],
    "LeftHandThumb3": [
        -10.813342592103735,
        42.797972702753285,
        -31.50883392665523
    ],
    "Head": [
        -60.54663924055534,
        85.98672329681538,
        -60.15369623566051
    ],
    "LeftToeBase": [
        -172.59802894288867,
        64.52463564884498,
        -172.1942811712372
    ],
    "Spine": [
        -118.44516820919047,
        88.57271295537967,
        -118.9777284323474
    ],
    "RightFoot": [
        -8.802054141882143,
        58.85763113298505,
        -10.498693364379667
    ],
    "RightHand": [
        99.9928517298927,
        -5.0496845683425535,
        114.89955941310616
    ],
    "LeftHandIndex2": [
        -60.18513652021738,
        13.418955951189565,
        -61.04411756636676
    ],
    "LeftLeg": [
        -92.35101425049582,
        86.41172398336292,
        -109.71384547148996
    ],
    "LeftHandThumb1": [
        -6.512539769185207,
        43.49885388713798,
        -25.23129412568197
    ],
    "LeftHandIndex1": [
        -60.80891939033972,
        7.433177413666556,
        -64.48538039847521
    ],
    "LeftArm": [
        -57.94848619276942,
        8.495321151815448,
        -84.97467809220242
    ],
    "LeftHandIndex3": [
        -59.81033825879487,
        15.900014637588095,
        -59.563541167385715
    ],
    "RightToeBase": [
        -8.907998938707436,
        58.86395541636654,
        -10.499537043624626
    ],
    "Spine1": [
        -145.34717188551443,
        88.65898474641433,
        -149.12998494154562
    ],
    "LeftForeArm": [
        -75.67460942801561,
        9.130766943738745,
        -86.0835941546149
    ],
    "RightForeArm": [
        129.83593531584415,
        3.1325897074901445,
        105.19697306311994
    ],
    "RightArm": [
        130.3245797390542,
        9.277191100120218,
        98.01765094495914
    ],
    "RightLeg": [
        -71.71841449493719,
        81.13082335428813,
        -80.23091359554677
    ],
    "LeftHandThumb2": [
        -23.32605823420476,
        38.29170876808174,
        -50.64374359112275
    ]
}