{
  "offsets_map": {
    "RightForeArm": [
      -0.2670246683300517,
      -0.9629950642304815,
      0.034914329834108714,
      -0.010923476698913314
    ],
    "Hips": [
      0.011662473863055123,
      -0.9993070973708487,
      0.007850660752596633,
      0.03446271860127221
    ],
    "LeftHandThumb3": [
      0.13928057361108528,
      -0.20193450358769774,
      0.9620768002537615,
      0.11929630542829543
    ],
    "LeftFoot": [
      -0.016790871887531207,
      -0.9899447338079154,
      -0.009603144592654855,
      -0.14012590852931026
    ],
    "Spine": [
      0.011680038189533528,
      -0.9994156880569453,
      0.018187404824291827,
      0.026477867725914657
    ],
    "Neck": [
      -0.010852294203457367,
      -0.9991870932184228,
      0.03477681852552373,
      0.017261325252813944
    ],
    "RightUpLeg": [
      0.0459802639740016,
      -0.9985831114751368,
      0.016811500578070487,
      0.02085565270686263
    ],
    "Spine1": [
      0.013763905784351353,
      -0.9993264603371512,
      0.028592247289214345,
      0.01842997456677556
    ],
    "RightLeg": [
      0.04495939381435872,
      -0.9966214775006504,
      0.06475693235705322,
      0.023039600777141386
    ],
    "LeftShoulder": [
      -0.03915717229636397,
      -0.996726426623676,
      0.056563673921018014,
      -0.042469955501592785
    ],
    "LeftHand": [
      0.1766479353301565,
      -0.5896061085487789,
      0.7865964227970329,
      0.04925658685363867
    ],
    "RightArm": [
      -0.2668679657412113,
      -0.9607064328158976,
      0.07106857758149396,
      -0.027818987901145464
    ],
    "Head": [
      -0.03546170783232713,
      -0.9984026553656218,
      0.0409389142261331,
      0.016081366188089766
    ],
    "LeftToeBase": [
      -0.01622152933392639,
      -0.9899759851316516,
      -0.005581946386613647,
      -0.14019005928817305
    ],
    "RightToeBase": [
      0.021453081280126768,
      -0.9867379883140953,
      0.006743896261074307,
      0.16075580109178106
    ],
    "LeftHandIndex3": [
      0.1716827868448167,
      -0.5188060843523862,
      0.8349907359955304,
      0.06446501641809038
    ],
    "LeftArm": [
      0.2765515278418988,
      -0.9501682883045858,
      0.09640327385453965,
      0.1067983386517405
    ],
    "LeftHandThumb2": [
      0.13928056540364223,
      -0.20193450386166717,
      0.9620768013673886,
      0.11929630556592437
    ],
    "RightShoulder": [
      0.05107367045182653,
      -0.9933125955509613,
      0.05266670058370082,
      0.08915035813734817
    ],
    "LeftForeArm": [
      0.21443776258964475,
      -0.8725274789421824,
      0.35109595824168366,
      0.2635220532947871
    ],
    "RightFoot": [
      0.021260425136250295,
      -0.9867289086625699,
      0.007928024904401339,
      0.16078308851901948
    ],
    "RightHand": [
      -0.14499283045409755,
      -0.9813934513267109,
      0.05538480480226402,
      -0.11303316419074284
    ],
    "LeftUpLeg": [
      -0.04153446344987038,
      -0.9971852779235099,
      -0.026112745619148208,
      0.05669686371196902
    ],
    "LeftHandIndex1": [
      0.1716827868448167,
      -0.5188060843523862,
      0.8349907359955304,
      0.06446501641809038
    ],
    "LeftHandThumb1": [
      0.072111397590438,
      -0.23447083259862178,
      0.8816758749131706,
      0.40307694872587074
    ],
    "LeftHandIndex2": [
      0.17168279188656407,
      -0.5188060829603025,
      0.8349907356800346,
      0.0644650182807469
    ],
    "LeftLeg": [
      -0.047651213069042936,
      -0.993816985402616,
      0.08594576802708061,
      0.05167674889677785
    ]
  },
  "metadata": {
    "fs": 120.0,
    "window_duration_sec": 1.0,
    "quat_order": "xyzw",
    "hemisphere_alignment_applied": true,
    "v_pose_correction_applied": true,
    "v_pose_correction_quat_xyzw": [
      -0.5199603894875251,
      0.0,
      -0.46185604307552686,
      0.7185611935239743
    ],
    "shoulder_joints": [
      "LeftShoulder",
      "RightShoulder"
    ],
    "time_window": [
      1.3,
      2.3
    ]
  }
}