{
  "offsets_map": {
    "RightToeBase": [
      -0.017253226141315355,
      -0.9858164567280893,
      -0.007727108845755865,
      0.16675890267292395
    ],
    "LeftHandThumb3": [
      0.008955652526442533,
      -0.86972256690971,
      0.48610813338987835,
      0.08486068316964569
    ],
    "Head": [
      -0.026788464127965685,
      -0.9955686862105365,
      -0.04405646541132723,
      -0.07864093769883257
    ],
    "LeftToeBase": [
      -0.020940077128706033,
      -0.9900267667296389,
      -0.003978850403728344,
      -0.13925761407609263
    ],
    "RightFoot": [
      -0.016885309147540075,
      -0.9857970056900506,
      -0.009902150464342658,
      0.16679657467617295
    ],
    "LeftLeg": [
      -0.046796029385948054,
      -0.9949875410627778,
      0.08555928231475055,
      0.022125414647898127
    ],
    "LeftHandIndex2": [
      0.037439757419165845,
      -0.9835306681569603,
      0.15932951052193614,
      0.07667983069854555
    ],
    "RightHand": [
      -0.17992659623842472,
      -0.9821385077461593,
      0.01601238256441941,
      -0.05266854063682678
    ],
    "LeftHandIndex1": [
      0.037439748805805306,
      -0.9835306687302837,
      0.15932950931414974,
      0.07667983006000664
    ],
    "RightUpLeg": [
      0.05045125440396585,
      -0.9985947616168923,
      0.01572073563826829,
      0.004003931987454165
    ],
    "Hips": [
      0.0021380923924170328,
      -0.9996475950579639,
      0.020977582040009005,
      0.01612623041834516
    ],
    "Spine1": [
      0.0007136347577225685,
      -0.9991736768747699,
      0.03963491206915833,
      0.008973734521134187
    ],
    "LeftFoot": [
      -0.021526251822170425,
      -0.9900012428008663,
      -0.008147400696254543,
      -0.1391681702011036
    ],
    "LeftHandIndex3": [
      0.037439748805805306,
      -0.9835306687302837,
      0.15932950931414974,
      0.07667983006000664
    ],
    "LeftUpLeg": [
      -0.0435597059524801,
      -0.9977256570498814,
      -0.04317593890117432,
      0.02796253889971739
    ],
    "LeftHandThumb2": [
      0.008955652470935015,
      -0.8697225695457396,
      0.4861081302218678,
      0.08486067430662902
    ],
    "RightShoulder": [
      0.05046361604534879,
      -0.9924424964135959,
      0.08382053142325216,
      0.07406371095145699
    ],
    "LeftForeArm": [
      0.24896466772440015,
      -0.949738699167402,
      0.1743711397251865,
      0.07488459894818109
    ],
    "RightLeg": [
      0.050239320858073595,
      -0.9970591092722997,
      0.05754787774966727,
      0.00611432934648955
    ],
    "LeftShoulder": [
      -0.042607717504748524,
      -0.9935990280024799,
      0.09641123811243155,
      -0.0406254492552484
    ],
    "Spine": [
      0.001727051202430962,
      -0.9994603243609029,
      0.030312679274583827,
      0.01253869202664888
    ],
    "LeftHandThumb1": [
      -0.2529894326424871,
      -0.8321621721725733,
      0.43809149420791554,
      0.22710858389531008
    ],
    "LeftArm": [
      0.25352305469583725,
      -0.947161476288029,
      0.16868472821664443,
      0.1007802611628378
    ],
    "LeftHand": [
      0.04398029636966042,
      -0.9936745211557954,
      0.07300284141169619,
      0.07312499355799416
    ],
    "RightForeArm": [
      -0.2125163361410126,
      -0.9749810014633351,
      0.058123415704016135,
      0.029504613294371086
    ],
    "RightArm": [
      -0.21847793444282904,
      -0.9658325506245261,
      0.13823713060240372,
      -0.018038071918338935
    ],
    "Neck": [
      -0.013062921744771654,
      -0.9993029780845734,
      -0.0022151458402086925,
      -0.03490001713035753
    ]
  },
  "metadata": {
    "fs": 120.0,
    "window_duration_sec": 1.0,
    "quat_order": "xyzw",
    "hemisphere_alignment_applied": true,
    "v_pose_correction_applied": true,
    "v_pose_correction_quat_xyzw": [
      -0.3178680841291431,
      -4.7282325467853854e-18,
      -0.6004480155266011,
      0.7337724863622475
    ],
    "shoulder_joints": [
      "LeftShoulder",
      "RightShoulder"
    ],
    "time_window": [
      0.2,
      1.2
    ]
  }
}