{
  "offsets_map": {
    "LeftHandThumb3": [
      -0.001549357559396071,
      0.8736656483791767,
      -0.45967738819290194,
      -0.1593820351153111
    ],
    "LeftArm": [
      -0.25463903064052706,
      0.9546256739323555,
      -0.13922431986865336,
      -0.06682346519569125
    ],
    "LeftToeBase": [
      0.026792182884411722,
      0.991279742131019,
      0.0055791867100461676,
      0.12890121974831445
    ],
    "RightHand": [
      0.06742822708687113,
      0.9442235969653409,
      0.09591402560395194,
      0.3077267177516432
    ],
    "LeftHandThumb1": [
      0.26123863473313413,
      0.8336956511072443,
      -0.3904750193338089,
      -0.2902330035056276
    ],
    "LeftFoot": [
      0.026367114245065604,
      0.9912927223634945,
      0.0023114185922081107,
      0.12898903526909186
    ],
    "LeftUpLeg": [
      0.03545590324544098,
      0.9989731699227722,
      0.02003359972551721,
      -0.019852948938029125
    ],
    "LeftHandIndex3": [
      -0.055967884713334214,
      0.978196114054647,
      -0.13314407559217398,
      -0.14924012015476418
    ],
    "LeftHandThumb2": [
      -0.0015493575932681606,
      0.873665653709973,
      -0.4596773782802694,
      -0.15938203448303737
    ],
    "Spine1": [
      0.004993256481412014,
      0.9992793268511014,
      -0.035663239611969766,
      0.01200115236549519
    ],
    "LeftHandIndex2": [
      -0.05596788515933695,
      0.9781961136870176,
      -0.13314407666479364,
      -0.14924012144020168
    ],
    "Head": [
      0.044245275959904184,
      0.9962704032133168,
      0.019528183587587268,
      0.07145830450113363
    ],
    "LeftHandIndex1": [
      -0.055967884713334214,
      0.978196114054647,
      -0.13314407559217398,
      -0.14924012015476418
    ],
    "RightToeBase": [
      -0.006864372439649703,
      0.9817801289691962,
      0.008602632305957576,
      -0.18970148515403548
    ],
    "Hips": [
      0.0050079481117834826,
      0.9999288192485152,
      -0.003436374176138415,
      0.010269772368540148
    ],
    "LeftHand": [
      -0.06876205551334533,
      0.9860780458514313,
      -0.047382049490832606,
      -0.1437943274174973
    ],
    "LeftForeArm": [
      -0.25521538124485355,
      0.9591522039403708,
      -0.11093117894186592,
      -0.050856979766214
    ],
    "Spine": [
      0.004906532212611358,
      0.999734756452041,
      -0.01955100355871281,
      0.011140060290326246
    ],
    "RightUpLeg": [
      -0.040637827745645394,
      0.9986638762489156,
      -0.031576304775829116,
      0.004686812169248816
    ],
    "RightArm": [
      0.23034198861420274,
      0.9629642024846897,
      -0.1381476279387801,
      0.02361664474832154
    ],
    "LeftShoulder": [
      0.05008635915156028,
      0.9927879489694768,
      -0.08710429313336562,
      0.06539332630825116
    ],
    "Neck": [
      0.02464327914596881,
      0.9987905726093333,
      -0.008075749748285616,
      0.04177179820952307
    ],
    "RightFoot": [
      -0.0032354112158057093,
      0.9817650775055804,
      -0.010173550696107708,
      -0.18979821803947505
    ],
    "LeftLeg": [
      0.03710831795477104,
      0.9967147287507242,
      -0.0700560464821811,
      -0.016579281686021907
    ],
    "RightShoulder": [
      -0.0561696531362916,
      0.9941579548093057,
      -0.07468691996723495,
      -0.054007360070040866
    ],
    "RightForeArm": [
      0.17159488244959645,
      0.9493673670100611,
      0.21686105881522166,
      -0.14909084459829955
    ],
    "RightLeg": [
      -0.04079917664615086,
      0.9964194084533832,
      -0.07399361571296538,
      0.002955414713386938
    ]
  },
  "metadata": {
    "fs": 120.0,
    "window_duration_sec": 1.0,
    "quat_order": "xyzw",
    "hemisphere_alignment_applied": true,
    "v_pose_correction_applied": true,
    "v_pose_correction_quat_xyzw": [
      -0.6892867918751368,
      2.9966033890561928e-19,
      -0.035450689026669265,
      0.7236207343588327
    ],
    "shoulder_joints": [
      "LeftShoulder",
      "RightShoulder"
    ],
    "time_window": [
      1.2,
      2.2
    ]
  }
}