{
    "RightUpLeg__qx": 0.07902193388935598,
    "RightUpLeg__qy": -0.6893648405469841,
    "RightUpLeg__qz": 0.000625052362990027,
    "RightUpLeg__qw": -0.7200911469331928,
    "RightFoot__qx": -0.0036103782916469245,
    "RightFoot__qy": -0.5905448192625918,
    "RightFoot__qz": 0.01456427002617722,
    "RightFoot__qw": -0.806865331792926,
    "LeftForeArm__qx": 0.3690272509971766,
    "LeftForeArm__qy": 0.02346101367041631,
    "LeftForeArm__qz": 0.2728416046496421,
    "LeftForeArm__qw": -0.8881587288493155,
    "Hips__qx": -0.02038631806287876,
    "Hips__qy": -0.6926212225525747,
    "Hips__qz": 0.02067892551419407,
    "Hips__qw": -0.7207167419626065,
    "RightForeArm__qx": -0.238265324865941,
    "RightForeArm__qy": -0.9051552270023114,
    "RightForeArm__qz": -0.2616752651117104,
    "RightForeArm__qw": 0.23547761172909357,
    "LeftHandThumb3__qx": 0.2685933219457818,
    "LeftHandThumb3__qy": -0.18004989343265962,
    "LeftHandThumb3__qz": 0.32538496501171965,
    "LeftHandThumb3__qw": -0.8885743006779679,
    "LeftUpLeg__qx": 0.04524053174799783,
    "LeftUpLeg__qy": -0.6912518988532395,
    "LeftUpLeg__qz": -0.10228804140612191,
    "LeftUpLeg__qw": -0.7139056402664492,
    "Spine__qx": -0.05669434257899484,
    "Spine__qy": -0.6906024617085488,
    "Spine__qz": 0.05484667446068962,
    "Spine__qw": -0.7189199077103313,
    "LeftHandIndex2__qx": 0.436058499049952,
    "LeftHandIndex2__qy": -0.13457811456314886,
    "LeftHandIndex2__qz": -0.006038825163868375,
    "LeftHandIndex2__qw": -0.8897782021816286,
    "Spine1__qx": -0.0945711628235395,
    "Spine1__qy": -0.6866162240161541,
    "Spine1__qz": 0.08724067808780683,
    "Spine1__qw": -0.7155442125870224,
    "LeftToeBase__qx": -0.011925694542700784,
    "LeftToeBase__qy": -0.8074161814024825,
    "LeftToeBase__qz": 0.014131851381171873,
    "LeftToeBase__qw": -0.5896924440720335,
    "LeftShoulder__qx": -0.1340386341403262,
    "LeftShoulder__qy": -0.6559261494815262,
    "LeftShoulder__qz": 0.1598564167373848,
    "LeftShoulder__qw": -0.7254243289358429,
    "LeftHandThumb1__qx": 0.16177493894117823,
    "LeftHandThumb1__qy": -0.28364793583389275,
    "LeftHandThumb1__qz": -0.10416192633391888,
    "LeftHandThumb1__qw": -0.9394269586988429,
    "RightLeg__qx": -0.010130835264982579,
    "RightLeg__qy": -0.6828464195356769,
    "RightLeg__qz": 0.08512445830711621,
    "RightLeg__qw": -0.7255149620111636,
    "LeftFoot__qx": -0.017527263844742468,
    "LeftFoot__qy": -0.8073191163275752,
    "LeftFoot__qz": 0.021806628835715304,
    "LeftFoot__qw": -0.5894515335233264,
    "LeftHandIndex1__qx": 0.4427306027306474,
    "LeftHandIndex1__qy": -0.11078789817829032,
    "LeftHandIndex1__qz": 0.0436996047637955,
    "LeftHandIndex1__qw": -0.8887103012604741,
    "LeftHandIndex3__qx": 0.43289785818139587,
    "LeftHandIndex3__qy": -0.14437818426543275,
    "LeftHandIndex3__qz": -0.026771004758473268,
    "LeftHandIndex3__qw": -0.8894030006664013,
    "RightShoulder__qx": -0.14461461683837373,
    "RightShoulder__qy": -0.6808408710761582,
    "RightShoulder__qz": 0.11599181689102382,
    "RightShoulder__qw": -0.7085818366873848,
    "LeftArm__qx": 0.22943706425785573,
    "LeftArm__qy": -0.47273166614891043,
    "LeftArm__qz": 0.6185716485244851,
    "LeftArm__qw": -0.5841682300557883,
    "RightToeBase__qx": 0.0016543424118185075,
    "RightToeBase__qy": -0.5910620576546053,
    "RightToeBase__qz": 0.010793639758829375,
    "RightToeBase__qw": -0.8065521709679078,
    "LeftHand__qx": 0.5252590108113888,
    "LeftHand__qy": -0.08204972109532077,
    "LeftHand__qz": 0.06554532569428707,
    "LeftHand__qw": -0.8444374607448745,
    "RightHand__qx": -0.2777535400735003,
    "RightHand__qy": -0.8673133836563492,
    "RightHand__qz": -0.4048668603322017,
    "RightHand__qw": 0.08187362769511582,
    "LeftLeg__qx": -0.11772907180108481,
    "LeftLeg__qy": -0.6965397381189744,
    "LeftLeg__qz": 0.05892884509065668,
    "LeftLeg__qw": -0.7053365509388316,
    "Neck__qx": -0.035769739660574715,
    "Neck__qy": -0.6437388841062315,
    "Neck__qz": 0.023963323588508917,
    "Neck__qw": -0.7640330712324376,
    "LeftHandThumb2__qx": 0.2549381486034759,
    "LeftHandThumb2__qy": -0.20148696569283467,
    "LeftHandThumb2__qz": 0.25500875247164273,
    "LeftHandThumb2__qw": -0.910703068626313,
    "Head__qx": 0.023420178592097437,
    "Head__qy": -0.5932855691895194,
    "Head__qz": -0.03965263006853885,
    "Head__qw": -0.8036736884798644,
    "RightArm__qx": -0.5359823849326988,
    "RightArm__qy": -0.7446516227402821,
    "RightArm__qz": -0.1933519134220914,
    "RightArm__qw": -0.3476088050785497
}