{
    "run_id": "621_T3_P1_R1_Take 2025-12-02 06.34.05 PM",
    "subject_context": {
        "height_cm": 152.9203897785173,
        "scaling_factor": 1.0
    },
    "static_offset_audit": {
        "Left": {
            "bone_detected": "LeftArm",
            "measured_angle_deg": -5.17,
            "correction_value_deg": 5.17,
            "is_significant": true
        },
        "Right": {
            "bone_detected": "RightArm",
            "measured_angle_deg": -3.73,
            "correction_value_deg": 3.73,
            "is_significant": false
        }
    },
    "rotation_alignment_audit": {
        "LeftForeArm": [
            -54.84764980007296,
            6.761546361512041,
            -86.75279994438527
        ],
        "RightForeArm": [
            126.8946656627482,
            3.98381113503167,
            102.22966954570234
        ],
        "Neck": [
            32.22109324756986,
            88.882205879329,
            37.37413990963016
        ],
        "LeftHandIndex3": [
            -37.85231732296424,
            4.361392937065151,
            -58.35718062180346
        ],
        "Head": [
            34.12080256196004,
            88.2179541511091,
            48.80109017862102
        ],
        "LeftHandThumb2": [
            -0.8557683153215907,
            22.23979472067027,
            -40.95372586555164
        ],
        "LeftShoulder": [
            -48.01077227602139,
            84.30148280629723,
            -65.22022273760284
        ],
        "LeftHandThumb1": [
            6.799649151544634,
            21.243638813868063,
            -20.479851290371364
        ],
        "LeftHandThumb3": [
            5.605217805697465,
            21.570855972473744,
            -23.745949128780364
        ],
        "LeftFoot": [
            164.33438130117614,
            73.57794379615518,
            163.5512300285762
        ],
        "LeftToeBase": [
            164.1955237879397,
            73.57807747680752,
            163.5512183353901
        ],
        "RightToeBase": [
            6.314388164937412,
            70.62320425083564,
            4.504048811552271
        ],
        "Hips": [
            -173.04578017887889,
            89.00733126979044,
            -171.7975960959673
        ],
        "LeftArm": [
            -45.09098826766791,
            6.713636491590415,
            -86.70450582686901
        ],
        "LeftUpLeg": [
            89.18554213142781,
            84.43568534944849,
            94.08158193612314
        ],
        "RightArm": [
            129.01015265485665,
            9.564233151187983,
            95.39975098380604
        ],
        "RightUpLeg": [
            -92.17247643959585,
            86.20468540285917,
            -93.29860059173734
        ],
        "LeftHandIndex1": [
            -38.03543365474989,
            -1.636794470053382,
            -66.03717143788629
        ],
        "Spine": [
            -154.11744538335034,
            89.72528297195477,
            -155.6791213749192
        ],
        "RightFoot": [
            3.6987440532423492,
            70.62296199919531,
            4.50392787758091
        ],
        "LeftHandIndex2": [
            -37.98982569526967,
            2.600534784551396,
            -60.621186365715715
        ],
        "RightLeg": [
            -84.20872301540666,
            86.20310912402421,
            -93.30105008473849
        ],
        "RightHand": [
            86.06298776902774,
            6.39462118150381,
            114.26853668836705
        ],
        "RightShoulder": [
            58.18046439313356,
            84.39023902692492,
            41.709535297707596
        ],
        "Spine1": [
            12.678430142516993,
            89.49761145774931,
            8.305331729067689
        ],
        "LeftHand": [
            -47.99262196056161,
            -2.2233406816521817,
            -72.85078469056543
        ],
        "LeftLeg": [
            105.94485353149429,
            84.4331374953074,
            94.07728974111876
        ]
    },
    "window_metadata": {
        "start_time_sec": 3.9,
        "end_time_sec": 4.9,
        "duration_sec": 1.0,
        "variance_score": 8.348772186985197,
        "searched_duration_sec": 5.0,
        "joints_used": [
            "Hips",
            "LeftHand",
            "RightHand"
        ],
        "time_window": [
            3.9,
            4.9
        ],
        "mean_motion": 0.05130571474467038,
        "max_motion": 0.2314274504046807,
        "ref_quality_score": 0.958256139065074,
        "confidence_level": "HIGH",
        "ref_is_fallback": false,
        "detection_method": "auto_stable_window",
        "variance_threshold": 100.0,
        "all_window_scores_min": 8.348772186985197,
        "all_window_scores_max": 111.16318862675217
    },
    "metadata": {
        "grade": "HIGH",
        "status": "LOCKED"
    }
}