{
    "RightToeBase__qx": 0.017253226141315355,
    "RightToeBase__qy": 0.9858164567280893,
    "RightToeBase__qz": 0.007727108845755865,
    "RightToeBase__qw": 0.16675890267292395,
    "LeftHandThumb3__qx": -0.008955652526442533,
    "LeftHandThumb3__qy": 0.86972256690971,
    "LeftHandThumb3__qz": -0.48610813338987835,
    "LeftHandThumb3__qw": 0.08486068316964569,
    "Head__qx": 0.026788464127965685,
    "Head__qy": 0.9955686862105365,
    "Head__qz": 0.04405646541132723,
    "Head__qw": -0.07864093769883257,
    "LeftToeBase__qx": 0.020940077128706033,
    "LeftToeBase__qy": 0.9900267667296389,
    "LeftToeBase__qz": 0.003978850403728344,
    "LeftToeBase__qw": -0.13925761407609263,
    "RightFoot__qx": 0.016885309147540075,
    "RightFoot__qy": 0.9857970056900506,
    "RightFoot__qz": 0.009902150464342658,
    "RightFoot__qw": 0.16679657467617295,
    "LeftLeg__qx": 0.046796029385948054,
    "LeftLeg__qy": 0.9949875410627778,
    "LeftLeg__qz": -0.08555928231475055,
    "LeftLeg__qw": 0.022125414647898127,
    "LeftHandIndex2__qx": -0.037439757419165845,
    "LeftHandIndex2__qy": 0.9835306681569603,
    "LeftHandIndex2__qz": -0.15932951052193614,
    "LeftHandIndex2__qw": 0.07667983069854555,
    "RightHand__qx": 0.17992659623842472,
    "RightHand__qy": 0.9821385077461593,
    "RightHand__qz": -0.01601238256441941,
    "RightHand__qw": -0.05266854063682678,
    "LeftHandIndex1__qx": -0.037439748805805306,
    "LeftHandIndex1__qy": 0.9835306687302837,
    "LeftHandIndex1__qz": -0.15932950931414974,
    "LeftHandIndex1__qw": 0.07667983006000664,
    "RightUpLeg__qx": -0.05045125440396585,
    "RightUpLeg__qy": 0.9985947616168923,
    "RightUpLeg__qz": -0.01572073563826829,
    "RightUpLeg__qw": 0.004003931987454165,
    "Hips__qx": -0.0021380923924170328,
    "Hips__qy": 0.9996475950579639,
    "Hips__qz": -0.020977582040009005,
    "Hips__qw": 0.01612623041834516,
    "Spine1__qx": -0.0007136347577225685,
    "Spine1__qy": 0.9991736768747699,
    "Spine1__qz": -0.03963491206915833,
    "Spine1__qw": 0.008973734521134187,
    "LeftFoot__qx": 0.021526251822170425,
    "LeftFoot__qy": 0.9900012428008663,
    "LeftFoot__qz": 0.008147400696254543,
    "LeftFoot__qw": -0.1391681702011036,
    "LeftHandIndex3__qx": -0.037439748805805306,
    "LeftHandIndex3__qy": 0.9835306687302837,
    "LeftHandIndex3__qz": -0.15932950931414974,
    "LeftHandIndex3__qw": 0.07667983006000664,
    "LeftUpLeg__qx": 0.0435597059524801,
    "LeftUpLeg__qy": 0.9977256570498814,
    "LeftUpLeg__qz": 0.04317593890117432,
    "LeftUpLeg__qw": 0.02796253889971739,
    "LeftHandThumb2__qx": -0.008955652470935015,
    "LeftHandThumb2__qy": 0.8697225695457396,
    "LeftHandThumb2__qz": -0.4861081302218678,
    "LeftHandThumb2__qw": 0.08486067430662902,
    "RightShoulder__qx": -0.05046361604534879,
    "RightShoulder__qy": 0.9924424964135959,
    "RightShoulder__qz": -0.08382053142325216,
    "RightShoulder__qw": 0.07406371095145699,
    "LeftForeArm__qx": -0.24896466772440015,
    "LeftForeArm__qy": 0.949738699167402,
    "LeftForeArm__qz": -0.1743711397251865,
    "LeftForeArm__qw": 0.07488459894818109,
    "RightLeg__qx": -0.050239320858073595,
    "RightLeg__qy": 0.9970591092722997,
    "RightLeg__qz": -0.05754787774966727,
    "RightLeg__qw": 0.00611432934648955,
    "LeftShoulder__qx": 0.042607717504748524,
    "LeftShoulder__qy": 0.9935990280024799,
    "LeftShoulder__qz": -0.09641123811243155,
    "LeftShoulder__qw": -0.0406254492552484,
    "Spine__qx": -0.001727051202430962,
    "Spine__qy": 0.9994603243609029,
    "Spine__qz": -0.030312679274583827,
    "Spine__qw": 0.01253869202664888,
    "LeftHandThumb1__qx": 0.2529894326424871,
    "LeftHandThumb1__qy": 0.8321621721725733,
    "LeftHandThumb1__qz": -0.43809149420791554,
    "LeftHandThumb1__qw": 0.22710858389531008,
    "LeftArm__qx": -0.25352305469583725,
    "LeftArm__qy": 0.947161476288029,
    "LeftArm__qz": -0.16868472821664443,
    "LeftArm__qw": 0.1007802611628378,
    "LeftHand__qx": -0.04398029636966042,
    "LeftHand__qy": 0.9936745211557954,
    "LeftHand__qz": -0.07300284141169619,
    "LeftHand__qw": 0.07312499355799416,
    "RightForeArm__qx": 0.2125163361410126,
    "RightForeArm__qy": 0.9749810014633351,
    "RightForeArm__qz": -0.058123415704016135,
    "RightForeArm__qw": 0.029504613294371086,
    "RightArm__qx": 0.21847793444282904,
    "RightArm__qy": 0.9658325506245261,
    "RightArm__qz": -0.13823713060240372,
    "RightArm__qw": -0.018038071918338935,
    "Neck__qx": 0.013062921744771654,
    "Neck__qy": 0.9993029780845734,
    "Neck__qz": 0.0022151458402086925,
    "Neck__qw": -0.03490001713035753
}