{
    "run_id": "621_T3_P2_R2_Take 2025-12-02 06.48.01 PM",
    "subject_context": {
        "height_cm": 152.06263622772377,
        "scaling_factor": 1.0
    },
    "static_offset_audit": {
        "Left": {
            "bone_detected": "LeftArm",
            "measured_angle_deg": -3.31,
            "correction_value_deg": 3.31,
            "is_significant": false
        },
        "Right": {
            "bone_detected": "RightArm",
            "measured_angle_deg": -2.04,
            "correction_value_deg": 2.04,
            "is_significant": false
        }
    },
    "rotation_alignment_audit": {
        "RightUpLeg": [
            -72.08795567030309,
            83.0785287569586,
            -65.72069513962202
        ],
        "RightFoot": [
            -2.1536848349832147,
            72.38007294784336,
            -3.6439730407329183
        ],
        "LeftForeArm": [
            -41.496535357334174,
            -14.066398554504731,
            -28.8019981861268
        ],
        "Hips": [
            1.0675904656734554,
            87.72318982961487,
            -2.260988292184277
        ],
        "RightForeArm": [
            154.3300345761152,
            -33.43453652045186,
            158.3341846168685
        ],
        "LeftHandThumb3": [
            -36.932060232275724,
            8.347874077717545,
            -43.01626317514686
        ],
        "LeftUpLeg": [
            62.348251018572526,
            85.02483979513099,
            74.33539086227239
        ],
        "Spine": [
            8.257776462451892,
            87.70044728181969,
            -0.7914438852845798
        ],
        "LeftHandIndex2": [
            -53.00201426052461,
            14.16740909817794,
            -6.313360203062481
        ],
        "Spine1": [
            21.607753922629424,
            87.58174239179868,
            6.83162457858052
        ],
        "LeftToeBase": [
            -178.35094899018037,
            72.28681794498459,
            179.51204563017532
        ],
        "LeftShoulder": [
            -8.368349345996437,
            83.98989525719934,
            -32.390567543024495
        ],
        "LeftHandThumb1": [
            -17.287845975850963,
            34.5158789833924,
            7.246265742075412
        ],
        "RightLeg": [
            -56.49241815910477,
            83.00432679017126,
            -64.2310950241769
        ],
        "LeftFoot": [
            -177.2616814435807,
            72.27249195830302,
            179.51220467361276
        ],
        "LeftHandIndex1": [
            -53.78092734233429,
            9.103732303101891,
            -10.254061947690236
        ],
        "LeftHandIndex3": [
            -52.567854261504955,
            16.260145137152943,
            -4.623387862846268
        ],
        "RightShoulder": [
            56.51957057077504,
            86.76977110940526,
            35.27311532513187
        ],
        "LeftArm": [
            -62.30073002464597,
            15.572833705625335,
            -102.72662025462456
        ],
        "RightToeBase": [
            -2.93140470884007,
            72.4414299250842,
            -3.6807326582519924
        ],
        "LeftHand": [
            -64.16366498672903,
            3.9976277172584624,
            -11.383368697376449
        ],
        "RightHand": [
            135.08481995794477,
            -21.52619675456845,
            153.4705801998087
        ],
        "LeftLeg": [
            88.67365368235355,
            85.18106382931343,
            74.30907595903706
        ],
        "Neck": [
            8.0350654613785,
            80.19394896588715,
            3.175754667748662
        ],
        "LeftHandThumb2": [
            -35.713590769037346,
            13.70758008316677,
            -35.72086525187393
        ],
        "Head": [
            1.826750502692023,
            72.8378201501274,
            6.997056081550425
        ],
        "RightArm": [
            135.97954800568493,
            18.08505470639751,
            101.14737598467208
        ]
    },
    "window_metadata": {
        "start_time_sec": 0.0,
        "end_time_sec": 1.0,
        "duration_sec": 1.0,
        "variance_score": 34696.64441344245,
        "searched_duration_sec": 5.0,
        "joints_used": [
            "Hips",
            "LeftHand",
            "RightHand"
        ],
        "time_window": [
            0.0,
            1.0
        ],
        "mean_motion": 2.3409912642928092,
        "max_motion": 12.147021874321354,
        "ref_quality_score": 0.0,
        "confidence_level": "LOW",
        "ref_is_fallback": true,
        "detection_method": "first_N_frames_fallback",
        "variance_threshold": 100.0,
        "all_window_scores_min": 32801.78057191091,
        "all_window_scores_max": 55941.41341574912
    },
    "metadata": {
        "grade": "LOW",
        "status": "LOCKED"
    }
}