{
  "offsets_map": {
    "LeftUpLeg": [
      -0.058666617842466594,
      0.7143252254858589,
      0.01807550714383509,
      -0.6971161856010777
    ],
    "RightShoulder": [
      0.12037845419294493,
      0.6897906865089546,
      -0.055935878315790624,
      -0.7117366184823312
    ],
    "RightUpLeg": [
      -0.07663318748721179,
      0.6971075355645198,
      -0.03144343825992489,
      -0.7121655345670037
    ],
    "Neck": [
      -0.002542066585314838,
      0.7042583054254196,
      -0.023462694191321843,
      -0.709551463333053
    ],
    "LeftHand": [
      -0.46235922965398785,
      0.3574500569747308,
      -0.44837906675644945,
      -0.6763206429033112
    ],
    "Hips": [
      -0.025117655435910796,
      0.7082668352819844,
      0.00841443725236472,
      -0.7054476526793263
    ],
    "LeftShoulder": [
      0.034864926387943626,
      0.6955399653759285,
      -0.12236781529578138,
      -0.7071313253226398
    ],
    "LeftFoot": [
      -0.021768994511407166,
      0.8442066694326766,
      -0.020242416947370875,
      -0.5351929135549897
    ],
    "LeftHandThumb3": [
      0.014191137675828639,
      0.37341140514841886,
      -0.218585124501309,
      -0.9014339007732605
    ],
    "Head": [
      -0.023940885889727176,
      0.6944205160642034,
      -0.019094425367567683,
      -0.7189175083219373
    ],
    "LeftToeBase": [
      -0.023060325704775984,
      0.8442378462024733,
      -0.018200174344024708,
      -0.535162997666735
    ],
    "Spine": [
      -0.004438273531196914,
      0.7112752120323523,
      -0.011010247638462355,
      -0.7028133812921709
    ],
    "RightFoot": [
      -0.021734539015123244,
      0.4939532189775962,
      -0.041904103679705165,
      -0.868206123780679
    ],
    "RightHand": [
      0.43561010571117004,
      0.6298172300750454,
      0.5594887093814044,
      -0.3170906441029614
    ],
    "LeftHandIndex2": [
      -0.3776241310801185,
      0.33998156546147895,
      -0.38594453728505945,
      -0.7699736131272091
    ],
    "LeftLeg": [
      0.08494919466356306,
      0.7028992274545633,
      -0.12840781738116486,
      -0.6944261968022201
    ],
    "LeftHandThumb1": [
      0.02931591218922889,
      0.37254120789645484,
      -0.18199460718742874,
      -0.9095227257557985
    ],
    "LeftHandIndex1": [
      -0.3973312447613888,
      0.3167259290232495,
      -0.4314207670080902,
      -0.7454452961920653
    ],
    "LeftArm": [
      -0.31247448189508037,
      0.3740725552320792,
      -0.562807495134738,
      -0.6675905519153982
    ],
    "LeftHandIndex3": [
      -0.36900753107351497,
      0.3493149334210424,
      -0.3665766434748569,
      -0.7793805769704485
    ],
    "RightToeBase": [
      -0.022527104349494276,
      0.4940394447589536,
      -0.04144760597731293,
      -0.8681587715105119
    ],
    "Spine1": [
      0.018858827361875934,
      0.7136316571263187,
      -0.027814485582844602,
      -0.6997146253791192
    ],
    "LeftForeArm": [
      -0.40399496709099203,
      0.46329415975023364,
      -0.5016380875559324,
      -0.6086918902200852
    ],
    "RightForeArm": [
      0.5407100401466359,
      0.7262573694933796,
      0.3215952134770437,
      -0.27705487617047053
    ],
    "RightArm": [
      0.5676785566653675,
      0.7050300374934483,
      0.26787970941303507,
      -0.33002145963421864
    ],
    "RightLeg": [
      -0.0007218124174829885,
      0.6897952608478076,
      -0.10536665472901238,
      -0.7162959201126
    ],
    "LeftHandThumb2": [
      -0.03524539594156781,
      0.37202110726734755,
      -0.33577175610031856,
      -0.8646475499403251
    ]
  },
  "metadata": {
    "fs": 120.0,
    "window_duration_sec": 1.0,
    "quat_order": "xyzw",
    "hemisphere_alignment_applied": true,
    "v_pose_correction_applied": true,
    "v_pose_correction_quat_xyzw": [
      0.3013759602399713,
      0.0,
      -0.40217192381801115,
      0.8645404989252702
    ],
    "shoulder_joints": [
      "LeftShoulder",
      "RightShoulder"
    ],
    "time_window": [
      0.0,
      1.0
    ]
  }
}