{
    "LeftLeg__qx": -0.050501176984117366,
    "LeftLeg__qy": -0.9979706974588785,
    "LeftLeg__qz": 0.034998330943816706,
    "LeftLeg__qw": -0.01671032518551226,
    "RightLeg__qx": -0.008807290322232651,
    "RightLeg__qy": -0.9953724805997558,
    "RightLeg__qz": 0.08917739776729801,
    "RightLeg__qw": 0.03469075135135779,
    "RightFoot__qx": -0.04187705951610231,
    "RightFoot__qy": -0.9715280291409983,
    "RightFoot__qz": -0.016884445503485435,
    "RightFoot__qw": -0.2325822778711489,
    "LeftFoot__qx": -0.07118981514037077,
    "LeftFoot__qy": -0.9965466370332109,
    "LeftFoot__qz": 0.007495999837989708,
    "LeftFoot__qw": 0.042078740766646354,
    "Spine1__qx": -0.003166030279020509,
    "Spine1__qy": -0.9994684130131453,
    "Spine1__qz": 0.02336333377783786,
    "Spine1__qw": 0.022517155149856728,
    "Neck__qx": 0.0015037962350533355,
    "Neck__qy": -0.9981360334736366,
    "Neck__qz": -0.05588369438575931,
    "Neck__qw": 0.02447876590431065,
    "RightUpLeg__qx": -0.011046130022395236,
    "RightUpLeg__qy": -0.9990640776350409,
    "RightUpLeg__qz": 0.024287784327504114,
    "RightUpLeg__qw": 0.034044901574744844,
    "LeftShoulder__qx": 0.03664041420287145,
    "LeftShoulder__qy": -0.9862943357341248,
    "LeftShoulder__qz": 0.14296092466794752,
    "LeftShoulder__qw": 0.07377762102364714,
    "LeftHandIndex1__qx": 0.45268273507806295,
    "LeftHandIndex1__qy": -0.6313912358101128,
    "LeftHandIndex1__qz": 0.47188009551911947,
    "LeftHandIndex1__qw": -0.4168364477313491,
    "Hips__qx": -0.00692702766837781,
    "Hips__qy": -0.9999428824779567,
    "Hips__qz": 0.007643179646125182,
    "Hips__qw": -0.0027981912468134393,
    "RightForeArm__qx": -0.5013763840485743,
    "RightForeArm__qy": -0.5203711624988078,
    "RightForeArm__qz": -0.5784591749111986,
    "RightForeArm__qw": -0.3784449203240431,
    "LeftHandThumb3__qx": 0.2828161527037486,
    "LeftHandThumb3__qy": -0.4319211790038619,
    "LeftHandThumb3__qz": 0.659370683764933,
    "LeftHandThumb3__qw": -0.5465248578876617,
    "LeftHandThumb1__qx": 0.13984532252460102,
    "LeftHandThumb1__qy": -0.49697496508702277,
    "LeftHandThumb1__qz": 0.46450991632506294,
    "LeftHandThumb1__qw": -0.7195065722287919,
    "LeftHandIndex2__qx": 0.45268273507806295,
    "LeftHandIndex2__qy": -0.6313912358101128,
    "LeftHandIndex2__qz": 0.47188009551911947,
    "LeftHandIndex2__qw": -0.4168364477313491,
    "LeftForeArm__qx": 0.4845074899435938,
    "LeftForeArm__qy": -0.6644852772205991,
    "LeftForeArm__qz": 0.37073903176692247,
    "LeftForeArm__qw": -0.4315835711309535,
    "LeftHandThumb2__qx": 0.28281614771818,
    "LeftHandThumb2__qy": -0.43192117954902925,
    "LeftHandThumb2__qz": 0.6593706800044072,
    "LeftHandThumb2__qw": -0.5465248645737444,
    "RightToeBase__qx": -0.04348707431434255,
    "RightToeBase__qy": -0.9716216625568973,
    "RightToeBase__qz": -0.010155193450992646,
    "RightToeBase__qw": -0.2322866575241088,
    "RightHand__qx": -0.016022201781450765,
    "RightHand__qy": -0.6552153001872555,
    "RightHand__qz": -0.6902534512029913,
    "RightHand__qw": -0.3065719696139209,
    "Spine__qx": -0.006444888102053355,
    "Spine__qy": -0.9998107739274771,
    "Spine__qz": 0.015501518182605593,
    "Spine__qw": 0.009827649257366558,
    "LeftHandIndex3__qx": 0.45268273507806295,
    "LeftHandIndex3__qy": -0.6313912358101128,
    "LeftHandIndex3__qz": 0.47188009551911947,
    "LeftHandIndex3__qw": -0.4168364477313491,
    "LeftArm__qx": 0.5341971986878735,
    "LeftArm__qy": -0.7215723658729605,
    "LeftArm__qz": 0.28551768317793835,
    "LeftArm__qw": -0.33533017507410456,
    "LeftToeBase__qx": -0.07102288693811583,
    "LeftToeBase__qy": -0.9965092340224555,
    "LeftToeBase__qz": 0.011434700599273298,
    "LeftToeBase__qw": 0.042359693827502695,
    "RightArm__qx": -0.5877874798606906,
    "RightArm__qy": -0.7704891545570958,
    "RightArm__qz": 0.1324705159176577,
    "RightArm__qw": 0.2080959001071859,
    "LeftHand__qx": 0.4872898353539947,
    "LeftHand__qy": -0.6701156011342421,
    "LeftHand__qz": 0.4150551152739515,
    "LeftHand__qw": -0.375796419304518,
    "RightShoulder__qx": -0.07457567175173337,
    "RightShoulder__qy": -0.9895296556014855,
    "RightShoulder__qz": 0.08438327547917354,
    "RightShoulder__qw": 0.09027177126538014,
    "LeftUpLeg__qx": -0.05002665130297113,
    "LeftUpLeg__qy": -0.9985542753299049,
    "LeftUpLeg__qz": 0.007725118236690817,
    "LeftUpLeg__qw": -0.018083581725107132,
    "Head__qx": 0.006164113111701159,
    "Head__qy": -0.9905079326768111,
    "Head__qz": -0.13477800991695355,
    "Head__qw": 0.026285491372266247
}