{
  "offsets_map": {
    "RightUpLeg": [
      -0.07902193388935598,
      0.6893648405469841,
      -0.000625052362990027,
      -0.7200911469331928
    ],
    "RightFoot": [
      0.0036103782916469245,
      0.5905448192625918,
      -0.01456427002617722,
      -0.806865331792926
    ],
    "LeftForeArm": [
      -0.3690272509971766,
      -0.02346101367041631,
      -0.2728416046496421,
      -0.8881587288493155
    ],
    "Hips": [
      0.02038631806287876,
      0.6926212225525747,
      -0.02067892551419407,
      -0.7207167419626065
    ],
    "RightForeArm": [
      0.238265324865941,
      0.9051552270023114,
      0.2616752651117104,
      0.23547761172909357
    ],
    "LeftHandThumb3": [
      -0.2685933219457818,
      0.18004989343265962,
      -0.32538496501171965,
      -0.8885743006779679
    ],
    "LeftUpLeg": [
      -0.04524053174799783,
      0.6912518988532395,
      0.10228804140612191,
      -0.7139056402664492
    ],
    "Spine": [
      0.05669434257899484,
      0.6906024617085488,
      -0.05484667446068962,
      -0.7189199077103313
    ],
    "LeftHandIndex2": [
      -0.436058499049952,
      0.13457811456314886,
      0.006038825163868375,
      -0.8897782021816286
    ],
    "Spine1": [
      0.0945711628235395,
      0.6866162240161541,
      -0.08724067808780683,
      -0.7155442125870224
    ],
    "LeftToeBase": [
      0.011925694542700784,
      0.8074161814024825,
      -0.014131851381171873,
      -0.5896924440720335
    ],
    "LeftShoulder": [
      0.1340386341403262,
      0.6559261494815262,
      -0.1598564167373848,
      -0.7254243289358429
    ],
    "LeftHandThumb1": [
      -0.16177493894117823,
      0.28364793583389275,
      0.10416192633391888,
      -0.9394269586988429
    ],
    "RightLeg": [
      0.010130835264982579,
      0.6828464195356769,
      -0.08512445830711621,
      -0.7255149620111636
    ],
    "LeftFoot": [
      0.017527263844742468,
      0.8073191163275752,
      -0.021806628835715304,
      -0.5894515335233264
    ],
    "LeftHandIndex1": [
      -0.4427306027306474,
      0.11078789817829032,
      -0.0436996047637955,
      -0.8887103012604741
    ],
    "LeftHandIndex3": [
      -0.43289785818139587,
      0.14437818426543275,
      0.026771004758473268,
      -0.8894030006664013
    ],
    "RightShoulder": [
      0.14461461683837373,
      0.6808408710761582,
      -0.11599181689102382,
      -0.7085818366873848
    ],
    "LeftArm": [
      -0.22943706425785573,
      0.47273166614891043,
      -0.6185716485244851,
      -0.5841682300557883
    ],
    "RightToeBase": [
      -0.0016543424118185075,
      0.5910620576546053,
      -0.010793639758829375,
      -0.8065521709679078
    ],
    "LeftHand": [
      -0.5252590108113888,
      0.08204972109532077,
      -0.06554532569428707,
      -0.8444374607448745
    ],
    "RightHand": [
      0.2777535400735003,
      0.8673133836563492,
      0.4048668603322017,
      0.08187362769511582
    ],
    "LeftLeg": [
      0.11772907180108481,
      0.6965397381189744,
      -0.05892884509065668,
      -0.7053365509388316
    ],
    "Neck": [
      0.035769739660574715,
      0.6437388841062315,
      -0.023963323588508917,
      -0.7640330712324376
    ],
    "LeftHandThumb2": [
      -0.2549381486034759,
      0.20148696569283467,
      -0.25500875247164273,
      -0.910703068626313
    ],
    "Head": [
      -0.023420178592097437,
      0.5932855691895194,
      0.03965263006853885,
      -0.8036736884798644
    ],
    "RightArm": [
      0.5359823849326988,
      0.7446516227402821,
      0.1933519134220914,
      -0.3476088050785497
    ]
  },
  "metadata": {
    "fs": 120.0,
    "window_duration_sec": 1.0,
    "quat_order": "xyzw",
    "hemisphere_alignment_applied": true,
    "v_pose_correction_applied": true,
    "v_pose_correction_quat_xyzw": [
      0.29863088198172155,
      0.0,
      -0.36103820181219864,
      0.8834427050799805
    ],
    "shoulder_joints": [
      "LeftShoulder",
      "RightShoulder"
    ],
    "time_window": [
      0.0,
      1.0
    ]
  }
}