{
    "RightForeArm__qx": 0.20770601616324796,
    "RightForeArm__qy": 0.18206274217133497,
    "RightForeArm__qz": 0.029628670971989183,
    "RightForeArm__qw": 0.9606422386190815,
    "Spine1__qx": -0.09967324780764669,
    "Spine1__qy": -0.011714162017273341,
    "Spine1__qz": 0.001519625497845547,
    "Spine1__qw": 0.9949501056927703,
    "RightFoot__qx": 0.026630023669387378,
    "RightFoot__qy": -0.17326396689939078,
    "RightFoot__qz": 0.029713999732992043,
    "RightFoot__qw": 0.9840668258982834,
    "RightShoulder__qx": -0.10334807679052264,
    "RightShoulder__qy": -0.012587046686528899,
    "RightShoulder__qz": -0.04362069139265699,
    "RightShoulder__qw": 0.9936085630477618,
    "LeftFoot__qx": 0.027343432604315064,
    "LeftFoot__qy": 0.20268837805701656,
    "LeftFoot__qz": -0.028030700689055468,
    "LeftFoot__qw": 0.9784600338863667,
    "LeftForeArm__qx": 0.23594951639383221,
    "LeftForeArm__qy": -0.05751270542608507,
    "LeftForeArm__qz": 0.08040638046673929,
    "LeftForeArm__qw": 0.9667238118554478,
    "RightLeg__qx": 0.008769349749149894,
    "RightLeg__qy": -0.05048996437700596,
    "RightLeg__qz": -0.029458282974692343,
    "RightLeg__qw": 0.9982515071695954,
    "RightArm__qx": -0.043176668950475436,
    "RightArm__qy": 0.03614604632377533,
    "RightArm__qz": 0.04871185758941968,
    "RightArm__qw": 0.9972243446304792,
    "RightUpLeg__qx": 0.02424649927749084,
    "RightUpLeg__qy": -0.05094058413930789,
    "RightUpLeg__qz": -0.02867186655068184,
    "RightUpLeg__qw": 0.9979955351747987,
    "LeftUpLeg__qx": 0.04132470363986311,
    "LeftUpLeg__qy": 0.1030064674638162,
    "LeftUpLeg__qz": 0.05815052252597841,
    "LeftUpLeg__qw": 0.9921191729120343,
    "LeftShoulder__qx": -0.11838959789102589,
    "LeftShoulder__qy": -0.00624139543529089,
    "LeftShoulder__qz": 0.06962708148014869,
    "LeftShoulder__qw": 0.9905034162580048,
    "Hips__qx": 0.0068161581881055035,
    "Hips__qy": 0.02612340756940773,
    "Hips__qz": 0.0001584833385876273,
    "Hips__qw": 0.999635474784458,
    "LeftArm__qx": -0.275207312527363,
    "LeftArm__qy": -0.012079208630736207,
    "LeftArm__qz": 0.04051473697820883,
    "LeftArm__qw": 0.960454883863843,
    "RightHand__qx": -0.06609473079901114,
    "RightHand__qy": -0.1926215747690571,
    "RightHand__qz": -0.1535482210156867,
    "RightHand__qw": 0.966928828465163,
    "LeftHand__qx": -0.29515093123420116,
    "LeftHand__qy": 0.04833593409937778,
    "LeftHand__qz": 0.09168372876946411,
    "LeftHand__qw": 0.9498124336653274,
    "LeftLeg__qx": 0.012020158717259219,
    "LeftLeg__qy": 0.10124501867244426,
    "LeftLeg__qz": 0.06116591947949311,
    "LeftLeg__qw": 0.9929066886030412,
    "Neck__qx": 0.05005841916897873,
    "Neck__qy": 0.01723068528170926,
    "Neck__qz": 0.005312119154918742,
    "Neck__qw": 0.9985835165598868,
    "Spine__qx": 0.08913002906237717,
    "Spine__qy": 0.018435442566378496,
    "Spine__qz": -0.0025665834719748107,
    "Spine__qw": 0.9958460649246965,
    "Head__qx": 0.020867474119017668,
    "Head__qy": 0.07407738928909696,
    "Head__qz": 0.010576672060594377,
    "Head__qw": 0.9969780453591375
}