{
  "offsets_map": {
    "Spine1": [
      0.030666826476411092,
      -0.019477347401400513,
      -0.010358336476110909,
      0.99928618701427
    ],
    "RightArm": [
      -0.03511752055534536,
      -0.0334455935795092,
      -0.018820782071209578,
      0.99864604849886
    ],
    "Hips": [
      0.00745013450918178,
      -0.027087387350914163,
      -0.005636825986385573,
      0.9995894132768194
    ],
    "RightShoulder": [
      0.040683619884503225,
      0.07295005284264709,
      0.08779828455191156,
      0.9926301396255757
    ],
    "LeftForeArm": [
      -0.08671353529371893,
      0.05380460427188423,
      0.011901275226050638,
      0.9947080913534406
    ],
    "LeftLeg": [
      -0.08590736481958079,
      -0.032819125274643465,
      -0.04207086956741479,
      0.9948732942539992
    ],
    "RightUpLeg": [
      -0.05933855645133476,
      -0.0256819887121338,
      0.02923739884706498,
      0.9974790953612608
    ],
    "Head": [
      -0.026899437986278862,
      -0.02221134418885984,
      0.018313106395551233,
      0.9992235518438762
    ],
    "RightForeArm": [
      -0.14223317133871183,
      -0.07295580263989677,
      -0.012298579251041573,
      0.9870642941472997
    ],
    "RightLeg": [
      -0.028177919093649757,
      -0.02658209358469074,
      0.02842166871945103,
      0.9988451361063978
    ],
    "RightHand": [
      0.18687645112841816,
      0.022380246475703025,
      -0.062008135386140514,
      0.9801690199793446
    ],
    "LeftUpLeg": [
      -0.024603237335146175,
      -0.030171300170247658,
      -0.04400867889188046,
      0.9982723123180662
    ],
    "Neck": [
      0.0018846924733737927,
      -0.02085521660521829,
      0.003979451744394171,
      0.9997728101115995
    ],
    "LeftShoulder": [
      0.04015430515872518,
      -0.10131297419517846,
      -0.09873271742268458,
      0.9891284868748242
    ],
    "LeftHand": [
      0.1487420468660217,
      0.039062740290683774,
      0.04634674975338632,
      0.9870166587258726
    ],
    "Spine": [
      0.019095619959126054,
      -0.023243454003493976,
      -0.006683159295326384,
      0.9995251045002308
    ],
    "LeftArm": [
      -0.01519282144480506,
      0.02007956453553725,
      0.015263079768528169,
      0.9995664198344145
    ],
    "RightFoot": [
      0.016674659008612504,
      0.06175700900412698,
      0.005260850287181149,
      0.9979380497005146
    ],
    "LeftFoot": [
      -0.007109018357624746,
      -0.036406816674048596,
      -0.016039678954189455,
      0.9991830334111463
    ]
  },
  "metadata": {
    "fs": 120.0,
    "window_duration_sec": 1.0,
    "quat_order": "xyzw",
    "hemisphere_alignment_applied": true,
    "v_pose_correction_applied": true,
    "v_pose_correction_quat_xyzw": [
      0.5093734316764664,
      0.0,
      -0.39178014561938584,
      0.766189940289347
    ],
    "shoulder_joints": [
      "LeftShoulder",
      "RightShoulder"
    ],
    "time_window": [
      2.1,
      3.1
    ]
  }
}