{
  "offsets_map": {
    "RightForeArm": [
      -0.20770601616324796,
      -0.18206274217133497,
      -0.029628670971989183,
      0.9606422386190815
    ],
    "Spine1": [
      0.09967324780764669,
      0.011714162017273341,
      -0.001519625497845547,
      0.9949501056927703
    ],
    "RightFoot": [
      -0.026630023669387378,
      0.17326396689939078,
      -0.029713999732992043,
      0.9840668258982834
    ],
    "RightShoulder": [
      0.10334807679052264,
      0.012587046686528899,
      0.04362069139265699,
      0.9936085630477618
    ],
    "LeftFoot": [
      -0.027343432604315064,
      -0.20268837805701656,
      0.028030700689055468,
      0.9784600338863667
    ],
    "LeftForeArm": [
      -0.23594951639383221,
      0.05751270542608507,
      -0.08040638046673929,
      0.9667238118554478
    ],
    "RightLeg": [
      -0.008769349749149894,
      0.05048996437700596,
      0.029458282974692343,
      0.9982515071695954
    ],
    "RightArm": [
      0.043176668950475436,
      -0.03614604632377533,
      -0.04871185758941968,
      0.9972243446304792
    ],
    "RightUpLeg": [
      -0.02424649927749084,
      0.05094058413930789,
      0.02867186655068184,
      0.9979955351747987
    ],
    "LeftUpLeg": [
      -0.04132470363986311,
      -0.1030064674638162,
      -0.05815052252597841,
      0.9921191729120343
    ],
    "LeftShoulder": [
      0.11838959789102589,
      0.00624139543529089,
      -0.06962708148014869,
      0.9905034162580048
    ],
    "Hips": [
      -0.0068161581881055035,
      -0.02612340756940773,
      -0.0001584833385876273,
      0.999635474784458
    ],
    "LeftArm": [
      0.275207312527363,
      0.012079208630736207,
      -0.04051473697820883,
      0.960454883863843
    ],
    "RightHand": [
      0.06609473079901114,
      0.1926215747690571,
      0.1535482210156867,
      0.966928828465163
    ],
    "LeftHand": [
      0.29515093123420116,
      -0.04833593409937778,
      -0.09168372876946411,
      0.9498124336653274
    ],
    "LeftLeg": [
      -0.012020158717259219,
      -0.10124501867244426,
      -0.06116591947949311,
      0.9929066886030412
    ],
    "Neck": [
      -0.05005841916897873,
      -0.01723068528170926,
      -0.005312119154918742,
      0.9985835165598868
    ],
    "Spine": [
      -0.08913002906237717,
      -0.018435442566378496,
      0.0025665834719748107,
      0.9958460649246965
    ],
    "Head": [
      -0.020867474119017668,
      -0.07407738928909696,
      -0.010576672060594377,
      0.9969780453591375
    ]
  },
  "metadata": {
    "fs": 120.0,
    "window_duration_sec": 1.0,
    "quat_order": "xyzw",
    "hemisphere_alignment_applied": true,
    "v_pose_correction_applied": true,
    "v_pose_correction_quat_xyzw": [
      0.3705563616353177,
      0.0,
      -0.5126762740112782,
      0.7745004976870632
    ],
    "shoulder_joints": [
      "LeftShoulder",
      "RightShoulder"
    ],
    "time_window": [
      0.3,
      1.3
    ]
  }
}