{
    "RightLeg__qx": 0.1419246297710038,
    "RightLeg__qy": -0.018038245297069017,
    "RightLeg__qz": -0.01583004245337448,
    "RightLeg__qw": 0.9895864949194136,
    "Hips__qx": 0.009636384892006754,
    "Hips__qy": -0.01622747263008988,
    "Hips__qz": 0.007169088444787795,
    "Hips__qw": 0.9997961859244732,
    "LeftLeg__qx": 0.006211493928460947,
    "LeftLeg__qy": -0.012326562293536429,
    "LeftLeg__qz": 0.04384397377343758,
    "LeftLeg__qw": 0.9989430309927361,
    "LeftShoulder__qx": 0.007524201286007123,
    "LeftShoulder__qy": 0.058206779444234254,
    "LeftShoulder__qz": 0.10990135708746872,
    "LeftShoulder__qw": 0.9922081681442009,
    "RightFoot__qx": 0.01761491151522912,
    "RightFoot__qy": -0.10644881539904229,
    "RightFoot__qz": -0.008813276514702666,
    "RightFoot__qw": 0.9941230762584312,
    "Spine__qx": 0.0051382322350059535,
    "Spine__qy": -0.0130947265779842,
    "Spine__qz": 0.006900934848633671,
    "Spine__qw": 0.9998772443673083,
    "RightForeArm__qx": 0.05724846584109801,
    "RightForeArm__qy": 0.03860278687035538,
    "RightForeArm__qz": 0.05819644086897904,
    "RightForeArm__qw": 0.9959144603201954,
    "LeftUpLeg__qx": 0.08537106278136919,
    "LeftUpLeg__qy": -0.008812319094961971,
    "LeftUpLeg__qz": 0.04468151307733042,
    "LeftUpLeg__qw": 0.9953078353257692,
    "Head__qx": -0.08965155110406539,
    "Head__qy": 0.212547374233333,
    "Head__qz": -0.032888069248347,
    "Head__qw": 0.9724734381936951,
    "RightShoulder__qx": 0.006911058750437015,
    "RightShoulder__qy": -0.09204849405135072,
    "RightShoulder__qz": -0.10120932981326965,
    "RightShoulder__qw": 0.9905735629263358,
    "RightArm__qx": 0.08047278945299635,
    "RightArm__qy": 0.06248376236379013,
    "RightArm__qz": 0.05906362783149179,
    "RightArm__qw": 0.9930414882903444,
    "Spine1__qx": 0.0006534926233357686,
    "Spine1__qy": -0.009960682092611035,
    "Spine1__qz": 0.005785967208535548,
    "Spine1__qw": 0.9999334379562986,
    "LeftFoot__qx": -0.01037748371228189,
    "LeftFoot__qy": 0.055658345955561746,
    "LeftFoot__qz": -0.005993533527005663,
    "LeftFoot__qw": 0.9983779514358042,
    "LeftForeArm__qx": -0.04141713272792019,
    "LeftForeArm__qy": -0.015723484788625192,
    "LeftForeArm__qz": -0.03273261328813065,
    "LeftForeArm__qw": 0.998481832168232,
    "LeftArm__qx": 0.07002054860987258,
    "LeftArm__qy": -0.05558668292365262,
    "LeftArm__qz": -0.033327828624094426,
    "LeftArm__qw": 0.9954378430083523,
    "Neck__qx": -0.04483567626760971,
    "Neck__qy": 0.10206012776781243,
    "Neck__qz": -0.013653461525740573,
    "Neck__qw": 0.993673525581722,
    "RightUpLeg__qx": -0.019947107381490168,
    "RightUpLeg__qy": -0.015240568552159169,
    "RightUpLeg__qz": -0.01853922227858983,
    "RightUpLeg__qw": 0.9995129489979724,
    "RightHand__qx": 0.015690669188061796,
    "RightHand__qy": -0.11306321129595023,
    "RightHand__qz": 0.047052081513426235,
    "RightHand__qw": 0.9923490387848078,
    "LeftHand__qx": -0.07733752054810551,
    "LeftHand__qy": 0.008038262873861621,
    "LeftHand__qz": -0.05160790578563852,
    "LeftHand__qw": 0.9956359366283756
}