{
    "Spine1__qx": -0.030666826476411092,
    "Spine1__qy": 0.019477347401400513,
    "Spine1__qz": 0.010358336476110909,
    "Spine1__qw": 0.99928618701427,
    "RightArm__qx": 0.03511752055534536,
    "RightArm__qy": 0.0334455935795092,
    "RightArm__qz": 0.018820782071209578,
    "RightArm__qw": 0.99864604849886,
    "Hips__qx": -0.00745013450918178,
    "Hips__qy": 0.027087387350914163,
    "Hips__qz": 0.005636825986385573,
    "Hips__qw": 0.9995894132768194,
    "RightShoulder__qx": -0.040683619884503225,
    "RightShoulder__qy": -0.07295005284264709,
    "RightShoulder__qz": -0.08779828455191156,
    "RightShoulder__qw": 0.9926301396255757,
    "LeftForeArm__qx": 0.08671353529371893,
    "LeftForeArm__qy": -0.05380460427188423,
    "LeftForeArm__qz": -0.011901275226050638,
    "LeftForeArm__qw": 0.9947080913534406,
    "LeftLeg__qx": 0.08590736481958079,
    "LeftLeg__qy": 0.032819125274643465,
    "LeftLeg__qz": 0.04207086956741479,
    "LeftLeg__qw": 0.9948732942539992,
    "RightUpLeg__qx": 0.05933855645133476,
    "RightUpLeg__qy": 0.0256819887121338,
    "RightUpLeg__qz": -0.02923739884706498,
    "RightUpLeg__qw": 0.9974790953612608,
    "Head__qx": 0.026899437986278862,
    "Head__qy": 0.02221134418885984,
    "Head__qz": -0.018313106395551233,
    "Head__qw": 0.9992235518438762,
    "RightForeArm__qx": 0.14223317133871183,
    "RightForeArm__qy": 0.07295580263989677,
    "RightForeArm__qz": 0.012298579251041573,
    "RightForeArm__qw": 0.9870642941472997,
    "RightLeg__qx": 0.028177919093649757,
    "RightLeg__qy": 0.02658209358469074,
    "RightLeg__qz": -0.02842166871945103,
    "RightLeg__qw": 0.9988451361063978,
    "RightHand__qx": -0.18687645112841816,
    "RightHand__qy": -0.022380246475703025,
    "RightHand__qz": 0.062008135386140514,
    "RightHand__qw": 0.9801690199793446,
    "LeftUpLeg__qx": 0.024603237335146175,
    "LeftUpLeg__qy": 0.030171300170247658,
    "LeftUpLeg__qz": 0.04400867889188046,
    "LeftUpLeg__qw": 0.9982723123180662,
    "Neck__qx": -0.0018846924733737927,
    "Neck__qy": 0.02085521660521829,
    "Neck__qz": -0.003979451744394171,
    "Neck__qw": 0.9997728101115995,
    "LeftShoulder__qx": -0.04015430515872518,
    "LeftShoulder__qy": 0.10131297419517846,
    "LeftShoulder__qz": 0.09873271742268458,
    "LeftShoulder__qw": 0.9891284868748242,
    "LeftHand__qx": -0.1487420468660217,
    "LeftHand__qy": -0.039062740290683774,
    "LeftHand__qz": -0.04634674975338632,
    "LeftHand__qw": 0.9870166587258726,
    "Spine__qx": -0.019095619959126054,
    "Spine__qy": 0.023243454003493976,
    "Spine__qz": 0.006683159295326384,
    "Spine__qw": 0.9995251045002308,
    "LeftArm__qx": 0.01519282144480506,
    "LeftArm__qy": -0.02007956453553725,
    "LeftArm__qz": -0.015263079768528169,
    "LeftArm__qw": 0.9995664198344145,
    "RightFoot__qx": -0.016674659008612504,
    "RightFoot__qy": -0.06175700900412698,
    "RightFoot__qz": -0.005260850287181149,
    "RightFoot__qw": 0.9979380497005146,
    "LeftFoot__qx": 0.007109018357624746,
    "LeftFoot__qy": 0.036406816674048596,
    "LeftFoot__qz": 0.016039678954189455,
    "LeftFoot__qw": 0.9991830334111463
}