{
    "run_id": "671_T1_P1_R1_Take 2026-01-06 03.57.12 PM_001",
    "subject_context": {
        "height_cm": 152.65601116360077,
        "scaling_factor": 0.001
    },
    "static_offset_audit": {
        "Left": {
            "bone_detected": "LeftArm",
            "measured_angle_deg": 12.65,
            "correction_value_deg": -12.65,
            "is_significant": true
        },
        "Right": {
            "bone_detected": "RightArm",
            "measured_angle_deg": 11.64,
            "correction_value_deg": -11.64,
            "is_significant": true
        }
    },
    "rotation_alignment_audit": {
        "RightLeg": [
            16.355819246404135,
            -1.7883462248489086,
            -2.0899429669879974
        ],
        "Hips": [
            1.0913377046830828,
            -1.8673994350898615,
            0.8038837122933735
        ],
        "LeftLeg": [
            0.6493215867956846,
            -1.442386821092792,
            5.0180658385056045
        ],
        "LeftShoulder": [
            1.5991388514578633,
            6.537451753387565,
            12.732473953938666
        ],
        "RightFoot": [
            2.1635321928695332,
            -12.200654256489885,
            -1.2471253839410643
        ],
        "Spine": [
            0.5785799116353803,
            -1.5045971117299395,
            0.7832761056892011
        ],
        "RightForeArm": [
            6.823751823326375,
            4.0270158772516815,
            6.928757231648633
        ],
        "LeftUpLeg": [
            9.741720877303479,
            -1.4423419356328866,
            5.017890527097545
        ],
        "Head": [
            -11.902627908536886,
            24.047660471891877,
            -6.417789392090978
        ],
        "RightShoulder": [
            1.8834674867623429,
            -10.425838332496859,
            -11.839465283597706
        ],
        "RightArm": [
            9.689888735025377,
            6.580087435298664,
            7.365952987963992
        ],
        "Spine1": [
            0.06828916932880212,
            -1.1418429772500804,
            0.6623792506278722
        ],
        "LeftFoot": [
            -1.2331865887786493,
            6.373640946483115,
            -0.7565798619450378
        ],
        "LeftForeArm": [
            -4.687824994459598,
            -1.9547731760066787,
            -3.675219279776494
        ],
        "LeftArm": [
            8.274638077951646,
            -6.084721069833818,
            -4.275712357155606
        ],
        "Neck": [
            -5.383254888061046,
            11.630805596941773,
            -2.123106338456475
        ],
        "RightUpLeg": [
            -2.2539579522861404,
            -1.7882566224006367,
            -2.0900484064647618
        ],
        "RightHand": [
            1.205901801704123,
            -13.054212850824525,
            5.291297330475612
        ],
        "LeftHand": [
            -8.907208926545804,
            0.4597412159572998,
            -5.970248851347628
        ]
    },
    "window_metadata": {
        "start_time_sec": 1.5,
        "end_time_sec": 2.5,
        "duration_sec": 1.0,
        "variance_score": 19.77030016904841,
        "searched_duration_sec": 5.0,
        "joints_used": [
            "Hips",
            "LeftHand",
            "RightHand"
        ],
        "time_window": [
            1.5,
            2.5
        ],
        "mean_motion": 0.053800014739968934,
        "max_motion": 0.35135987330454554,
        "ref_quality_score": 0.9011484991547579,
        "confidence_level": "HIGH",
        "ref_is_fallback": false,
        "detection_method": "auto_stable_window",
        "variance_threshold": 100.0,
        "all_window_scores_min": 19.77030016904841,
        "all_window_scores_max": 134.6114610088845
    },
    "metadata": {
        "grade": "HIGH",
        "status": "LOCKED"
    }
}