{
    "run_id": "671_T2_P1_R1_Take 2026-01-15 04.35.25 PM_005",
    "subject_context": {
        "height_cm": 149.98238836211706,
        "scaling_factor": 1.0
    },
    "static_offset_audit": {
        "Left": {
            "bone_detected": "LeftArm",
            "measured_angle_deg": 10.79,
            "correction_value_deg": -10.79,
            "is_significant": true
        },
        "Right": {
            "bone_detected": "RightArm",
            "measured_angle_deg": 9.69,
            "correction_value_deg": -9.69,
            "is_significant": true
        }
    },
    "rotation_alignment_audit": {
        "Spine1": [
            -3.4934292065731376,
            2.267338986567206,
            1.118630915671485
        ],
        "RightArm": [
            4.103159387311814,
            3.7543415607649933,
            2.293907751938532
        ],
        "Hips": [
            -0.8371372815733644,
            3.109049312107045,
            0.623472318129875
        ],
        "RightShoulder": [
            -3.942560949405478,
            -8.741035563875755,
            -9.807890958449825
        ],
        "LeftForeArm": [
            10.064433511475647,
            -6.025769251613828,
            -1.9020623158241112
        ],
        "LeftLeg": [
            10.019828499930782,
            3.3292308163582804,
            5.134856129120663
        ],
        "RightUpLeg": [
            6.721964491616485,
            3.1358911157419063,
            -3.1736558461397735
        ],
        "Head": [
            3.0379947598631416,
            2.600598375755121,
            -2.0309492125877537
        ],
        "RightForeArm": [
            16.58355017424216,
            8.078261806707442,
            2.6069280593148263
        ],
        "RightLeg": [
            3.1449337681293494,
            3.135903333068848,
            -3.173662258080977
        ],
        "RightHand": [
            -21.66601736258322,
            -1.1859427602211667,
            7.466669787368855
        ],
        "LeftUpLeg": [
            2.972955899583869,
            3.329201417403381,
            5.134898401793364
        ],
        "Neck": [
            -0.22562770956910363,
            2.389121675418408,
            -0.46081759982748294
        ],
        "LeftShoulder": [
            -3.4836232453100275,
            12.025803539240373,
            11.033475623692443
        ],
        "LeftHand": [
            -16.93019784024924,
            -5.215303355667228,
            -4.600148398252114
        ],
        "Spine": [
            -2.172248915614698,
            2.677837598540617,
            0.715408478583537
        ],
        "LeftArm": [
            1.7770178258646028,
            -2.2739753431396035,
            -1.7849137142029745
        ],
        "RightFoot": [
            -1.8843524087048005,
            -7.090375508803076,
            -0.48733486562832834
        ],
        "LeftFoot": [
            0.8832450297033442,
            4.159090716631663,
            1.8714286747576425
        ]
    },
    "window_metadata": {
        "start_time_sec": 2.1,
        "end_time_sec": 3.1,
        "duration_sec": 1.0,
        "variance_score": 5.227785203253146,
        "searched_duration_sec": 5.0,
        "joints_used": [
            "Hips",
            "LeftHand",
            "RightHand"
        ],
        "time_window": [
            2.1,
            3.1
        ],
        "mean_motion": 0.027279071411228577,
        "max_motion": 0.1326069673168604,
        "ref_quality_score": 0.9738610739837342,
        "confidence_level": "HIGH",
        "ref_is_fallback": false,
        "detection_method": "auto_stable_window",
        "variance_threshold": 100.0,
        "all_window_scores_min": 5.227785203253146,
        "all_window_scores_max": 116564.84154279239
    },
    "metadata": {
        "grade": "HIGH",
        "status": "LOCKED"
    }
}