{
    "RightForeArm": [
        25.810452536558454,
        19.723794446315914,
        8.095176071767577
    ],
    "Spine1": [
        -11.445044434578021,
        -1.3183249877362004,
        0.307135448863132
    ],
    "RightFoot": [
        2.5692837278743164,
        -20.03470164825629,
        3.005142971546586
    ],
    "RightShoulder": [
        -11.79410489859684,
        -1.9501188640552618,
        -4.826045307407751
    ],
    "LeftFoot": [
        2.633393565973753,
        23.46431737901445,
        -2.7349119703959834
    ],
    "LeftForeArm": [
        26.872235817347786,
        -8.577178331102129,
        7.456459511576296
    ],
    "RightLeg": [
        1.1796036846893645,
        -5.755680522482315,
        -3.439903009098096
    ],
    "RightArm": [
        -4.751461216583291,
        4.3757982626182805,
        5.411427094264852
    ],
    "RightUpLeg": [
        2.9564527303367227,
        -5.755672470650463,
        -3.4399013570706907
    ],
    "LeftUpLeg": [
        5.503548195536832,
        11.512591234869575,
        7.264026675998766
    ],
    "LeftShoulder": [
        -13.615305292703601,
        0.23617372045241988,
        8.013749818603115
    ],
    "Hips": [
        0.78235584571391,
        2.9936689312377904,
        0.03861124749136364
    ],
    "LeftArm": [
        -31.980283387434326,
        -0.05174761174172625,
        4.8457647919997715
    ],
    "RightHand": [
        -4.282017107451524,
        -23.128846365589713,
        -17.169850106923047
    ],
    "LeftHand": [
        -33.902744538309,
        8.39178684567415,
        8.46516152744768
    ],
    "LeftLeg": [
        2.1204096483201638,
        11.512590529984601,
        7.264035111125223
    ],
    "Neck": [
        5.7515871302711625,
        1.9415940749646041,
        0.7071255840448132
    ],
    "Spine": [
        10.226951157182251,
        2.130475563090378,
        -0.10466820567471738
    ],
    "Head": [
        2.501855874488031,
        8.468499753667801,
        1.400883200220984
    ]
}