{
  "offsets_map": {
    "RightLeg": [
      -0.1419246297710038,
      0.018038245297069017,
      0.01583004245337448,
      0.9895864949194136
    ],
    "Hips": [
      -0.009636384892006754,
      0.01622747263008988,
      -0.007169088444787795,
      0.9997961859244732
    ],
    "LeftLeg": [
      -0.006211493928460947,
      0.012326562293536429,
      -0.04384397377343758,
      0.9989430309927361
    ],
    "LeftShoulder": [
      -0.007524201286007123,
      -0.058206779444234254,
      -0.10990135708746872,
      0.9922081681442009
    ],
    "RightFoot": [
      -0.01761491151522912,
      0.10644881539904229,
      0.008813276514702666,
      0.9941230762584312
    ],
    "Spine": [
      -0.0051382322350059535,
      0.0130947265779842,
      -0.006900934848633671,
      0.9998772443673083
    ],
    "RightForeArm": [
      -0.05724846584109801,
      -0.03860278687035538,
      -0.05819644086897904,
      0.9959144603201954
    ],
    "LeftUpLeg": [
      -0.08537106278136919,
      0.008812319094961971,
      -0.04468151307733042,
      0.9953078353257692
    ],
    "Head": [
      0.08965155110406539,
      -0.212547374233333,
      0.032888069248347,
      0.9724734381936951
    ],
    "RightShoulder": [
      -0.006911058750437015,
      0.09204849405135072,
      0.10120932981326965,
      0.9905735629263358
    ],
    "RightArm": [
      -0.08047278945299635,
      -0.06248376236379013,
      -0.05906362783149179,
      0.9930414882903444
    ],
    "Spine1": [
      -0.0006534926233357686,
      0.009960682092611035,
      -0.005785967208535548,
      0.9999334379562986
    ],
    "LeftFoot": [
      0.01037748371228189,
      -0.055658345955561746,
      0.005993533527005663,
      0.9983779514358042
    ],
    "LeftForeArm": [
      0.04141713272792019,
      0.015723484788625192,
      0.03273261328813065,
      0.998481832168232
    ],
    "LeftArm": [
      -0.07002054860987258,
      0.05558668292365262,
      0.033327828624094426,
      0.9954378430083523
    ],
    "Neck": [
      0.04483567626760971,
      -0.10206012776781243,
      0.013653461525740573,
      0.993673525581722
    ],
    "RightUpLeg": [
      0.019947107381490168,
      0.015240568552159169,
      0.01853922227858983,
      0.9995129489979724
    ],
    "RightHand": [
      -0.015690669188061796,
      0.11306321129595023,
      -0.047052081513426235,
      0.9923490387848078
    ],
    "LeftHand": [
      0.07733752054810551,
      -0.008038262873861621,
      0.05160790578563852,
      0.9956359366283756
    ]
  },
  "metadata": {
    "fs": 120.0,
    "window_duration_sec": 1.0,
    "quat_order": "xyzw",
    "hemisphere_alignment_applied": true,
    "v_pose_correction_applied": true,
    "v_pose_correction_quat_xyzw": [
      0.5908992535753365,
      4.659698839677257e-18,
      -0.31058264737130015,
      0.7445646320340128
    ],
    "shoulder_joints": [
      "LeftShoulder",
      "RightShoulder"
    ],
    "time_window": [
      1.5,
      2.5
    ]
  }
}