{
    "Head": [
        -7.660755941513401,
        19.344705571904896,
        3.4436308226713113
    ],
    "LeftHandIndex1": [
        -1.6689787902295377,
        -9.329631384892926,
        -37.05921332121154
    ],
    "RightFoot": [
        -2.540032165500063,
        -2.7639238235292654,
        0.3073535920762499
    ],
    "Spine1": [
        -1.5188890311782324,
        -3.1917122466077994,
        0.5044264873823476
    ],
    "LeftFoot": [
        -7.373145599574099,
        9.715396022452472,
        -9.58979414915484
    ],
    "LeftHand": [
        -9.283054077734986,
        4.118883507397129,
        -4.286205670297956
    ],
    "LeftForeArm": [
        34.3475569398454,
        -15.143897916276904,
        -23.29052187188199
    ],
    "RightHand": [
        -13.056327025978943,
        -4.365648159784414,
        21.13195510172483
    ],
    "RightShoulder": [
        -1.0851678219253509,
        -9.971357353413847,
        -6.915598614339302
    ],
    "RightToeBase": [
        -0.5483364702890016,
        -2.7639164262280485,
        0.30735384180925557
    ],
    "RightUpLeg": [
        -2.21167516222306,
        -6.953818664962965,
        -2.1448014090736702
    ],
    "LeftToeBase": [
        -4.837702482982863,
        9.71545924191387,
        -9.589826413096766
    ],
    "RightLeg": [
        9.094956500621496,
        -6.95381411886442,
        -2.1448000037959374
    ],
    "RightArm": [
        4.615126317117913,
        8.890907040782885,
        12.465734099317935
    ],
    "LeftShoulder": [
        1.4516757098156172,
        6.95977387503758,
        5.149413840674135
    ],
    "LeftHandThumb1": [
        33.527429756973056,
        -29.409284954575774,
        30.736956190053558
    ],
    "LeftArm": [
        17.857953669183665,
        -4.364331531871154,
        -19.708368564718413
    ],
    "Neck": [
        -4.693360044600269,
        8.037728717841288,
        2.2595414069052646
    ],
    "LeftLeg": [
        -10.591595032555894,
        -7.6083187318087635,
        3.09402752366774
    ],
    "Spine": [
        -2.0018472047783304,
        -4.908181041004343,
        1.0624603258519607
    ],
    "Hips": [
        -2.4556901384238072,
        -6.63437699883425,
        1.226017336546739
    ],
    "LeftHandThumb2": [
        41.11227690441809,
        -15.450113345037801,
        11.168811774124489
    ],
    "LeftHandIndex3": [
        6.86634749963401,
        -6.546984180053422,
        -93.81296461664043
    ],
    "LeftUpLeg": [
        18.056304278539752,
        -7.6083164199661955,
        3.0940319036011283
    ],
    "LeftHandThumb3": [
        37.78812107199753,
        -23.233216746169642,
        21.159826486717478
    ],
    "LeftHandIndex2": [
        4.718240891029658,
        -8.227712750497343,
        -77.22273724070654
    ],
    "RightForeArm": [
        -0.985126839896078,
        9.677512005456297,
        12.530146012558667
    ]
}