{
  "offsets_map": {
    "RightForeArm": [
      0.026519438835185993,
      -0.06545882780645709,
      -0.07178996899996236,
      0.9949161078086212
    ],
    "RightLeg": [
      -0.08543517840251595,
      0.06047479573078779,
      0.0451056424828742,
      0.993483321646044
    ],
    "Hips": [
      0.020747406076581824,
      0.05005791857256883,
      -0.008202180591827273,
      0.998497107738833
    ],
    "LeftArm": [
      -0.10300664882599003,
      0.005197560866956261,
      0.14251903019116488,
      0.9844038509128473
    ],
    "Neck": [
      -0.025456359324902245,
      -0.05999243738804288,
      -0.010819786784655379,
      0.9978155207452417
    ],
    "Spine": [
      0.009960517061562793,
      0.030949152216503045,
      -0.007507564885836672,
      0.9994431322223547
    ],
    "RightHand": [
      0.12541607979474698,
      0.08094440157328521,
      -0.18250398737852713,
      0.9718081628458359
    ],
    "RightArm": [
      -0.032109133190627574,
      -0.0711352501599133,
      -0.06785467086843822,
      0.9946378855602521
    ],
    "LeftLeg": [
      0.09801908738810224,
      0.05515773012725861,
      -0.03462719222682916,
      0.9930512780684079
    ],
    "Head": [
      -0.04972343996713034,
      -0.13145690084216938,
      -0.018972324101095922,
      0.9898922737636708
    ],
    "LeftFoot": [
      0.052407820001645074,
      -0.10148355802921782,
      0.0565093371899116,
      0.9918473686322722
    ],
    "LeftForeArm": [
      0.01883146717029819,
      0.04927105315480052,
      0.15531947480754849,
      0.986455067355193
    ],
    "RightFoot": [
      -0.0006699749646535435,
      0.03603395952186393,
      0.0070849251774570896,
      0.9993252267054772
    ],
    "RightShoulder": [
      0.008112979241962859,
      0.08764520691687734,
      0.0872224656096197,
      0.9922926678985873
    ],
    "LeftUpLeg": [
      -0.15071285979538093,
      0.04487629277460304,
      -0.0471969778662249,
      0.9864300266716343
    ],
    "LeftHand": [
      0.07565683347749218,
      -0.14979576440227244,
      0.2578895743356388,
      0.9514884339624319
    ],
    "RightUpLeg": [
      -0.0006671673572306285,
      0.05642139181189806,
      0.050083376800119775,
      0.9971498567427179
    ],
    "Spine1": [
      -0.0010410432942752521,
      0.011820177033763169,
      -0.002604312512538192,
      0.9999262058772572
    ],
    "LeftShoulder": [
      -0.012801569059283145,
      -0.09290349698519475,
      -0.06598102480271244,
      0.9934040288037522
    ]
  },
  "metadata": {
    "fs": 120.0,
    "window_duration_sec": 1.0,
    "quat_order": "xyzw",
    "hemisphere_alignment_applied": true,
    "v_pose_correction_applied": true,
    "v_pose_correction_quat_xyzw": [
      0.4138122684718279,
      0.0,
      -0.5140463813987864,
      0.7513426144130342
    ],
    "shoulder_joints": [
      "LeftShoulder",
      "RightShoulder"
    ],
    "time_window": [
      0.1,
      1.1
    ]
  }
}