{
  "offsets_map": {
    "LeftFoot": [
      0.02521775950330486,
      -0.06344846130649223,
      0.00548918358163155,
      0.997651355046982
    ],
    "LeftHandIndex2": [
      -0.18138748173883168,
      -0.06757024842245911,
      0.6757383854485274,
      0.7112738413775596
    ],
    "LeftHandIndex3": [
      -0.16533863987412323,
      -0.10064942382276001,
      0.7980397672937347,
      0.5706709712842272
    ],
    "RightArm": [
      -0.10609725612181886,
      -0.027788598586554192,
      -0.1755034939196529,
      0.978350494278002
    ],
    "LeftHandThumb1": [
      -0.4420760347683085,
      0.1883702606810229,
      -0.3908158684929708,
      0.785078582887457
    ],
    "LeftArm": [
      -0.11987761092447144,
      0.04719235972438849,
      0.2102377123378967,
      0.9691245244516377
    ],
    "RightForeArm": [
      -0.06586300697335874,
      -0.07497871211620458,
      -0.18342494355068656,
      0.9779547776483584
    ],
    "LeftForeArm": [
      -0.05454958087060411,
      0.024679151877726405,
      0.21144441713910453,
      0.9755544788222449
    ],
    "RightUpLeg": [
      -0.050674742872474185,
      0.017753675857042985,
      0.014038723923847292,
      0.9984587080390264
    ],
    "LeftUpLeg": [
      -0.08250684789390902,
      0.005499094312836546,
      -0.027654779918291364,
      0.9961915444130315
    ],
    "LeftHandThumb2": [
      -0.47684280891140934,
      0.059455185178259706,
      -0.15970330429588026,
      0.8623113539446605
    ],
    "Spine1": [
      -0.0033464237297306017,
      0.02104910264690358,
      0.007319590415917118,
      0.9997460479152316
    ],
    "Spine": [
      0.0002530251768079116,
      0.01691197838656586,
      0.005918095783603258,
      0.9998394356633511
    ],
    "RightFoot": [
      0.013358645154464902,
      0.05783856510944773,
      -0.017985679699169352,
      0.9980745274334358
    ],
    "RightHand": [
      -0.0402524157082094,
      -0.02806750019745258,
      0.05348178885894281,
      0.9973623497619944
    ],
    "RightLeg": [
      -0.021783495911480346,
      0.017340200004873775,
      0.0145464472964354,
      0.9995064770379017
    ],
    "LeftLeg": [
      -0.013116208141594343,
      0.007406629604006387,
      -0.027205958553284195,
      0.9995163544140199
    ],
    "LeftHandIndex1": [
      -0.19259783793880303,
      0.01931750890213134,
      0.29295812783110203,
      0.9363271020368952
    ],
    "Neck": [
      -0.06562011432270733,
      0.07759385424829568,
      -0.001113987833071217,
      0.9948225738342877
    ],
    "LeftHandThumb3": [
      -0.4750869911100868,
      0.07215093778421029,
      -0.18264298868069825,
      0.8577459599092296
    ],
    "RightShoulder": [
      -0.030171294777332495,
      0.10039598475349602,
      0.05875088536998092,
      0.9927530773989465
    ],
    "LeftToeBase": [
      0.013531893126087076,
      -0.06337984006862275,
      0.006231892339417732,
      0.997878272766358
    ],
    "Head": [
      -0.1274231025007882,
      0.13358234215424447,
      -0.009539374409590512,
      0.9827655423088122
    ],
    "LeftHand": [
      -0.08838117338158614,
      0.09257308213666679,
      -0.06867409948913264,
      0.9893951994601392
    ],
    "RightToeBase": [
      0.0006150169775070036,
      0.057604276129867515,
      -0.018722611194974467,
      0.9981637305350827
    ],
    "LeftShoulder": [
      -0.04651797823024377,
      -0.04548949998587385,
      -0.04567229223158961,
      0.9968354050768452
    ],
    "Hips": [
      0.0038376104639435867,
      0.01277069040274438,
      0.0056757864641251285,
      0.9998949783155119
    ]
  },
  "metadata": {
    "fs": 120.0,
    "window_duration_sec": 1.0,
    "quat_order": "xyzw",
    "hemisphere_alignment_applied": true,
    "v_pose_correction_applied": true,
    "v_pose_correction_quat_xyzw": [
      0.5566427081555587,
      8.858650375483473e-18,
      -0.2767767680626571,
      0.7832901864047804
    ],
    "shoulder_joints": [
      "LeftShoulder",
      "RightShoulder"
    ],
    "time_window": [
      1.7,
      2.7
    ]
  }
}