{
    "Head__qx": -0.07086056333487382,
    "Head__qy": 0.16558404040882474,
    "Head__qz": 0.04077227424329237,
    "Head__qw": 0.9828012656579065,
    "LeftHandIndex1__qx": -0.03960569987274859,
    "LeftHandIndex1__qy": -0.07248924505799197,
    "LeftHandIndex1__qz": -0.31783140347666516,
    "LeftHandIndex1__qw": 0.944542162559494,
    "RightFoot__qx": -0.022092949538116587,
    "RightFoot__qy": -0.02417086615764563,
    "RightFoot__qz": 0.0021461832908567123,
    "RightFoot__qw": 0.9994613873017695,
    "Spine1__qx": -0.013126569539177223,
    "Spine1__qy": -0.02790494886335615,
    "Spine1__qz": 0.004030720116270236,
    "Spine1__qw": 0.9995162631475343,
    "LeftFoot__qx": -0.056779490473359735,
    "LeftFoot__qy": 0.08956565773686814,
    "LeftFoot__qz": -0.07769067952490347,
    "LeftFoot__qw": 0.9913214618531704,
    "LeftHand__qx": -0.07947307131691682,
    "LeftHand__qy": 0.03881753133897127,
    "LeftHand__qz": -0.034342785417226615,
    "LeftHand__qw": 0.9954887258457479,
    "LeftForeArm__qx": 0.2612589990180833,
    "LeftForeArm__qy": -0.18238566745185464,
    "LeftForeArm__qz": -0.15306292170554536,
    "LeftForeArm__qw": 0.935441577940158,
    "RightHand__qx": -0.10474391135594163,
    "RightHand__qy": -0.05803190113361411,
    "RightHand__qz": 0.17778962498566736,
    "RightHand__qw": 0.9767557835672809,
    "RightShoulder__qx": -0.014658132401503859,
    "RightShoulder__qy": -0.0861756423827007,
    "RightShoulder__qz": -0.060903948615612116,
    "RightShoulder__qw": 0.9943086074541725,
    "RightToeBase__qx": -0.004719025049516129,
    "RightToeBase__qy": -0.024129850245317393,
    "RightToeBase__qz": 0.0025659500309710183,
    "RightToeBase__qw": 0.9996944018199558,
    "RightUpLeg__qx": -0.02039524456787673,
    "RightUpLeg__qy": -0.06026382445849561,
    "RightUpLeg__qz": -0.019848127374074674,
    "RightUpLeg__qw": 0.9977767071346147,
    "LeftToeBase__qx": -0.034833415074975775,
    "LeftToeBase__qy": 0.08782545473252197,
    "LeftToeBase__qz": -0.07965347616093538,
    "LeftToeBase__qw": 0.9923349466942699,
    "RightLeg__qx": 0.07799389507917015,
    "RightLeg__qy": -0.06192588896580895,
    "RightLeg__qz": -0.013815054075777817,
    "RightLeg__qw": 0.9949328021967399,
    "RightArm__qx": 0.031496863781316393,
    "RightArm__qy": 0.08134758621778015,
    "RightArm__qz": 0.10505283216445967,
    "RightArm__qw": 0.9906333429895785,
    "LeftShoulder__qx": 0.009905336324657283,
    "LeftShoulder__qy": 0.061200029864180244,
    "LeftShoulder__qz": 0.04406742086263754,
    "LeftShoulder__qw": 0.997103055393691,
    "LeftHandThumb1__qx": 0.33341701725257444,
    "LeftHandThumb1__qy": -0.1604212484538318,
    "LeftHandThumb1__qz": 0.3160461266919445,
    "LeftHandThumb1__qw": 0.8736206049847552,
    "LeftArm__qx": 0.1463716927410619,
    "LeftArm__qy": -0.06360396297829114,
    "LeftArm__qz": -0.16312203129417321,
    "LeftArm__qw": 0.9736123799356883,
    "Neck__qx": -0.042217919236979096,
    "Neck__qy": 0.06920718311571215,
    "Neck__qz": 0.022521090811395174,
    "Neck__qw": 0.9964541201526306,
    "LeftLeg__qx": -0.09027710286041689,
    "LeftLeg__qy": -0.068525340123485,
    "LeftLeg__qz": 0.020701362114838057,
    "LeftLeg__qw": 0.9933407149949511,
    "Spine__qx": -0.01705481445165646,
    "Spine__qy": -0.04297230309218779,
    "Spine__qz": 0.00851371554812069,
    "Spine__qw": 0.998894404388441,
    "Hips__qx": -0.020772242507981487,
    "Hips__qy": -0.058075798942948245,
    "Hips__qz": 0.009438591287857373,
    "Hips__qw": 0.9980514157661562,
    "LeftHandThumb2__qx": 0.35853476800760303,
    "LeftHandThumb2__qy": -0.09140494076324081,
    "LeftHandThumb2__qz": 0.1372631658866329,
    "LeftHandThumb2__qw": 0.918834468348125,
    "LeftHandIndex3__qx": -0.0007777122834294717,
    "LeftHandIndex3__qy": -0.08260022192268159,
    "LeftHandIndex3__qz": -0.7254034802309832,
    "LeftHandIndex3__qw": 0.6833493904077954,
    "LeftUpLeg__qx": 0.1582859035476411,
    "LeftUpLeg__qy": -0.061273425283206506,
    "LeftUpLeg__qz": 0.0370112869831233,
    "LeftUpLeg__qw": 0.9847950572215638,
    "LeftHandThumb3__qx": 0.34677362140794865,
    "LeftHandThumb3__qy": -0.1290359354570083,
    "LeftHandThumb3__qz": 0.23425198966947458,
    "LeftHandThumb3__qw": 0.8990126740998949,
    "LeftHandIndex2__qx": -0.012647878085640848,
    "LeftHandIndex2__qy": -0.08162966302056578,
    "LeftHandIndex2__qz": -0.6195918337693171,
    "LeftHandIndex2__qw": 0.7805655570299362,
    "RightForeArm__qx": -0.017719792366160527,
    "RightForeArm__qy": 0.0829101899329751,
    "RightForeArm__qz": 0.10945625344418587,
    "RightForeArm__qw": 0.9903692432349362
}