{
    "LeftForeArm": [
        0.7089121126485598,
        -17.58833663310274,
        -34.34067953973228
    ],
    "LeftHandIndex2": [
        3.5037576146122222,
        35.87408034717287,
        -39.6581507767747
    ],
    "RightForeArm": [
        7.101561335849197,
        5.2343968924210325,
        29.76780983835001
    ],
    "RightShoulder": [
        8.978576373680978,
        -12.244955189359262,
        -11.606051067186401
    ],
    "LeftHandIndex3": [
        -0.11556309988020118,
        36.02171546010679,
        -45.819505392900055
    ],
    "Spine": [
        4.269745873055932,
        -3.2405925821368617,
        -0.011893343834358479
    ],
    "RightUpLeg": [
        -0.8881422115763443,
        -2.966601539028437,
        -0.5619571385891914
    ],
    "LeftArm": [
        16.447510540629168,
        -10.666473406893827,
        -32.19966485639036
    ],
    "LeftHandThumb3": [
        62.06084029220087,
        -10.336002548990695,
        13.39887224397086
    ],
    "RightToeBase": [
        4.216941277382516,
        -5.636973566877648,
        -2.3824472519501447
    ],
    "RightArm": [
        14.426927550946559,
        1.7467401616600662,
        28.86732780057319
    ],
    "RightHand": [
        7.754848353842237,
        7.667443422219713,
        4.0262667219836965
    ],
    "LeftShoulder": [
        8.299131728912501,
        3.92558835640439,
        10.150025284013255
    ],
    "LeftHandThumb1": [
        61.799281412592244,
        -12.738369944065864,
        14.706284566323887
    ],
    "LeftUpLeg": [
        0.19225681237398892,
        -2.6348470893457447,
        3.1522259474545544
    ],
    "Neck": [
        5.443739663194288,
        -2.803096619346074,
        -1.8165219009101115
    ],
    "LeftHand": [
        7.6478601720588655,
        30.36562356832537,
        -14.145493069573144
    ],
    "Spine1": [
        5.830932195685281,
        -3.0578414905610702,
        -0.7580661776310821
    ],
    "Hips": [
        2.7418357000316957,
        -3.357979061774189,
        0.13196704437910656
    ],
    "LeftToeBase": [
        3.5093479471157583,
        5.614983873687803,
        1.46652991804381
    ],
    "RightFoot": [
        4.308497223674614,
        -5.6369707043589825,
        -2.3824454783433224
    ],
    "LeftLeg": [
        11.64500750684521,
        -2.6348515100030605,
        3.1522268190081415
    ],
    "LeftHandIndex1": [
        11.871839261908926,
        34.26221225288402,
        -25.14719841859344
    ],
    "RightLeg": [
        10.72273627336298,
        -2.9666046626579834,
        -0.5619597879014421
    ],
    "LeftHandThumb2": [
        62.481221648613236,
        3.969862936227105,
        5.897569149067571
    ],
    "Head": [
        5.0519820674944915,
        -2.5555530585613697,
        -2.876466229078928
    ],
    "LeftFoot": [
        2.9216107258652584,
        5.614976632081454,
        1.4665300972959778
    ]
}