{
    "LeftHandThumb1__qx": 0.3038667088177312,
    "LeftHandThumb1__qy": -0.22486091166048008,
    "LeftHandThumb1__qz": 0.01894782593648874,
    "LeftHandThumb1__qw": 0.9256044368799117,
    "LeftHandIndex1__qx": -0.04348666480694036,
    "LeftHandIndex1__qy": 0.05142339197199575,
    "LeftHandIndex1__qz": -0.3998088467110977,
    "LeftHandIndex1__qw": 0.9141211248153088,
    "LeftShoulder__qx": 0.012801810256562917,
    "LeftShoulder__qy": 0.0929035036445714,
    "LeftShoulder__qz": 0.06598082205072231,
    "LeftShoulder__qw": 0.9934040385393191,
    "RightArm__qx": 0.03211045709369574,
    "RightArm__qy": 0.07113509729329437,
    "RightArm__qz": 0.06785460217660207,
    "RightArm__qw": 0.9946378584398257,
    "LeftForeArm__qx": -0.018830619534174663,
    "LeftForeArm__qy": -0.04927066595766677,
    "LeftForeArm__qz": -0.15531896707841145,
    "LeftForeArm__qw": 0.986455182818633,
    "LeftHandIndex2__qx": -0.051557509333109354,
    "LeftHandIndex2__qy": 0.043325793745406946,
    "LeftHandIndex2__qz": -0.5487101075775569,
    "LeftHandIndex2__qw": 0.8332958158240822,
    "Hips__qx": -0.020747514141993374,
    "Hips__qy": -0.05005805916885347,
    "Hips__qz": 0.008202172238524996,
    "Hips__qw": 0.9984970985134334,
    "LeftUpLeg__qx": 0.1507127500821721,
    "LeftUpLeg__qy": -0.044876392183565074,
    "LeftUpLeg__qz": 0.04719704438132387,
    "LeftUpLeg__qw": 0.9864300357293075,
    "Neck__qx": 0.0254562187771061,
    "Neck__qy": 0.05999281605387269,
    "Neck__qz": 0.010819528938953295,
    "Neck__qw": 0.997815504359918,
    "LeftLeg__qx": -0.09801921778949968,
    "LeftLeg__qy": -0.055158010541564405,
    "LeftLeg__qz": 0.034627224471346245,
    "LeftLeg__qw": 0.9930512484974995,
    "LeftArm__qx": 0.10300798610536005,
    "LeftArm__qy": -0.005197468272114169,
    "LeftArm__qz": -0.14251903854079845,
    "LeftArm__qw": 0.9844037102609299,
    "Spine__qx": -0.009960542127134597,
    "Spine__qy": -0.030949027422412356,
    "Spine__qz": 0.0075075399600576746,
    "Spine__qw": 0.9994431360242004,
    "LeftHand__qx": -0.07565381632563604,
    "LeftHand__qy": 0.1497953244482816,
    "LeftHand__qz": -0.2578895573581268,
    "LeftHand__qw": 0.9514887477287529,
    "Head__qx": 0.049723201893008356,
    "Head__qy": 0.13145697787603175,
    "Head__qz": 0.018971908503894113,
    "Head__qw": 0.9898922834576133,
    "Spine1__qx": 0.0010411099316630747,
    "Spine1__qy": -0.011820102068671396,
    "Spine1__qz": 0.0026042875063268384,
    "Spine1__qw": 0.9999262067591692,
    "LeftToeBase__qx": -0.025826677274071633,
    "LeftToeBase__qy": 0.09993342542571834,
    "LeftToeBase__qz": -0.05920732186518185,
    "LeftToeBase__qw": 0.9928951537102073,
    "LeftHandThumb2__qx": 0.3460491626327844,
    "LeftHandThumb2__qy": -0.15214541135348417,
    "LeftHandThumb2__qz": -0.1860819465470457,
    "LeftHandThumb2__qw": 0.9069042176627532,
    "RightToeBase__qx": 0.008218987224617764,
    "RightToeBase__qy": -0.03608650042106299,
    "RightToeBase__qz": -0.006812828225503427,
    "RightToeBase__qw": 0.9992916481728105,
    "RightLeg__qx": 0.0854352034863678,
    "RightLeg__qy": -0.060474637487440586,
    "RightLeg__qz": -0.04510554236489463,
    "RightLeg__qw": 0.993483333666939,
    "RightUpLeg__qx": 0.0006673756858749689,
    "RightUpLeg__qy": -0.056421250666466555,
    "RightUpLeg__qz": -0.050083319043415536,
    "RightUpLeg__qw": 0.9971498674906,
    "LeftHandIndex3__qx": -0.05449368509037728,
    "LeftHandIndex3__qy": 0.03956860795201277,
    "LeftHandIndex3__qz": -0.6063144751234916,
    "LeftHandIndex3__qw": 0.7923682987132535,
    "RightForeArm__qx": -0.026519204582510135,
    "RightForeArm__qy": 0.06545868311450148,
    "RightForeArm__qz": 0.07178997471969768,
    "RightForeArm__qw": 0.9949161231596216,
    "RightHand__qx": -0.12541811796606886,
    "RightHand__qy": -0.08094490845043138,
    "RightHand__qz": 0.18250334530054027,
    "RightHand__qw": 0.9718079781705398,
    "RightShoulder__qx": -0.008113337435670092,
    "RightShoulder__qy": -0.08764511601820801,
    "RightShoulder__qz": -0.08722255661269612,
    "RightShoulder__qw": 0.9922926649994723,
    "LeftHandThumb3__qx": 0.3323194083254808,
    "LeftHandThumb3__qy": -0.1801746081147715,
    "LeftHandThumb3__qz": -0.11063164401077184,
    "LeftHandThumb3__qw": 0.919163511451779,
    "LeftFoot__qx": -0.052407855721341975,
    "LeftFoot__qy": 0.1014830777431673,
    "LeftFoot__qz": -0.05650976449888871,
    "LeftFoot__qw": 0.9918473915410301,
    "RightFoot__qx": 0.0006695000055466328,
    "RightFoot__qy": -0.03603397555394915,
    "RightFoot__qz": -0.0070853167807369225,
    "RightFoot__qw": 0.99932522366927
}