{
    "Hips__qx": -0.009314999249544693,
    "Hips__qy": 0.016517351125997875,
    "Hips__qz": -0.0070279804378421415,
    "Hips__qw": 0.9997945398912802,
    "Spine__qx": -0.006674322318604399,
    "Spine__qy": 0.011942536902011395,
    "Spine__qz": -0.007550607380345256,
    "Spine__qw": 0.9998763864106093,
    "Spine1__qx": -0.004066908118680612,
    "Spine1__qy": 0.007359339209647426,
    "Spine1__qz": -0.010106796147162886,
    "Spine1__qw": 0.9999112033454133,
    "Neck__qx": 0.028606888359665412,
    "Neck__qy": 0.01065131590123711,
    "Neck__qz": 0.0025928004041791105,
    "Neck__qw": 0.9995267129473393,
    "Head__qx": 0.06124491159272104,
    "Head__qy": 0.013930023438067695,
    "Head__qz": 0.01528909716836937,
    "Head__qw": 0.9979009099683379,
    "LeftShoulder__qx": 0.02470406894669406,
    "LeftShoulder__qy": 0.06948239933600156,
    "LeftShoulder__qz": 0.059298589987535795,
    "LeftShoulder__qw": 0.9955102615630823,
    "LeftArm__qx": 0.09772861344257294,
    "LeftArm__qy": -0.0473161270202036,
    "LeftArm__qz": -0.1408632275191932,
    "LeftArm__qw": 0.984053948659216,
    "LeftForeArm__qx": 0.0487826429584108,
    "LeftForeArm__qy": -0.03155970233719241,
    "LeftForeArm__qz": -0.14179290691899063,
    "LeftForeArm__qw": 0.9881852780219256,
    "LeftHand__qx": 0.15370720395294535,
    "LeftHand__qy": -0.09823817561519894,
    "LeftHand__qz": 0.10526144655841821,
    "LeftHand__qw": 0.9775663202458216,
    "RightShoulder__qx": 0.014732395687902826,
    "RightShoulder__qy": -0.07101794055308087,
    "RightShoulder__qz": -0.07566356698285367,
    "RightShoulder__qw": 0.994488317196239,
    "RightArm__qx": 0.11418677802482395,
    "RightArm__qy": 0.060650299814041936,
    "RightArm__qz": 0.12714426046193644,
    "RightArm__qw": 0.9834151005626008,
    "RightForeArm__qx": 0.06597338407113368,
    "RightForeArm__qy": 0.0996259222228106,
    "RightForeArm__qz": 0.1366348565973137,
    "RightForeArm__qw": 0.9833810225483148,
    "RightHand__qx": 0.07895195085638064,
    "RightHand__qy": 0.046426306602188064,
    "RightHand__qz": -0.05532672656873045,
    "RightHand__qw": 0.9942497689916631,
    "LeftUpLeg__qx": 0.07408410840203573,
    "LeftUpLeg__qy": 0.02446440566082895,
    "LeftUpLeg__qz": 0.005818907757174746,
    "LeftUpLeg__qw": 0.996933754626426,
    "LeftLeg__qx": -0.004515292470016669,
    "LeftLeg__qy": 0.02393152430292846,
    "LeftLeg__qz": 0.00772459682901442,
    "LeftLeg__qw": 0.9996720997491969,
    "LeftFoot__qx": -0.026155666541374405,
    "LeftFoot__qy": 0.04791142530105519,
    "LeftFoot__qz": -0.013663183382974096,
    "LeftFoot__qw": 0.9984154199859737,
    "LeftToeBase__qx": -0.027524095321764946,
    "LeftToeBase__qy": 0.047930411433842184,
    "LeftToeBase__qz": -0.01359750392483465,
    "LeftToeBase__qw": 0.9983779952345414,
    "RightUpLeg__qx": 0.045460297826732346,
    "RightUpLeg__qy": 0.009876411570391616,
    "RightUpLeg__qz": -0.0044734382483591064,
    "RightUpLeg__qw": 0.9989058860849231,
    "RightLeg__qx": 0.020410396132212266,
    "RightLeg__qy": 0.009985255889973689,
    "RightLeg__qz": -0.004224743958261366,
    "RightLeg__qw": 0.9997316592248324,
    "RightFoot__qx": -0.008125770229892646,
    "RightFoot__qy": -0.00027777490370942,
    "RightFoot__qz": 0.005780256931596897,
    "RightFoot__qw": 0.999950191008581,
    "RightToeBase__qx": -0.00497766807502689,
    "RightToeBase__qy": -0.00025956692835369196,
    "RightToeBase__qz": 0.005781091504251204,
    "RightToeBase__qw": 0.9999707998808159
}