{
    "run_id": "734_T3_P1_R1_Take 2025-12-30 04.12.54 PM_001",
    "subject_context": {
        "height_cm": 158.24669254583807,
        "scaling_factor": 1.0
    },
    "static_offset_audit": {
        "Left": {
            "bone_detected": "LeftArm",
            "measured_angle_deg": 8.55,
            "correction_value_deg": -8.55,
            "is_significant": true
        },
        "Right": {
            "bone_detected": "RightArm",
            "measured_angle_deg": 9.33,
            "correction_value_deg": -9.33,
            "is_significant": true
        }
    },
    "rotation_alignment_audit": {
        "LeftForeArm": [
            -5.3424945644868576,
            -5.062939511321322,
            -13.314371028793252
        ],
        "LeftHandThumb1": [
            28.837977000460622,
            -23.826433681588288,
            9.492089515762382
        ],
        "RightLeg": [
            10.40209067064543,
            -5.687710462369479,
            -2.8188010846826375
        ],
        "LeftShoulder": [
            0.6810799892416524,
            10.332041914753987,
            8.687430671052896
        ],
        "LeftToeBase": [
            -3.027746042670372,
            9.599291562582476,
            -6.154538222869501
        ],
        "Head": [
            14.595560947827774,
            19.236760238736135,
            5.3106437776189725
        ],
        "LeftHandIndex3": [
            -5.781443652944203,
            -13.38808455270304,
            -79.68126033535205
        ],
        "RightForeArm": [
            -9.802482637148684,
            3.5292243872333793,
            10.062934858761126
        ],
        "Hips": [
            1.1025875011795832,
            -5.038765424093705,
            1.1137818073827974
        ],
        "RightFoot": [
            1.6619939035397508,
            -4.0156098576241614,
            -0.37027060340099077
        ],
        "Spine1": [
            0.716087158134965,
            -2.7817477649687095,
            0.5300981181056372
        ],
        "LeftLeg": [
            -10.611267287066385,
            -4.831403937974715,
            2.141831236446183
        ],
        "RightUpLeg": [
            2.1342215776307176,
            -5.6877017443183,
            -2.8187730997124723
        ],
        "Neck": [
            7.325342447353414,
            8.368915106830084,
            2.2100951622845897
        ],
        "LeftHand": [
            -19.747349461218665,
            9.806453230619942,
            -23.22569323011288
        ],
        "RightToeBase": [
            1.7975599193614444,
            -4.0156293856227,
            -0.3702625621745844
        ],
        "LeftFoot": [
            -4.966403798841685,
            9.599287069565403,
            -6.154537277770495
        ],
        "LeftArm": [
            8.083926332252886,
            1.394684950976346,
            -12.395207352507883
        ],
        "LeftHandThumb3": [
            33.54405109874688,
            -15.962211100239369,
            -4.246396525864611
        ],
        "Spine": [
            0.8960817329586658,
            -3.912595981846115,
            1.0286688107752586
        ],
        "LeftHandIndex2": [
            -8.252551473658999,
            -12.039810295361054,
            -68.48769541874766
        ],
        "LeftUpLeg": [
            18.036620626981144,
            -4.831407923122265,
            2.1418324519142886
        ],
        "RightShoulder": [
            0.40562831444795355,
            -12.30554213505119,
            -9.552580046923897
        ],
        "RightArm": [
            3.1392246764736966,
            3.3374607201610917,
            10.052537586995015
        ],
        "LeftHandThumb2": [
            35.46215377917624,
            -10.317904618974733,
            -12.659704622230988
        ],
        "RightHand": [
            -24.830449082768276,
            -9.181485693687788,
            22.903899240217115
        ],
        "LeftHandIndex1": [
            -12.72083009196669,
            -7.146923030587225,
            -42.15958694843635
        ]
    },
    "window_metadata": {
        "start_time_sec": 2.0,
        "end_time_sec": 3.0,
        "duration_sec": 1.0,
        "variance_score": 17.889707401592783,
        "searched_duration_sec": 5.0,
        "joints_used": [
            "Hips",
            "LeftHand",
            "RightHand"
        ],
        "time_window": [
            2.0,
            3.0
        ],
        "mean_motion": 0.05483626688673355,
        "max_motion": 0.2256246101120496,
        "ref_quality_score": 0.910551462992036,
        "confidence_level": "HIGH",
        "ref_is_fallback": false,
        "detection_method": "auto_stable_window",
        "variance_threshold": 100.0,
        "all_window_scores_min": 17.889707401592783,
        "all_window_scores_max": 614.2925891818746
    },
    "metadata": {
        "grade": "HIGH",
        "status": "LOCKED"
    }
}