{
    "RightForeArm": [
        -2.5083923404368793,
        7.70425295109419,
        8.085328846709817
    ],
    "RightLeg": [
        10.156114129702178,
        -6.456807987318573,
        -5.773424970253676
    ],
    "Hips": [
        -2.4337901605321526,
        -5.717578216858542,
        1.0628479374390674
    ],
    "LeftArm": [
        11.789646649313463,
        1.0960100557403092,
        -16.36258030192939
    ],
    "Neck": [
        3.0079005869932796,
        6.8443133178068125,
        1.4224326122972095
    ],
    "Spine": [
        -1.1696919329327056,
        -3.5382159972993303,
        0.8968957491090781
    ],
    "RightHand": [
        -15.963352837269627,
        -6.404500511464417,
        22.171261117072266
    ],
    "RightArm": [
        4.256928552886065,
        7.882969364886365,
        8.098836247651809
    ],
    "LeftLeg": [
        -11.510778947560544,
        -5.89816371205658,
        4.589125499569431
    ],
    "Head": [
        6.146156340854898,
        14.973342094722586,
        3.0044628896726477
    ],
    "LeftFoot": [
        -6.7593364088715076,
        11.267468505333575,
        -7.189212700460399
    ],
    "LeftForeArm": [
        -1.2585591270075012,
        -5.915242013818471,
        -17.830739718617306
    ],
    "RightFoot": [
        0.10625255656945405,
        -4.129431456644944,
        -0.81623779592558
    ],
    "RightShoulder": [
        -0.04723530638352703,
        -10.099297811917307,
        -10.042595300401029
    ],
    "LeftUpLeg": [
        17.137104704988822,
        -5.89818508988745,
        4.589124965849474
    ],
    "LeftHand": [
        -13.194122286458198,
        14.243046114551648,
        -31.98564773429477
    ],
    "RightUpLeg": [
        0.4026007085033635,
        -6.456816802880418,
        -5.773413020009687
    ],
    "Spine1": [
        0.11579089825559034,
        -1.3548294955867435,
        0.29708450664298164
    ],
    "LeftShoulder": [
        2.1972982353846384,
        10.538261693958445,
        7.802576214150992
    ]
}