{
  "offsets_map": {
    "LeftLeg": [
      -0.10201097007051559,
      0.02007457047715562,
      -0.029687292962627974,
      0.9941375348723038
    ],
    "RightForeArm": [
      -0.0480862508323708,
      -0.05993769859657204,
      -0.25336764562962777,
      0.9643132379657204
    ],
    "RightArm": [
      -0.11781968908576518,
      -0.045939557129467574,
      -0.24540382718697282,
      0.9611373676829282
    ],
    "LeftHandThumb2": [
      -0.5161122056152843,
      -0.056239207550892636,
      -0.026017519244501356,
      0.8542765544256359
    ],
    "LeftArm": [
      -0.11132376465812563,
      0.1278792225103645,
      0.2604982936928233,
      0.9504707059429105
    ],
    "RightFoot": [
      -0.036514760183040305,
      0.049907160880880444,
      0.018901467631833986,
      0.9979071510430957
    ],
    "Spine": [
      -0.03723411303610462,
      0.0282599745706972,
      -0.0009496505377970133,
      0.9989064484863106
    ],
    "LeftHandIndex2": [
      -0.1317807839409818,
      -0.2797100810850874,
      0.33143396148269,
      0.8913740094366478
    ],
    "Spine1": [
      -0.05066702785181801,
      0.026982768727471327,
      0.005247352000254444,
      0.9983372415058193
    ],
    "Hips": [
      -0.02394819258293318,
      0.02926375491672527,
      -0.0018517930261618646,
      0.9992830868091248
    ],
    "LeftHandIndex1": [
      -0.1602375128175569,
      -0.2644391397068729,
      0.23665132694088467,
      0.921081988931632
    ],
    "RightToeBase": [
      -0.03571744305784119,
      0.04989206860687475,
      0.018941350738572026,
      0.997936005455127
    ],
    "LeftFoot": [
      -0.0248337940284435,
      -0.04928623803674002,
      -0.011529467765181677,
      0.9984093453025119
    ],
    "Neck": [
      -0.04708027546006512,
      0.02518105471116378,
      0.014667494416484213,
      0.9984659367017886
    ],
    "RightUpLeg": [
      0.007874673718546726,
      0.025846506586242848,
      0.005102812921845972,
      0.9996218829694549
    ],
    "RightLeg": [
      -0.09327821041555735,
      0.026230125324741015,
      0.002462268264719749,
      0.9952914614433864
    ],
    "RightHand": [
      -0.06508585285436802,
      -0.06903708768916873,
      -0.03045123375340075,
      0.995022831217713
    ],
    "LeftHandThumb1": [
      -0.5183517790860229,
      0.029087505644077048,
      -0.16564193591983356,
      0.838467709097071
    ],
    "LeftShoulder": [
      -0.06901247558776616,
      -0.040424044867623576,
      -0.08570758378810354,
      0.9931049213909846
    ],
    "Head": [
      -0.04348858111547337,
      0.023376787254966374,
      0.02408615428445631,
      0.9984899229846961
    ],
    "LeftForeArm": [
      0.0392917448528725,
      0.1478733958355449,
      0.29083371093840527,
      0.9444603592381616
    ],
    "LeftToeBase": [
      -0.029954260504653864,
      -0.049344786893724145,
      -0.011276525816787808,
      0.998268838664984
    ],
    "LeftHandThumb3": [
      -0.5188965455302011,
      0.016765393404122912,
      -0.14567636557628658,
      0.8421660721813206
    ],
    "LeftHand": [
      -0.09604881345355214,
      -0.2514031892623686,
      0.13590042039449965,
      0.953468477506977
    ],
    "RightShoulder": [
      -0.06667683797979516,
      0.11365096962228567,
      0.09191836266168281,
      0.9870099649884625
    ],
    "LeftHandIndex3": [
      -0.11948105286834614,
      -0.2851806788422206,
      0.36991777660499986,
      0.8761033597539593
    ],
    "LeftUpLeg": [
      -0.0023090521016804794,
      0.02293648746886735,
      -0.027536141656816737,
      0.9993549653269542
    ]
  },
  "metadata": {
    "fs": 120.0,
    "window_duration_sec": 1.0,
    "quat_order": "xyzw",
    "hemisphere_alignment_applied": true,
    "v_pose_correction_applied": true,
    "v_pose_correction_quat_xyzw": [
      0.5107615468141411,
      0.0,
      -0.22049460591966555,
      0.8309661672152227
    ],
    "shoulder_joints": [
      "LeftShoulder",
      "RightShoulder"
    ],
    "time_window": [
      0.0,
      1.0
    ]
  }
}