{
    "Neck__qx": 0.029696585944223416,
    "Neck__qy": 0.011468785662311201,
    "Neck__qz": 0.002804102622972702,
    "Neck__qw": 0.9994892279295307,
    "Hips__qx": -0.00924146066893495,
    "Hips__qy": 0.017173504344794983,
    "Hips__qz": -0.007056735120268432,
    "Hips__qw": 0.999784911189735,
    "Spine1__qx": -0.00355908462679453,
    "Spine1__qy": 0.008461478069244056,
    "Spine1__qz": -0.010099611998310188,
    "Spine1__qw": 0.9999068627342181,
    "LeftHandThumb1__qx": 0.49465746755181933,
    "LeftHandThumb1__qy": -0.17509934893422288,
    "LeftHandThumb1__qz": 0.4059951949801926,
    "LeftHandThumb1__qw": 0.7482126097915135,
    "LeftHandThumb3__qx": 0.5241602423511863,
    "LeftHandThumb3__qy": -0.024518072290566406,
    "LeftHandThumb3__qz": 0.17219062565478738,
    "LeftHandThumb3__qw": 0.8336697744947416,
    "LeftToeBase__qx": -0.02793924867045238,
    "LeftToeBase__qy": 0.047915301269519046,
    "LeftToeBase__qz": -0.013760090885115952,
    "LeftToeBase__qw": 0.9983657557162181,
    "RightToeBase__qx": -0.0050499168672598314,
    "RightToeBase__qy": -0.0002995083388883215,
    "RightToeBase__qz": 0.005667725247899113,
    "RightToeBase__qw": 0.9999711423460694,
    "RightHand__qx": 0.07981055072019101,
    "RightHand__qy": 0.04806462631885484,
    "RightHand__qz": -0.055458848324089066,
    "RightHand__qw": 0.994104815315334,
    "LeftFoot__qx": -0.026340601856700334,
    "LeftFoot__qy": 0.04789288669691635,
    "LeftFoot__qz": -0.013836784318884573,
    "LeftFoot__qw": 0.9984092284716602,
    "LeftHandIndex1__qx": 0.2521410557381385,
    "LeftHandIndex1__qy": -0.034889736296432536,
    "LeftHandIndex1__qz": -0.13392697958089658,
    "LeftHandIndex1__qw": 0.9577427412686355,
    "Spine__qx": -0.006383259837357965,
    "Spine__qy": 0.012821086340872381,
    "Spine__qz": -0.007578785107670252,
    "Spine__qw": 0.9998687092589609,
    "LeftForeArm__qx": 0.04929659078436326,
    "LeftForeArm__qy": -0.030722443062638428,
    "LeftForeArm__qz": -0.14167884540672626,
    "LeftForeArm__qw": 0.9882070038172767,
    "LeftUpLeg__qx": 0.07361887312911912,
    "LeftUpLeg__qy": 0.02504801621430124,
    "LeftUpLeg__qz": 0.0054104183566345675,
    "LeftUpLeg__qw": 0.9969571634609649,
    "LeftHandIndex3__qx": 0.24360323760324257,
    "LeftHandIndex3__qy": 0.07382574377910814,
    "LeftHandIndex3__qz": -0.5224196497539492,
    "LeftHandIndex3__qw": 0.8138089036964642,
    "RightUpLeg__qx": 0.044979564793985884,
    "RightUpLeg__qy": 0.010579263754224024,
    "RightUpLeg__qz": -0.004857094155805754,
    "RightUpLeg__qw": 0.9989200801694417,
    "LeftHandIndex2__qx": 0.25099133470836904,
    "LeftHandIndex2__qy": 0.04237957103572075,
    "LeftHandIndex2__qz": -0.41514749724402594,
    "LeftHandIndex2__qw": 0.8734185007155283,
    "RightLeg__qx": 0.020046690014689658,
    "RightLeg__qy": 0.01069707021602375,
    "RightLeg__qz": -0.004591501526575564,
    "RightLeg__qw": 0.999731274404267,
    "RightFoot__qx": -0.008155074984931187,
    "RightFoot__qy": -0.0003170999973131436,
    "RightFoot__qz": 0.005666774990530056,
    "RightFoot__qw": 0.9999506397121753,
    "RightArm__qx": 0.11495555855425595,
    "RightArm__qy": 0.06208591347790967,
    "RightArm__qz": 0.12714307725281346,
    "RightArm__qw": 0.9832421862449646,
    "LeftLeg__qx": -0.0051784860521598645,
    "LeftLeg__qy": 0.024543812883349555,
    "LeftLeg__qz": 0.007367837202998675,
    "LeftLeg__qw": 0.9996581913365713,
    "LeftHand__qx": 0.1545120249703819,
    "LeftHand__qy": -0.09740730806329002,
    "LeftHand__qz": 0.10553579978644644,
    "LeftHand__qw": 0.9774968263062804,
    "Head__qx": 0.06291414299808683,
    "Head__qy": 0.014461489293900556,
    "Head__qz": 0.01570418360330986,
    "Head__qw": 0.9977905865238318,
    "RightForeArm__qx": 0.06713597470714759,
    "RightForeArm__qy": 0.10097448368150613,
    "RightForeArm__qz": 0.1366739737619986,
    "RightForeArm__qw": 0.9831668929746765,
    "LeftShoulder__qx": 0.02530917259363871,
    "LeftShoulder__qy": 0.07044749810726429,
    "LeftShoulder__qz": 0.05949044191230403,
    "LeftShoulder__qw": 0.9954182453190876,
    "LeftHandThumb2__qx": 0.5242978051166315,
    "LeftHandThumb2__qy": -0.02138383820247854,
    "LeftHandThumb2__qz": 0.16720460968985937,
    "LeftHandThumb2__qw": 0.8346838692056262,
    "RightShoulder__qx": 0.015299713283815705,
    "RightShoulder__qy": -0.06971429383989629,
    "RightShoulder__qz": -0.07568478234027304,
    "RightShoulder__qw": 0.9945741046950414,
    "LeftArm__qx": 0.09815764343636514,
    "LeftArm__qy": -0.046369759866336256,
    "LeftArm__qz": -0.14079057350289242,
    "LeftArm__qw": 0.9840695792563067
}