{
    "LeftForeArm": [
        -0.04821187823777225,
        2.2402069566786746,
        -11.397123525913528
    ],
    "Hips": [
        1.4114832707925031,
        2.9028231845009644,
        -0.30809722655965366
    ],
    "LeftHandThumb2": [
        59.673014836658126,
        -1.0691782866460695,
        25.334360888546207
    ],
    "Head": [
        4.395073618136217,
        3.646019545326645,
        2.6274748689745606
    ],
    "Spine": [
        2.9887370832199016,
        2.2056383872737464,
        -0.4246277756324376
    ],
    "LeftHandIndex1": [
        18.720753376834683,
        15.734962909400966,
        -9.402046076345012
    ],
    "LeftShoulder": [
        6.803148522078901,
        8.830308866813164,
        9.200500342410582
    ],
    "LeftArm": [
        10.650126936379792,
        0.8902395694563817,
        -11.651123906178624
    ],
    "RightForeArm": [
        5.196542193498953,
        7.025915869656904,
        11.920099822277818
    ],
    "RightArm": [
        13.624172026341839,
        2.4553513658207087,
        10.804844495948402
    ],
    "LeftHandThumb1": [
        54.467695092225114,
        -29.693413043609738,
        44.190762753266476
    ],
    "LeftFoot": [
        2.545748788645446,
        5.084075662613578,
        1.8864098528401296
    ],
    "RightUpLeg": [
        1.4152719658722952,
        2.8249127287599323,
        -2.2753844040397957
    ],
    "LeftToeBase": [
        2.611201794038588,
        5.08408613414207,
        1.8864158851572685
    ],
    "Neck": [
        4.458608439297272,
        2.5904534573562716,
        0.8743379909598396
    ],
    "RightShoulder": [
        6.133628067210416,
        -7.365570267170259,
        -11.512024808401543
    ],
    "LeftHandIndex2": [
        3.372491440628629,
        24.050857143639774,
        -52.505844412025866
    ],
    "LeftUpLeg": [
        0.7807032904737239,
        2.5875786071279356,
        2.9095727173940418
    ],
    "RightFoot": [
        4.013773847844702,
        -4.689549519039794,
        -1.4357738472645347
    ],
    "Spine1": [
        4.554378590180166,
        1.5373231355402597,
        -0.8787808127368197
    ],
    "LeftHandThumb3": [
        59.65603002180925,
        -2.121224388230451,
        25.95004265124322
    ],
    "RightHand": [
        2.1520986906522177,
        -1.1624397366655257,
        -17.102529820324396
    ],
    "RightToeBase": [
        4.496361162316909,
        -4.689539662385089,
        -1.4357778595323512
    ],
    "LeftHand": [
        11.689609609771868,
        -0.38501114461527364,
        21.575558386544397
    ],
    "RightLeg": [
        12.304956389709591,
        2.824911996629755,
        -2.2753548147544116
    ],
    "LeftLeg": [
        13.597680448773154,
        2.5875816037910497,
        2.9096400365130295
    ],
    "LeftHandIndex3": [
        -4.328573086569824,
        23.90622122371936,
        -71.31319429916465
    ]
}