{
  "offsets_map": {
    "LeftForeArm": [
      -0.0015224699114353166,
      -0.019493408606567262,
      0.09926760545071729,
      0.994868650432984
    ],
    "Hips": [
      -0.012381303683042784,
      -0.025294082840840143,
      0.0029995695728392813,
      0.9995988771876081
    ],
    "LeftHandThumb2": [
      -0.4871708003079321,
      -0.1012001102364932,
      -0.1947412904291296,
      0.8452804143108061
    ],
    "Head": [
      -0.037586546124248395,
      -0.032659091700200996,
      -0.021679066056473614,
      0.9985242377502345
    ],
    "Spine": [
      -0.026144980171297474,
      -0.019143341035791118,
      0.004205545189145665,
      0.9994660003699435
    ],
    "LeftHandIndex1": [
      -0.17163974030225507,
      -0.12140119314285988,
      0.10229203949348997,
      0.9722848803250654
    ],
    "LeftShoulder": [
      -0.05280375861985466,
      -0.08134419480513598,
      -0.07527142043229117,
      0.9924359416673831
    ],
    "LeftArm": [
      -0.09310919106738161,
      0.0017243020044955166,
      0.10177630116888625,
      0.9904389379672809
    ],
    "RightForeArm": [
      -0.03864720443667051,
      -0.06557869658633016,
      -0.1007706171247821,
      0.9919935034401984
    ],
    "RightArm": [
      -0.11605646906103653,
      -0.03234452934730685,
      -0.09093424375857131,
      0.9885422048260978
    ],
    "LeftHandThumb1": [
      -0.4955570301959619,
      0.04470924323533166,
      -0.4319331887871226,
      0.7522353579943384
    ],
    "LeftFoot": [
      -0.021459238024953774,
      -0.044700734809545374,
      -0.01545592005736174,
      0.9986503191538345
    ],
    "RightUpLeg": [
      -0.01283346037137007,
      -0.024397636342084545,
      0.02015199127298243,
      0.9994168073849616
    ],
    "LeftToeBase": [
      -0.02202964485201267,
      -0.0447096481238683,
      -0.015430435561921706,
      0.9986378942192728
    ],
    "Neck": [
      -0.038715473821191254,
      -0.02288300158772133,
      -0.0067429950775795,
      0.9989654710461823
    ],
    "RightShoulder": [
      -0.04668796698944212,
      0.06917169864044564,
      0.09652288240299822,
      0.99182601448954
    ],
    "LeftHandIndex2": [
      -0.11793043616293918,
      -0.17404341465378087,
      0.4379386052331169,
      0.8740772735225092
    ],
    "LeftUpLeg": [
      -0.006235713131934953,
      -0.022744084122002038,
      -0.025227244386526664,
      0.9994035264395709
    ],
    "RightFoot": [
      -0.03447526886921129,
      0.04132271263604732,
      0.011078361718784544,
      0.9984894386814626
    ],
    "Spine1": [
      -0.03983204120824871,
      -0.013099602499706856,
      0.00819501513430598,
      0.9990869084491512
    ],
    "LeftHandThumb3": [
      -0.48822103642307196,
      -0.09601186688208767,
      -0.20371999521320938,
      0.8431607821537525
    ],
    "RightHand": [
      -0.017061684294164565,
      0.012821748716652637,
      0.1484720118081876,
      0.9886862815870981
    ],
    "RightToeBase": [
      -0.0386799577373785,
      0.04136891660870683,
      0.010904277181019958,
      0.9983353997265728
    ],
    "LeftHand": [
      -0.10065959269774638,
      -0.015777078718001585,
      -0.18653381000830402,
      0.9771508931116196
    ],
    "RightLeg": [
      -0.10760766758573904,
      -0.022375404628740856,
      0.022375837976463815,
      0.9936897166718132
    ],
    "LeftLeg": [
      -0.11774631819728747,
      -0.025417828597245326,
      -0.022531581839461377,
      0.9924626271856265
    ],
    "LeftHandIndex3": [
      -0.09062466898806339,
      -0.1896998359138638,
      0.563524523605384,
      0.7989000268621739
    ]
  },
  "metadata": {
    "fs": 120.0,
    "window_duration_sec": 1.0,
    "quat_order": "xyzw",
    "hemisphere_alignment_applied": true,
    "v_pose_correction_applied": true,
    "v_pose_correction_quat_xyzw": [
      0.4891459369011838,
      1.7335399590725368e-17,
      -0.3462110289493184,
      0.8005461734634157
    ],
    "shoulder_joints": [
      "LeftShoulder",
      "RightShoulder"
    ],
    "time_window": [
      1.6,
      2.6
    ]
  }
}