{
    "LeftHandThumb1": [
        37.800258770891325,
        -25.326739299068176,
        -6.452577252453565
    ],
    "LeftHandIndex1": [
        -6.940320587555352,
        3.39628859403498,
        -47.452229311986535
    ],
    "LeftShoulder": [
        2.197324047689172,
        10.538261018049305,
        7.80255522298313
    ],
    "RightArm": [
        4.257079149261019,
        7.882941415055866,
        8.098837929248809
    ],
    "LeftForeArm": [
        -1.2584727021024678,
        -5.91518239768177,
        -17.83068522656448
    ],
    "LeftHandIndex2": [
        -7.671209702049226,
        0.8953490168680729,
        -66.78838003303828
    ],
    "Hips": [
        -2.4338027292369233,
        -5.717594248921701,
        1.06284795686807
    ],
    "LeftUpLeg": [
        17.137091276372285,
        -5.898196991692872,
        4.589131534410876
    ],
    "Neck": [
        3.007883296627667,
        6.844357745303204,
        1.4224031604975327
    ],
    "LeftLeg": [
        -11.5107958340438,
        -5.898194719522075,
        4.589133346893236
    ],
    "LeftArm": [
        11.789797672745259,
        1.0960425288610993,
        -16.36257876262671
    ],
    "Spine": [
        -1.169694599839389,
        -3.538201698026356,
        0.8968928243967035
    ],
    "LeftHand": [
        -13.193765348699992,
        14.243094322989984,
        -31.98559676738703
    ],
    "Head": [
        6.146122289295528,
        14.973354278237318,
        3.0044109533877332
    ],
    "Spine1": [
        0.11579859187878978,
        -1.3548209215549614,
        0.29708155838559286
    ],
    "LeftToeBase": [
        -3.690131892870748,
        11.267423705843822,
        -7.189263609218698
    ],
    "LeftHandThumb2": [
        43.77463797347144,
        -8.463285297836855,
        -26.59568738276597
    ],
    "RightToeBase": [
        0.9719015024158519,
        -4.129436728779953,
        -0.8162734808110137
    ],
    "RightLeg": [
        10.156115275571045,
        -6.456790796918201,
        -5.773411916012148
    ],
    "RightUpLeg": [
        0.40262346168232843,
        -6.456799443069671,
        -5.773407559727097
    ],
    "LeftHandIndex3": [
        -7.720511474469735,
        -0.1933621073339621,
        -74.83286171957306
    ],
    "RightForeArm": [
        -2.5083664611131327,
        7.7042344937455844,
        8.085331524465843
    ],
    "RightHand": [
        -15.963593169415335,
        -6.404521981561512,
        22.171208664679057
    ],
    "RightShoulder": [
        -0.04727666776767481,
        -10.099291006146846,
        -10.04260210626901
    ],
    "LeftHandThumb3": [
        42.33965290078889,
        -14.933025073689217,
        -19.53741758746148
    ],
    "LeftFoot": [
        -6.759341252367095,
        11.267410263644141,
        -7.189258765535052
    ],
    "RightFoot": [
        0.10619965965407922,
        -4.129433641244117,
        -0.8162807958698796
    ]
}