{
    "run_id": "734_T1_P2_R2_Take 2025-12-01 02.36.55 PM",
    "subject_context": {
        "height_cm": 155.45757142347057,
        "scaling_factor": 1.0
    },
    "static_offset_audit": {
        "Left": {
            "bone_detected": "LeftArm",
            "measured_angle_deg": 5.47,
            "correction_value_deg": -5.47,
            "is_significant": true
        },
        "Right": {
            "bone_detected": "RightArm",
            "measured_angle_deg": 7.05,
            "correction_value_deg": -7.05,
            "is_significant": true
        }
    },
    "rotation_alignment_audit": {
        "LeftFoot": [
            -2.94776894208614,
            7.257108153385222,
            -0.817462450291877
        ],
        "LeftHandIndex2": [
            10.216025732324567,
            19.95383352122609,
            -85.26304425814826
        ],
        "LeftHandIndex3": [
            1.7376319250731356,
            22.257454262430798,
            -108.52173217607641
        ],
        "RightArm": [
            12.555576179924037,
            0.981702354669787,
            20.447913595930274
        ],
        "LeftHandThumb1": [
            45.460538328962556,
            -39.889689904345566,
            35.64067076379302
        ],
        "LeftArm": [
            14.62009876186858,
            -2.353510503824255,
            -24.78164388296677
        ],
        "RightForeArm": [
            9.062636946565174,
            7.035814589900194,
            21.804221438523285
        ],
        "LeftForeArm": [
            6.713543389275213,
            -1.4373182958921598,
            -24.542887793333552
        ],
        "RightUpLeg": [
            5.839991727716931,
            -1.9501408324237655,
            -1.710578229316306
        ],
        "LeftUpLeg": [
            9.44500558848126,
            -0.8892501527022157,
            3.106839944802874
        ],
        "LeftHandThumb2": [
            56.18258870284089,
            -14.76437165202169,
            13.07315148536886
        ],
        "Spine1": [
            0.40138785415472966,
            -2.4093400878101416,
            -0.8474019887984845
        ],
        "Spine": [
            -0.017530831947447017,
            -1.938200029329219,
            -0.6779682632387859
        ],
        "RightFoot": [
            -1.658272952261872,
            -6.602117823914175,
            2.160412486426784
        ],
        "RightHand": [
            4.440923539525215,
            3.4566009330989877,
            -6.004823702066516
        ],
        "RightLeg": [
            2.526158168379855,
            -1.950125492188551,
            -1.710606817112656
        ],
        "LeftLeg": [
            1.4795317030160824,
            -0.8892531850148185,
            3.1068294612350735
        ],
        "LeftHandIndex1": [
            21.90605270644821,
            4.397250968522726,
            -33.896326688169786
        ],
        "Neck": [
            7.583626412778816,
            -8.889564082213967,
            -0.46203000949239853
        ],
        "LeftHandThumb3": [
            55.69052386654011,
            -17.296524972990962,
            14.854157036317442
        ],
        "RightShoulder": [
            4.1930454163875055,
            -11.290974166551342,
            -7.188276429902263
        ],
        "LeftToeBase": [
            -1.605682805118023,
            7.257110180492297,
            -0.8174624204120057
        ],
        "Head": [
            14.897846967228723,
            -15.366436985608251,
            -0.9087490668337079
        ],
        "LeftHand": [
            9.51803172416809,
            -11.263518252596146,
            7.000363059522824
        ],
        "RightToeBase": [
            -0.1952286538352939,
            -6.6021236155898135,
            2.160408518655749
        ],
        "LeftShoulder": [
            5.581457561273992,
            4.9589461915821005,
            5.488484194430969
        ],
        "Hips": [
            -0.4315508771888047,
            -1.4659155290414714,
            -0.6449375932620209
        ]
    },
    "window_metadata": {
        "start_time_sec": 1.7,
        "end_time_sec": 2.7,
        "duration_sec": 1.0,
        "variance_score": 42.21961580747707,
        "searched_duration_sec": 5.0,
        "joints_used": [
            "Hips",
            "LeftHand",
            "RightHand"
        ],
        "time_window": [
            1.7,
            2.7
        ],
        "mean_motion": 0.0791526595831415,
        "max_motion": 0.4261307838057746,
        "ref_quality_score": 0.7889019209626147,
        "confidence_level": "MEDIUM",
        "ref_is_fallback": false,
        "detection_method": "auto_stable_window",
        "variance_threshold": 100.0,
        "all_window_scores_min": 42.21961580747707,
        "all_window_scores_max": 792.0671490413732
    },
    "metadata": {
        "grade": "MEDIUM",
        "status": "LOCKED"
    }
}