{
    "RightLeg__qx": 0.09327821041555735,
    "RightLeg__qy": -0.026230125324741015,
    "RightLeg__qz": -0.00246226826471975,
    "RightLeg__qw": 0.9952914614433864,
    "RightArm__qx": 0.11781968908576518,
    "RightArm__qy": 0.045939557129467574,
    "RightArm__qz": 0.24540382718697282,
    "RightArm__qw": 0.9611373676829282,
    "LeftFoot__qx": 0.024833794028443497,
    "LeftFoot__qy": 0.04928623803674002,
    "LeftFoot__qz": 0.011529467765181675,
    "LeftFoot__qw": 0.9984093453025119,
    "LeftUpLeg__qx": 0.00230905210168048,
    "LeftUpLeg__qy": -0.022936487468867353,
    "LeftUpLeg__qz": 0.02753614165681674,
    "LeftUpLeg__qw": 0.9993549653269543,
    "LeftForeArm__qx": -0.0392917448528725,
    "LeftForeArm__qy": -0.1478733958355449,
    "LeftForeArm__qz": -0.29083371093840527,
    "LeftForeArm__qw": 0.9444603592381616,
    "RightShoulder__qx": 0.06667683797979516,
    "RightShoulder__qy": -0.11365096962228567,
    "RightShoulder__qz": -0.09191836266168281,
    "RightShoulder__qw": 0.9870099649884625,
    "RightToeBase__qx": 0.035717443057841185,
    "RightToeBase__qy": -0.04989206860687474,
    "RightToeBase__qz": -0.018941350738572015,
    "RightToeBase__qw": 0.997936005455127,
    "RightFoot__qx": 0.03651476018304031,
    "RightFoot__qy": -0.049907160880880444,
    "RightFoot__qz": -0.018901467631833986,
    "RightFoot__qw": 0.9979071510430957,
    "LeftToeBase__qx": 0.02995426050465386,
    "LeftToeBase__qy": 0.049344786893724145,
    "LeftToeBase__qz": 0.01127652581678781,
    "LeftToeBase__qw": 0.998268838664984,
    "Spine1__qx": 0.050667027851818,
    "Spine1__qy": -0.026982768727471323,
    "Spine1__qz": -0.005247352000254444,
    "Spine1__qw": 0.9983372415058192,
    "LeftHandIndex3__qx": 0.11948105286834612,
    "LeftHandIndex3__qy": 0.28518067884222054,
    "LeftHandIndex3__qz": -0.3699177766049998,
    "LeftHandIndex3__qw": 0.8761033597539591,
    "Head__qx": 0.04348858111547337,
    "Head__qy": -0.023376787254966374,
    "Head__qz": -0.02408615428445631,
    "Head__qw": 0.9984899229846961,
    "LeftHandIndex1__qx": 0.1602375128175569,
    "LeftHandIndex1__qy": 0.26443913970687294,
    "LeftHandIndex1__qz": -0.23665132694088467,
    "LeftHandIndex1__qw": 0.921081988931632,
    "Spine__qx": 0.03723411303610462,
    "Spine__qy": -0.0282599745706972,
    "Spine__qz": 0.0009496505377970132,
    "Spine__qw": 0.9989064484863106,
    "LeftArm__qx": 0.11132376465812564,
    "LeftArm__qy": -0.12787922251036443,
    "LeftArm__qz": -0.2604982936928233,
    "LeftArm__qw": 0.9504707059429105,
    "LeftLeg__qx": 0.10201097007051563,
    "LeftLeg__qy": -0.02007457047715562,
    "LeftLeg__qz": 0.029687292962627978,
    "LeftLeg__qw": 0.9941375348723039,
    "LeftHandThumb3__qx": 0.518896545530201,
    "LeftHandThumb3__qy": -0.016765393404122905,
    "LeftHandThumb3__qz": 0.14567636557628655,
    "LeftHandThumb3__qw": 0.8421660721813206,
    "RightHand__qx": 0.06508585285436803,
    "RightHand__qy": 0.06903708768916873,
    "RightHand__qz": 0.030451233753400753,
    "RightHand__qw": 0.995022831217713,
    "LeftHandThumb2__qx": 0.5161122056152843,
    "LeftHandThumb2__qy": 0.056239207550892636,
    "LeftHandThumb2__qz": 0.026017519244501356,
    "LeftHandThumb2__qw": 0.8542765544256359,
    "LeftHand__qx": 0.09604881345355212,
    "LeftHand__qy": 0.25140318926236854,
    "LeftHand__qz": -0.13590042039449965,
    "LeftHand__qw": 0.953468477506977,
    "RightForeArm__qx": 0.0480862508323708,
    "RightForeArm__qy": 0.05993769859657204,
    "RightForeArm__qz": 0.25336764562962777,
    "RightForeArm__qw": 0.9643132379657204,
    "LeftHandThumb1__qx": 0.5183517790860229,
    "LeftHandThumb1__qy": -0.029087505644077038,
    "LeftHandThumb1__qz": 0.16564193591983356,
    "LeftHandThumb1__qw": 0.838467709097071,
    "Neck__qx": 0.04708027546006512,
    "Neck__qy": -0.02518105471116378,
    "Neck__qz": -0.014667494416484213,
    "Neck__qw": 0.9984659367017886,
    "LeftHandIndex2__qx": 0.1317807839409818,
    "LeftHandIndex2__qy": 0.27971008108508727,
    "LeftHandIndex2__qz": -0.3314339614826899,
    "LeftHandIndex2__qw": 0.8913740094366478,
    "Hips__qx": 0.02394819258293318,
    "Hips__qy": -0.029263754916725275,
    "Hips__qz": 0.0018517930261618648,
    "Hips__qw": 0.9992830868091248,
    "RightUpLeg__qx": -0.007874673718546726,
    "RightUpLeg__qy": -0.025846506586242848,
    "RightUpLeg__qz": -0.005102812921845972,
    "RightUpLeg__qw": 0.9996218829694549,
    "LeftShoulder__qx": 0.06901247558776616,
    "LeftShoulder__qy": 0.040424044867623576,
    "LeftShoulder__qz": 0.08570758378810353,
    "LeftShoulder__qw": 0.9931049213909846
}