{
    "Head": [
        5.306114845391556,
        -2.0618831252005014,
        -3.2104658039265743
    ],
    "Hips": [
        1.8399464330885051,
        -3.045503191525693,
        0.03100369699761731
    ],
    "LeftArm": [
        12.083699913004486,
        -5.30567594270161,
        -34.417678147405724
    ],
    "LeftFoot": [
        2.5965965751041598,
        5.5803431941674475,
        1.3540564525386845
    ],
    "LeftForeArm": [
        -3.302428121092943,
        -32.63415304891468,
        -36.747022112614204
    ],
    "LeftHand": [
        -5.658060620315113,
        20.48543192190497,
        -15.491362011461769
    ],
    "LeftLeg": [
        11.247488046117468,
        -2.3100132800286515,
        3.0040548023912215
    ],
    "LeftShoulder": [
        7.4691751745647315,
        5.714468749189689,
        9.676659830600498
    ],
    "LeftToeBase": [
        3.2154207336071723,
        5.580339722383648,
        1.3540610298227358
    ],
    "LeftUpLeg": [
        -0.5015764068928278,
        -2.3101593355931627,
        3.00579141062233
    ],
    "Neck": [
        5.320579507287196,
        -2.1489887402922943,
        -2.0784648246730444
    ],
    "RightArm": [
        13.686719741098765,
        1.2446787651175018,
        33.176625176663904
    ],
    "RightFoot": [
        4.0618932876726035,
        -5.632167226308501,
        -2.401989631571763
    ],
    "RightForeArm": [
        6.819760352952446,
        5.308765580188709,
        34.15418311047077
    ],
    "RightHand": [
        6.551234779743739,
        7.387327530596888,
        6.864255845450476
    ],
    "RightLeg": [
        10.151393461501186,
        -2.6780100733000354,
        -0.7220448513047326
    ],
    "RightShoulder": [
        8.800231291612931,
        -12.209702875150837,
        -10.810426886893799
    ],
    "RightToeBase": [
        4.015143277443585,
        -5.632169520902971,
        -2.401986633513087
    ],
    "RightUpLeg": [
        -1.2883992180927537,
        -2.6779773333538492,
        -0.7228678502697372
    ],
    "Spine": [
        3.5722306495554617,
        -2.6752169461942685,
        -0.12006248840381603
    ],
    "Spine1": [
        5.333219138654021,
        -2.236541202953688,
        -0.9464167932521438
    ]
}