{
    "LeftHandThumb3__qx": 0.25845721804752136,
    "LeftHandThumb3__qy": -0.10565935112463944,
    "LeftHandThumb3__qz": -0.09999535011606468,
    "LeftHandThumb3__qw": 0.9550062292541457,
    "LeftShoulder__qx": -0.011005915441795525,
    "LeftShoulder__qy": 0.07094903553773609,
    "LeftShoulder__qz": 0.07906122366346016,
    "LeftShoulder__qw": 0.9942808592618031,
    "RightShoulder__qx": -0.039892191921247384,
    "RightShoulder__qy": -0.09409333551199318,
    "RightShoulder__qz": -0.0790010532013727,
    "RightShoulder__qw": 0.9916218487049485,
    "LeftForeArm__qx": -0.09443146028392567,
    "LeftForeArm__qy": -0.08957738108326538,
    "LeftForeArm__qz": -0.13233673529926013,
    "LeftForeArm__qw": 0.9826217891931984,
    "LeftFoot__qx": -0.04576566844367617,
    "LeftFoot__qy": 0.0832101766812494,
    "LeftFoot__qz": -0.07068227394924709,
    "LeftFoot__qw": 0.9929680690928296,
    "Hips__qx": -0.021283385850263365,
    "Hips__qy": -0.04607941642265815,
    "Hips__qz": 0.014336171624604575,
    "Hips__qw": 0.9986081208622559,
    "RightHand__qx": -0.14078591368131296,
    "RightHand__qy": -0.06346506762693548,
    "RightHand__qz": 0.08871435124072388,
    "RightHand__qw": 0.9840128432007196,
    "LeftLeg__qx": -0.08536558923748613,
    "LeftLeg__qy": -0.05763792399422598,
    "LeftLeg__qz": 0.05686713166766819,
    "LeftLeg__qw": 0.9930542357936272,
    "LeftHandThumb1__qx": 0.23058746106724595,
    "LeftHandThumb1__qy": -0.15745866005687267,
    "LeftHandThumb1__qz": 0.1022859105497692,
    "LeftHandThumb1__qw": 0.954763732907079,
    "LeftHandThumb2__qx": 0.263153482395458,
    "LeftHandThumb2__qy": -0.09334962807099537,
    "LeftHandThumb2__qz": -0.14493454844281933,
    "LeftHandThumb2__qw": 0.9492260364685675,
    "LeftArm__qx": 0.07485277504026142,
    "LeftArm__qy": -0.0544584220901502,
    "LeftArm__qz": -0.11176330142789538,
    "LeftArm__qw": 0.9894141229971203,
    "RightUpLeg__qx": -0.01085844163142915,
    "RightUpLeg__qy": -0.04987042979761701,
    "RightUpLeg__qz": -0.04872314562515471,
    "RightUpLeg__qw": 0.9975074383469669,
    "LeftToeBase__qx": -0.03246268583803655,
    "LeftToeBase__qy": 0.08225577299956403,
    "LeftToeBase__qz": -0.07179046388040503,
    "LeftToeBase__qw": 0.993491968328009,
    "LeftUpLeg__qx": 0.1629737555716007,
    "LeftUpLeg__qy": -0.04177694179970351,
    "LeftUpLeg__qz": 0.06935913057086499,
    "LeftUpLeg__qw": 0.9833023711632176,
    "RightFoot__qx": -0.018688838308727633,
    "RightFoot__qy": 0.0016839421146603215,
    "RightFoot__qz": 0.01835049655238085,
    "RightFoot__qw": 0.9996555161343861,
    "LeftHandIndex1__qx": -0.13616997083744245,
    "LeftHandIndex1__qy": -0.0580249692182579,
    "LeftHandIndex1__qz": -0.3663832250793855,
    "LeftHandIndex1__qw": 0.9186153571380019,
    "Neck__qx": -0.006623768424438317,
    "Neck__qy": 0.05652422759024867,
    "Neck__qz": 0.0012861352876627683,
    "Neck__qw": 0.9983784268718987,
    "RightForeArm__qx": -0.017566980804929126,
    "RightForeArm__qy": 0.07834021685267853,
    "RightForeArm__qz": 0.040823895649596355,
    "RightForeArm__qw": 0.9959355507023863,
    "Spine1__qx": -0.013793323465149615,
    "Spine1__qy": -0.023189865251449483,
    "Spine1__qz": 0.011742354168299371,
    "Spine1__qw": 0.9995669519827032,
    "LeftHandIndex3__qx": -0.11362507228939969,
    "LeftHandIndex3__qy": -0.09488772710838735,
    "LeftHandIndex3__qz": -0.6160530082455798,
    "LeftHandIndex3__qw": 0.7736694082248596,
    "RightArm__qx": -0.005557691565033841,
    "RightArm__qy": 0.08645189665319947,
    "RightArm__qz": 0.039809631171196284,
    "RightArm__qw": 0.9954448125815644,
    "LeftHandIndex2__qx": -0.12136506101646054,
    "LeftHandIndex2__qy": -0.0847544715333964,
    "LeftHandIndex2__qz": -0.547188280512921,
    "LeftHandIndex2__qw": 0.8238156269389884,
    "Spine__qx": -0.017578846138796695,
    "Spine__qy": -0.0346259319517079,
    "Spine__qz": 0.01388957468431575,
    "Spine__qw": 0.9991491924232302,
    "RightLeg__qx": 0.07207477768799711,
    "RightLeg__qy": -0.05374727048484134,
    "RightLeg__qz": -0.044410562635335445,
    "RightLeg__qw": 0.9949593756847905,
    "LeftHand__qx": -0.17024801088571845,
    "LeftHand__qy": 0.07798216150301644,
    "LeftHand__qz": -0.20990832237621304,
    "LeftHand__qw": 0.9596212239597338,
    "Head__qx": 0.0005888487083373796,
    "Head__qy": 0.13587027460165782,
    "Head__qz": -0.009178550827019683,
    "Head__qw": 0.9906839435165913,
    "RightToeBase__qx": -0.017057259378231937,
    "RightToeBase__qy": 0.0017140084391197162,
    "RightToeBase__qz": 0.018347701133872952,
    "RightToeBase__qw": 0.9996846872592761
}