{
  "offsets_map": {
    "LeftHandThumb3": [
      -0.25845721804752136,
      0.10565935112463944,
      0.09999535011606468,
      0.9550062292541457
    ],
    "LeftShoulder": [
      0.011005915441795525,
      -0.07094903553773609,
      -0.07906122366346016,
      0.9942808592618031
    ],
    "RightShoulder": [
      0.039892191921247384,
      0.09409333551199318,
      0.0790010532013727,
      0.9916218487049485
    ],
    "LeftForeArm": [
      0.09443146028392567,
      0.08957738108326538,
      0.13233673529926013,
      0.9826217891931984
    ],
    "LeftFoot": [
      0.04576566844367617,
      -0.0832101766812494,
      0.07068227394924709,
      0.9929680690928296
    ],
    "Hips": [
      0.021283385850263365,
      0.04607941642265815,
      -0.014336171624604575,
      0.9986081208622559
    ],
    "RightHand": [
      0.14078591368131296,
      0.06346506762693548,
      -0.08871435124072388,
      0.9840128432007196
    ],
    "LeftLeg": [
      0.08536558923748613,
      0.05763792399422598,
      -0.05686713166766819,
      0.9930542357936272
    ],
    "LeftHandThumb1": [
      -0.23058746106724595,
      0.15745866005687267,
      -0.1022859105497692,
      0.954763732907079
    ],
    "LeftHandThumb2": [
      -0.263153482395458,
      0.09334962807099537,
      0.14493454844281933,
      0.9492260364685675
    ],
    "LeftArm": [
      -0.07485277504026142,
      0.0544584220901502,
      0.11176330142789538,
      0.9894141229971203
    ],
    "RightUpLeg": [
      0.01085844163142915,
      0.04987042979761701,
      0.04872314562515471,
      0.9975074383469669
    ],
    "LeftToeBase": [
      0.03246268583803655,
      -0.08225577299956403,
      0.07179046388040503,
      0.993491968328009
    ],
    "LeftUpLeg": [
      -0.1629737555716007,
      0.04177694179970351,
      -0.06935913057086499,
      0.9833023711632176
    ],
    "RightFoot": [
      0.018688838308727633,
      -0.0016839421146603215,
      -0.01835049655238085,
      0.9996555161343861
    ],
    "LeftHandIndex1": [
      0.13616997083744245,
      0.0580249692182579,
      0.3663832250793855,
      0.9186153571380019
    ],
    "Neck": [
      0.006623768424438317,
      -0.05652422759024867,
      -0.0012861352876627683,
      0.9983784268718987
    ],
    "RightForeArm": [
      0.017566980804929126,
      -0.07834021685267853,
      -0.040823895649596355,
      0.9959355507023863
    ],
    "Spine1": [
      0.013793323465149615,
      0.023189865251449483,
      -0.011742354168299371,
      0.9995669519827032
    ],
    "LeftHandIndex3": [
      0.11362507228939969,
      0.09488772710838735,
      0.6160530082455798,
      0.7736694082248596
    ],
    "RightArm": [
      0.005557691565033841,
      -0.08645189665319947,
      -0.039809631171196284,
      0.9954448125815644
    ],
    "LeftHandIndex2": [
      0.12136506101646054,
      0.0847544715333964,
      0.547188280512921,
      0.8238156269389884
    ],
    "Spine": [
      0.017578846138796695,
      0.0346259319517079,
      -0.01388957468431575,
      0.9991491924232302
    ],
    "RightLeg": [
      -0.07207477768799711,
      0.05374727048484134,
      0.044410562635335445,
      0.9949593756847905
    ],
    "LeftHand": [
      0.17024801088571845,
      -0.07798216150301644,
      0.20990832237621304,
      0.9596212239597338
    ],
    "Head": [
      -0.0005888487083373796,
      -0.13587027460165782,
      0.009178550827019683,
      0.9906839435165913
    ],
    "RightToeBase": [
      0.017057259378231937,
      -0.0017140084391197162,
      -0.018347701133872952,
      0.9996846872592761
    ]
  },
  "metadata": {
    "fs": 120.0,
    "window_duration_sec": 1.0,
    "quat_order": "xyzw",
    "hemisphere_alignment_applied": true,
    "v_pose_correction_applied": true,
    "v_pose_correction_quat_xyzw": [
      0.2266821620154502,
      0.0,
      -0.6320894931636364,
      0.7409980229772133
    ],
    "shoulder_joints": [
      "LeftShoulder",
      "RightShoulder"
    ],
    "time_window": [
      1.3,
      2.3
    ]
  }
}