{
  "offsets_map": {
    "RightLeg": [
      -0.09327821041555735,
      0.026230125324741015,
      0.00246226826471975,
      0.9952914614433864
    ],
    "RightArm": [
      -0.11781968908576518,
      -0.045939557129467574,
      -0.24540382718697282,
      0.9611373676829282
    ],
    "LeftFoot": [
      -0.024833794028443497,
      -0.04928623803674002,
      -0.011529467765181675,
      0.9984093453025119
    ],
    "LeftUpLeg": [
      -0.00230905210168048,
      0.022936487468867353,
      -0.02753614165681674,
      0.9993549653269543
    ],
    "LeftForeArm": [
      0.0392917448528725,
      0.1478733958355449,
      0.29083371093840527,
      0.9444603592381616
    ],
    "RightShoulder": [
      -0.06667683797979516,
      0.11365096962228567,
      0.09191836266168281,
      0.9870099649884625
    ],
    "RightToeBase": [
      -0.035717443057841185,
      0.04989206860687474,
      0.018941350738572015,
      0.997936005455127
    ],
    "RightFoot": [
      -0.03651476018304031,
      0.049907160880880444,
      0.018901467631833986,
      0.9979071510430957
    ],
    "LeftToeBase": [
      -0.02995426050465386,
      -0.049344786893724145,
      -0.01127652581678781,
      0.998268838664984
    ],
    "Spine1": [
      -0.050667027851818,
      0.026982768727471323,
      0.005247352000254444,
      0.9983372415058192
    ],
    "LeftHandIndex3": [
      -0.11948105286834612,
      -0.28518067884222054,
      0.3699177766049998,
      0.8761033597539591
    ],
    "Head": [
      -0.04348858111547337,
      0.023376787254966374,
      0.02408615428445631,
      0.9984899229846961
    ],
    "LeftHandIndex1": [
      -0.1602375128175569,
      -0.26443913970687294,
      0.23665132694088467,
      0.921081988931632
    ],
    "Spine": [
      -0.03723411303610462,
      0.0282599745706972,
      -0.0009496505377970132,
      0.9989064484863106
    ],
    "LeftArm": [
      -0.11132376465812564,
      0.12787922251036443,
      0.2604982936928233,
      0.9504707059429105
    ],
    "LeftLeg": [
      -0.10201097007051563,
      0.02007457047715562,
      -0.029687292962627978,
      0.9941375348723039
    ],
    "LeftHandThumb3": [
      -0.518896545530201,
      0.016765393404122905,
      -0.14567636557628655,
      0.8421660721813206
    ],
    "RightHand": [
      -0.06508585285436803,
      -0.06903708768916873,
      -0.030451233753400753,
      0.995022831217713
    ],
    "LeftHandThumb2": [
      -0.5161122056152843,
      -0.056239207550892636,
      -0.026017519244501356,
      0.8542765544256359
    ],
    "LeftHand": [
      -0.09604881345355212,
      -0.25140318926236854,
      0.13590042039449965,
      0.953468477506977
    ],
    "RightForeArm": [
      -0.0480862508323708,
      -0.05993769859657204,
      -0.25336764562962777,
      0.9643132379657204
    ],
    "LeftHandThumb1": [
      -0.5183517790860229,
      0.029087505644077038,
      -0.16564193591983356,
      0.838467709097071
    ],
    "Neck": [
      -0.04708027546006512,
      0.02518105471116378,
      0.014667494416484213,
      0.9984659367017886
    ],
    "LeftHandIndex2": [
      -0.1317807839409818,
      -0.27971008108508727,
      0.3314339614826899,
      0.8913740094366478
    ],
    "Hips": [
      -0.02394819258293318,
      0.029263754916725275,
      -0.0018517930261618648,
      0.9992830868091248
    ],
    "RightUpLeg": [
      0.007874673718546726,
      0.025846506586242848,
      0.005102812921845972,
      0.9996218829694549
    ],
    "LeftShoulder": [
      -0.06901247558776616,
      -0.040424044867623576,
      -0.08570758378810353,
      0.9931049213909846
    ]
  },
  "metadata": {
    "fs": 120.0,
    "window_duration_sec": 1.0,
    "quat_order": "xyzw",
    "hemisphere_alignment_applied": true,
    "v_pose_correction_applied": true,
    "v_pose_correction_quat_xyzw": [
      0.5107615468141412,
      0.0,
      -0.22049460591966563,
      0.8309661672152227
    ],
    "shoulder_joints": [
      "LeftShoulder",
      "RightShoulder"
    ],
    "time_window": [
      0.0,
      1.0
    ]
  }
}