{
  "offsets_map": {
    "Neck": [
      -0.029696585944223416,
      -0.011468785662311201,
      -0.002804102622972702,
      0.9994892279295307
    ],
    "Hips": [
      0.00924146066893495,
      -0.017173504344794983,
      0.007056735120268432,
      0.999784911189735
    ],
    "Spine1": [
      0.00355908462679453,
      -0.008461478069244056,
      0.010099611998310188,
      0.9999068627342181
    ],
    "LeftHandThumb1": [
      -0.49465746755181933,
      0.17509934893422288,
      -0.4059951949801926,
      0.7482126097915135
    ],
    "LeftHandThumb3": [
      -0.5241602423511863,
      0.024518072290566406,
      -0.17219062565478738,
      0.8336697744947416
    ],
    "LeftToeBase": [
      0.02793924867045238,
      -0.047915301269519046,
      0.013760090885115952,
      0.9983657557162181
    ],
    "RightToeBase": [
      0.0050499168672598314,
      0.0002995083388883215,
      -0.005667725247899113,
      0.9999711423460694
    ],
    "RightHand": [
      -0.07981055072019101,
      -0.04806462631885484,
      0.055458848324089066,
      0.994104815315334
    ],
    "LeftFoot": [
      0.026340601856700334,
      -0.04789288669691635,
      0.013836784318884573,
      0.9984092284716602
    ],
    "LeftHandIndex1": [
      -0.2521410557381385,
      0.034889736296432536,
      0.13392697958089658,
      0.9577427412686355
    ],
    "Spine": [
      0.006383259837357965,
      -0.012821086340872381,
      0.007578785107670252,
      0.9998687092589609
    ],
    "LeftForeArm": [
      -0.04929659078436326,
      0.030722443062638428,
      0.14167884540672626,
      0.9882070038172767
    ],
    "LeftUpLeg": [
      -0.07361887312911912,
      -0.02504801621430124,
      -0.0054104183566345675,
      0.9969571634609649
    ],
    "LeftHandIndex3": [
      -0.24360323760324257,
      -0.07382574377910814,
      0.5224196497539492,
      0.8138089036964642
    ],
    "RightUpLeg": [
      -0.044979564793985884,
      -0.010579263754224024,
      0.004857094155805754,
      0.9989200801694417
    ],
    "LeftHandIndex2": [
      -0.25099133470836904,
      -0.04237957103572075,
      0.41514749724402594,
      0.8734185007155283
    ],
    "RightLeg": [
      -0.020046690014689658,
      -0.01069707021602375,
      0.004591501526575564,
      0.999731274404267
    ],
    "RightFoot": [
      0.008155074984931187,
      0.0003170999973131436,
      -0.005666774990530056,
      0.9999506397121753
    ],
    "RightArm": [
      -0.11495555855425595,
      -0.06208591347790967,
      -0.12714307725281346,
      0.9832421862449646
    ],
    "LeftLeg": [
      0.0051784860521598645,
      -0.024543812883349555,
      -0.007367837202998675,
      0.9996581913365713
    ],
    "LeftHand": [
      -0.1545120249703819,
      0.09740730806329002,
      -0.10553579978644644,
      0.9774968263062804
    ],
    "Head": [
      -0.06291414299808683,
      -0.014461489293900556,
      -0.01570418360330986,
      0.9977905865238318
    ],
    "RightForeArm": [
      -0.06713597470714759,
      -0.10097448368150613,
      -0.1366739737619986,
      0.9831668929746765
    ],
    "LeftShoulder": [
      -0.02530917259363871,
      -0.07044749810726429,
      -0.05949044191230403,
      0.9954182453190876
    ],
    "LeftHandThumb2": [
      -0.5242978051166315,
      0.02138383820247854,
      -0.16720460968985937,
      0.8346838692056262
    ],
    "RightShoulder": [
      -0.015299713283815705,
      0.06971429383989629,
      0.07568478234027304,
      0.9945741046950414
    ],
    "LeftArm": [
      -0.09815764343636514,
      0.046369759866336256,
      0.14079057350289242,
      0.9840695792563067
    ]
  },
  "metadata": {
    "fs": 120.0,
    "window_duration_sec": 1.0,
    "quat_order": "xyzw",
    "hemisphere_alignment_applied": true,
    "v_pose_correction_applied": true,
    "v_pose_correction_quat_xyzw": [
      0.5461600830078243,
      8.669491438882011e-18,
      -0.24718383356200804,
      0.8003807319985135
    ],
    "shoulder_joints": [
      "LeftShoulder",
      "RightShoulder"
    ],
    "time_window": [
      1.6,
      2.6
    ]
  }
}