{
    "LeftToeBase__qx": -0.021798240888688637,
    "LeftToeBase__qy": 0.08493513784680407,
    "LeftToeBase__qz": -0.051268409480777107,
    "LeftToeBase__qw": 0.9948278289444935,
    "Head__qx": 0.11742811034381363,
    "Head__qy": 0.17135568155877545,
    "Head__qz": 0.024104878712130864,
    "Head__qw": 0.9778889630836838,
    "LeftHandIndex1__qx": -0.1254473126046654,
    "LeftHandIndex1__qy": -0.018031928240313275,
    "LeftHandIndex1__qz": -0.36320169669286806,
    "LeftHandIndex1__qw": 0.9230505667858211,
    "RightShoulder__qx": -0.005417168147613334,
    "RightShoulder__qy": -0.10710002095981311,
    "RightShoulder__qz": -0.08240723921250394,
    "RightShoulder__qw": 0.9908124377121238,
    "Spine__qx": 0.008121266433717245,
    "Spine__qy": -0.03406463386936709,
    "Spine__qz": 0.009238134204433738,
    "Spine__qw": 0.9993439361037217,
    "LeftFoot__qx": -0.03862479929839116,
    "LeftFoot__qy": 0.08579026043665308,
    "LeftFoot__qz": -0.04982420389174686,
    "LeftFoot__qw": 0.9943167024645236,
    "RightToeBase__qx": 0.015563122234683537,
    "RightToeBase__qy": -0.035081964675401305,
    "RightToeBase__qz": -0.002679194057061966,
    "RightToeBase__qw": 0.9992596593979098,
    "LeftArm__qx": 0.07138055829901808,
    "LeftArm__qy": 0.004460331802060345,
    "LeftArm__qz": -0.10853413400595475,
    "LeftArm__qw": 0.9915166479150582,
    "LeftHandIndex2__qx": -0.11801479295881882,
    "LeftHandIndex2__qy": -0.04620247882411253,
    "LeftHandIndex2__qz": -0.5644005622855841,
    "LeftHandIndex2__qw": 0.8157143157289267,
    "LeftHandThumb3__qx": 0.28064790062303907,
    "LeftHandThumb3__qy": -0.14343607615904003,
    "LeftHandThumb3__qz": 0.004909938622319269,
    "LeftHandThumb3__qw": 0.949019884109234,
    "LeftShoulder__qx": -0.0009172516521335802,
    "LeftShoulder__qy": 0.09023006983909417,
    "LeftShoulder__qz": 0.07489691738727819,
    "LeftShoulder__qw": 0.9931002693142934,
    "LeftHand__qx": -0.1504010187013477,
    "LeftHand__qy": 0.11687479178824788,
    "LeftHand__qz": -0.18323364193683667,
    "LeftHand__qw": 0.9644403812992349,
    "Neck__qx": 0.06229565799177318,
    "Neck__qy": 0.07403378934244505,
    "Neck__qz": 0.014534363810363314,
    "Neck__qw": 0.9952019902007826,
    "Hips__qx": 0.010039208807425391,
    "Hips__qy": -0.04385981659138158,
    "Hips__qz": 0.010132508993423132,
    "Hips__qw": 0.9989358653269936,
    "Spine1__qx": 0.006359374188120069,
    "Spine1__qy": -0.024243311832189383,
    "Spine1__qz": 0.004776188986193493,
    "Spine1__qw": 0.9996744511140169,
    "RightArm__qx": 0.024724193675009307,
    "RightArm__qy": 0.031396674407885856,
    "RightArm__qz": 0.08674785756257662,
    "RightArm__qw": 0.9954284365495838,
    "RightForeArm__qx": -0.08775972174019694,
    "RightForeArm__qy": 0.02307295607284077,
    "RightForeArm__qz": 0.08996152679939318,
    "RightForeArm__qw": 0.9918027997712379,
    "LeftHandIndex3__qx": -0.11304301404473281,
    "LeftHandIndex3__qy": -0.05730131915363588,
    "LeftHandIndex3__qz": -0.6399910071637325,
    "LeftHandIndex3__qw": 0.7578583947865768,
    "RightHand__qx": -0.19451902486363293,
    "RightHand__qy": -0.11915947101472187,
    "RightHand__qz": 0.1764158733299377,
    "RightHand__qw": 0.9575180463421191,
    "LeftForeArm__qx": -0.05136054592318239,
    "LeftForeArm__qy": -0.03842504017050902,
    "LeftForeArm__qz": -0.11773415782718111,
    "LeftForeArm__qw": 0.9909713813683481,
    "RightUpLeg__qx": 0.01737486062227796,
    "RightUpLeg__qy": -0.05004807122175086,
    "RightUpLeg__qz": -0.023637692463780113,
    "RightUpLeg__qw": 0.9983158639831017,
    "LeftLeg__qx": -0.09158578498120284,
    "LeftLeg__qy": -0.043688239787454765,
    "LeftLeg__qz": 0.014696485653354548,
    "LeftLeg__qw": 0.9947298100504938,
    "LeftHandThumb2__qx": 0.29202406889448346,
    "LeftHandThumb2__qy": -0.1185667230940992,
    "LeftHandThumb2__qz": -0.07737150574377598,
    "LeftHandThumb2__qw": 0.9458739479761444,
    "RightFoot__qx": 0.014380948979940881,
    "RightFoot__qy": -0.03507860126033109,
    "RightFoot__qz": -0.002720768034526798,
    "RightFoot__qw": 0.9992773776391405,
    "LeftUpLeg__qx": 0.1573614736354957,
    "LeftUpLeg__qy": -0.03869414252343659,
    "LeftUpLeg__qz": 0.02504826626098322,
    "LeftUpLeg__qw": 0.986464755734821,
    "RightLeg__qx": 0.08929642024970093,
    "RightLeg__qy": -0.05162195507454056,
    "RightLeg__qz": -0.019968554625346142,
    "RightLeg__qw": 0.9944659772516331,
    "LeftHandThumb1__qx": 0.25935399523870073,
    "LeftHandThumb1__qy": -0.1790827389877074,
    "LeftHandThumb1__qz": 0.129634259769234,
    "LeftHandThumb1__qw": 0.9401382007154413
}