{
  "offsets_map": {
    "Head": [
      0.07086056333487382,
      -0.16558404040882474,
      -0.04077227424329237,
      0.9828012656579065
    ],
    "LeftHandIndex1": [
      0.03960569987274859,
      0.07248924505799197,
      0.31783140347666516,
      0.944542162559494
    ],
    "RightFoot": [
      0.022092949538116587,
      0.02417086615764563,
      -0.0021461832908567123,
      0.9994613873017695
    ],
    "Spine1": [
      0.013126569539177223,
      0.02790494886335615,
      -0.004030720116270236,
      0.9995162631475343
    ],
    "LeftFoot": [
      0.056779490473359735,
      -0.08956565773686814,
      0.07769067952490347,
      0.9913214618531704
    ],
    "LeftHand": [
      0.07947307131691682,
      -0.03881753133897127,
      0.034342785417226615,
      0.9954887258457479
    ],
    "LeftForeArm": [
      -0.2612589990180833,
      0.18238566745185464,
      0.15306292170554536,
      0.935441577940158
    ],
    "RightHand": [
      0.10474391135594163,
      0.05803190113361411,
      -0.17778962498566736,
      0.9767557835672809
    ],
    "RightShoulder": [
      0.014658132401503859,
      0.0861756423827007,
      0.060903948615612116,
      0.9943086074541725
    ],
    "RightToeBase": [
      0.004719025049516129,
      0.024129850245317393,
      -0.0025659500309710183,
      0.9996944018199558
    ],
    "RightUpLeg": [
      0.02039524456787673,
      0.06026382445849561,
      0.019848127374074674,
      0.9977767071346147
    ],
    "LeftToeBase": [
      0.034833415074975775,
      -0.08782545473252197,
      0.07965347616093538,
      0.9923349466942699
    ],
    "RightLeg": [
      -0.07799389507917015,
      0.06192588896580895,
      0.013815054075777817,
      0.9949328021967399
    ],
    "RightArm": [
      -0.031496863781316393,
      -0.08134758621778015,
      -0.10505283216445967,
      0.9906333429895785
    ],
    "LeftShoulder": [
      -0.009905336324657283,
      -0.061200029864180244,
      -0.04406742086263754,
      0.997103055393691
    ],
    "LeftHandThumb1": [
      -0.33341701725257444,
      0.1604212484538318,
      -0.3160461266919445,
      0.8736206049847552
    ],
    "LeftArm": [
      -0.1463716927410619,
      0.06360396297829114,
      0.16312203129417321,
      0.9736123799356883
    ],
    "Neck": [
      0.042217919236979096,
      -0.06920718311571215,
      -0.022521090811395174,
      0.9964541201526306
    ],
    "LeftLeg": [
      0.09027710286041689,
      0.068525340123485,
      -0.020701362114838057,
      0.9933407149949511
    ],
    "Spine": [
      0.01705481445165646,
      0.04297230309218779,
      -0.00851371554812069,
      0.998894404388441
    ],
    "Hips": [
      0.020772242507981487,
      0.058075798942948245,
      -0.009438591287857373,
      0.9980514157661562
    ],
    "LeftHandThumb2": [
      -0.35853476800760303,
      0.09140494076324081,
      -0.1372631658866329,
      0.918834468348125
    ],
    "LeftHandIndex3": [
      0.0007777122834294717,
      0.08260022192268159,
      0.7254034802309832,
      0.6833493904077954
    ],
    "LeftUpLeg": [
      -0.1582859035476411,
      0.061273425283206506,
      -0.0370112869831233,
      0.9847950572215638
    ],
    "LeftHandThumb3": [
      -0.34677362140794865,
      0.1290359354570083,
      -0.23425198966947458,
      0.8990126740998949
    ],
    "LeftHandIndex2": [
      0.012647878085640848,
      0.08162966302056578,
      0.6195918337693171,
      0.7805655570299362
    ],
    "RightForeArm": [
      0.017719792366160527,
      -0.0829101899329751,
      -0.10945625344418587,
      0.9903692432349362
    ]
  },
  "metadata": {
    "fs": 120.0,
    "window_duration_sec": 1.0,
    "quat_order": "xyzw",
    "hemisphere_alignment_applied": true,
    "v_pose_correction_applied": true,
    "v_pose_correction_quat_xyzw": [
      0.32515668630190897,
      0.0,
      -0.5896892866499095,
      0.7392832167467911
    ],
    "shoulder_joints": [
      "LeftShoulder",
      "RightShoulder"
    ],
    "time_window": [
      2.0,
      3.0
    ]
  }
}