{
  "offsets_map": {
    "LeftHandThumb1": [
      -0.3038667088177312,
      0.22486091166048008,
      -0.01894782593648874,
      0.9256044368799117
    ],
    "LeftHandIndex1": [
      0.04348666480694036,
      -0.05142339197199575,
      0.3998088467110977,
      0.9141211248153088
    ],
    "LeftShoulder": [
      -0.012801810256562917,
      -0.0929035036445714,
      -0.06598082205072231,
      0.9934040385393191
    ],
    "RightArm": [
      -0.03211045709369574,
      -0.07113509729329437,
      -0.06785460217660207,
      0.9946378584398257
    ],
    "LeftForeArm": [
      0.018830619534174663,
      0.04927066595766677,
      0.15531896707841145,
      0.986455182818633
    ],
    "LeftHandIndex2": [
      0.051557509333109354,
      -0.043325793745406946,
      0.5487101075775569,
      0.8332958158240822
    ],
    "Hips": [
      0.020747514141993374,
      0.05005805916885347,
      -0.008202172238524996,
      0.9984970985134334
    ],
    "LeftUpLeg": [
      -0.1507127500821721,
      0.044876392183565074,
      -0.04719704438132387,
      0.9864300357293075
    ],
    "Neck": [
      -0.0254562187771061,
      -0.05999281605387269,
      -0.010819528938953295,
      0.997815504359918
    ],
    "LeftLeg": [
      0.09801921778949968,
      0.055158010541564405,
      -0.034627224471346245,
      0.9930512484974995
    ],
    "LeftArm": [
      -0.10300798610536005,
      0.005197468272114169,
      0.14251903854079845,
      0.9844037102609299
    ],
    "Spine": [
      0.009960542127134597,
      0.030949027422412356,
      -0.0075075399600576746,
      0.9994431360242004
    ],
    "LeftHand": [
      0.07565381632563604,
      -0.1497953244482816,
      0.2578895573581268,
      0.9514887477287529
    ],
    "Head": [
      -0.049723201893008356,
      -0.13145697787603175,
      -0.018971908503894113,
      0.9898922834576133
    ],
    "Spine1": [
      -0.0010411099316630747,
      0.011820102068671396,
      -0.0026042875063268384,
      0.9999262067591692
    ],
    "LeftToeBase": [
      0.025826677274071633,
      -0.09993342542571834,
      0.05920732186518185,
      0.9928951537102073
    ],
    "LeftHandThumb2": [
      -0.3460491626327844,
      0.15214541135348417,
      0.1860819465470457,
      0.9069042176627532
    ],
    "RightToeBase": [
      -0.008218987224617764,
      0.03608650042106299,
      0.006812828225503427,
      0.9992916481728105
    ],
    "RightLeg": [
      -0.0854352034863678,
      0.060474637487440586,
      0.04510554236489463,
      0.993483333666939
    ],
    "RightUpLeg": [
      -0.0006673756858749689,
      0.056421250666466555,
      0.050083319043415536,
      0.9971498674906
    ],
    "LeftHandIndex3": [
      0.05449368509037728,
      -0.03956860795201277,
      0.6063144751234916,
      0.7923682987132535
    ],
    "RightForeArm": [
      0.026519204582510135,
      -0.06545868311450148,
      -0.07178997471969768,
      0.9949161231596216
    ],
    "RightHand": [
      0.12541811796606886,
      0.08094490845043138,
      -0.18250334530054027,
      0.9718079781705398
    ],
    "RightShoulder": [
      0.008113337435670092,
      0.08764511601820801,
      0.08722255661269612,
      0.9922926649994723
    ],
    "LeftHandThumb3": [
      -0.3323194083254808,
      0.1801746081147715,
      0.11063164401077184,
      0.919163511451779
    ],
    "LeftFoot": [
      0.052407855721341975,
      -0.1014830777431673,
      0.05650976449888871,
      0.9918473915410301
    ],
    "RightFoot": [
      -0.0006695000055466328,
      0.03603397555394915,
      0.0070853167807369225,
      0.99932522366927
    ]
  },
  "metadata": {
    "fs": 120.0,
    "window_duration_sec": 1.0,
    "quat_order": "xyzw",
    "hemisphere_alignment_applied": true,
    "v_pose_correction_applied": true,
    "v_pose_correction_quat_xyzw": [
      0.4138130681337832,
      0.0,
      -0.5140457469064456,
      0.7513426080884136
    ],
    "shoulder_joints": [
      "LeftShoulder",
      "RightShoulder"
    ],
    "time_window": [
      0.1,
      1.1
    ]
  }
}