{
    "LeftFoot__qx": -0.02521775950330486,
    "LeftFoot__qy": 0.06344846130649223,
    "LeftFoot__qz": -0.00548918358163155,
    "LeftFoot__qw": 0.997651355046982,
    "LeftHandIndex2__qx": 0.18138748173883168,
    "LeftHandIndex2__qy": 0.06757024842245911,
    "LeftHandIndex2__qz": -0.6757383854485274,
    "LeftHandIndex2__qw": 0.7112738413775596,
    "LeftHandIndex3__qx": 0.16533863987412323,
    "LeftHandIndex3__qy": 0.10064942382276001,
    "LeftHandIndex3__qz": -0.7980397672937347,
    "LeftHandIndex3__qw": 0.5706709712842272,
    "RightArm__qx": 0.10609725612181886,
    "RightArm__qy": 0.027788598586554192,
    "RightArm__qz": 0.1755034939196529,
    "RightArm__qw": 0.978350494278002,
    "LeftHandThumb1__qx": 0.4420760347683085,
    "LeftHandThumb1__qy": -0.1883702606810229,
    "LeftHandThumb1__qz": 0.3908158684929708,
    "LeftHandThumb1__qw": 0.785078582887457,
    "LeftArm__qx": 0.11987761092447144,
    "LeftArm__qy": -0.04719235972438849,
    "LeftArm__qz": -0.2102377123378967,
    "LeftArm__qw": 0.9691245244516377,
    "RightForeArm__qx": 0.06586300697335874,
    "RightForeArm__qy": 0.07497871211620458,
    "RightForeArm__qz": 0.18342494355068656,
    "RightForeArm__qw": 0.9779547776483584,
    "LeftForeArm__qx": 0.05454958087060411,
    "LeftForeArm__qy": -0.024679151877726405,
    "LeftForeArm__qz": -0.21144441713910453,
    "LeftForeArm__qw": 0.9755544788222449,
    "RightUpLeg__qx": 0.050674742872474185,
    "RightUpLeg__qy": -0.017753675857042985,
    "RightUpLeg__qz": -0.014038723923847292,
    "RightUpLeg__qw": 0.9984587080390264,
    "LeftUpLeg__qx": 0.08250684789390902,
    "LeftUpLeg__qy": -0.005499094312836546,
    "LeftUpLeg__qz": 0.027654779918291364,
    "LeftUpLeg__qw": 0.9961915444130315,
    "LeftHandThumb2__qx": 0.47684280891140934,
    "LeftHandThumb2__qy": -0.059455185178259706,
    "LeftHandThumb2__qz": 0.15970330429588026,
    "LeftHandThumb2__qw": 0.8623113539446605,
    "Spine1__qx": 0.0033464237297306017,
    "Spine1__qy": -0.02104910264690358,
    "Spine1__qz": -0.007319590415917118,
    "Spine1__qw": 0.9997460479152316,
    "Spine__qx": -0.0002530251768079116,
    "Spine__qy": -0.01691197838656586,
    "Spine__qz": -0.005918095783603258,
    "Spine__qw": 0.9998394356633511,
    "RightFoot__qx": -0.013358645154464902,
    "RightFoot__qy": -0.05783856510944773,
    "RightFoot__qz": 0.017985679699169352,
    "RightFoot__qw": 0.9980745274334358,
    "RightHand__qx": 0.0402524157082094,
    "RightHand__qy": 0.02806750019745258,
    "RightHand__qz": -0.05348178885894281,
    "RightHand__qw": 0.9973623497619944,
    "RightLeg__qx": 0.021783495911480346,
    "RightLeg__qy": -0.017340200004873775,
    "RightLeg__qz": -0.0145464472964354,
    "RightLeg__qw": 0.9995064770379017,
    "LeftLeg__qx": 0.013116208141594343,
    "LeftLeg__qy": -0.007406629604006387,
    "LeftLeg__qz": 0.027205958553284195,
    "LeftLeg__qw": 0.9995163544140199,
    "LeftHandIndex1__qx": 0.19259783793880303,
    "LeftHandIndex1__qy": -0.01931750890213134,
    "LeftHandIndex1__qz": -0.29295812783110203,
    "LeftHandIndex1__qw": 0.9363271020368952,
    "Neck__qx": 0.06562011432270733,
    "Neck__qy": -0.07759385424829568,
    "Neck__qz": 0.001113987833071217,
    "Neck__qw": 0.9948225738342877,
    "LeftHandThumb3__qx": 0.4750869911100868,
    "LeftHandThumb3__qy": -0.07215093778421029,
    "LeftHandThumb3__qz": 0.18264298868069825,
    "LeftHandThumb3__qw": 0.8577459599092296,
    "RightShoulder__qx": 0.030171294777332495,
    "RightShoulder__qy": -0.10039598475349602,
    "RightShoulder__qz": -0.05875088536998092,
    "RightShoulder__qw": 0.9927530773989465,
    "LeftToeBase__qx": -0.013531893126087076,
    "LeftToeBase__qy": 0.06337984006862275,
    "LeftToeBase__qz": -0.006231892339417732,
    "LeftToeBase__qw": 0.997878272766358,
    "Head__qx": 0.1274231025007882,
    "Head__qy": -0.13358234215424447,
    "Head__qz": 0.009539374409590512,
    "Head__qw": 0.9827655423088122,
    "LeftHand__qx": 0.08838117338158614,
    "LeftHand__qy": -0.09257308213666679,
    "LeftHand__qz": 0.06867409948913264,
    "LeftHand__qw": 0.9893951994601392,
    "RightToeBase__qx": -0.0006150169775070036,
    "RightToeBase__qy": -0.057604276129867515,
    "RightToeBase__qz": 0.018722611194974467,
    "RightToeBase__qw": 0.9981637305350827,
    "LeftShoulder__qx": 0.04651797823024377,
    "LeftShoulder__qy": 0.04548949998587385,
    "LeftShoulder__qz": 0.04567229223158961,
    "LeftShoulder__qw": 0.9968354050768452,
    "Hips__qx": -0.0038376104639435867,
    "Hips__qy": -0.01277069040274438,
    "Hips__qz": -0.0056757864641251285,
    "Hips__qw": 0.9998949783155119
}