{
    "RightForeArm__qx": -0.026519438835185993,
    "RightForeArm__qy": 0.06545882780645709,
    "RightForeArm__qz": 0.07178996899996236,
    "RightForeArm__qw": 0.9949161078086212,
    "RightLeg__qx": 0.08543517840251595,
    "RightLeg__qy": -0.06047479573078779,
    "RightLeg__qz": -0.0451056424828742,
    "RightLeg__qw": 0.993483321646044,
    "Hips__qx": -0.020747406076581824,
    "Hips__qy": -0.05005791857256883,
    "Hips__qz": 0.008202180591827273,
    "Hips__qw": 0.998497107738833,
    "LeftArm__qx": 0.10300664882599003,
    "LeftArm__qy": -0.005197560866956261,
    "LeftArm__qz": -0.14251903019116488,
    "LeftArm__qw": 0.9844038509128473,
    "Neck__qx": 0.025456359324902245,
    "Neck__qy": 0.05999243738804288,
    "Neck__qz": 0.010819786784655379,
    "Neck__qw": 0.9978155207452417,
    "Spine__qx": -0.009960517061562793,
    "Spine__qy": -0.030949152216503045,
    "Spine__qz": 0.007507564885836672,
    "Spine__qw": 0.9994431322223547,
    "RightHand__qx": -0.12541607979474698,
    "RightHand__qy": -0.08094440157328521,
    "RightHand__qz": 0.18250398737852713,
    "RightHand__qw": 0.9718081628458359,
    "RightArm__qx": 0.032109133190627574,
    "RightArm__qy": 0.0711352501599133,
    "RightArm__qz": 0.06785467086843822,
    "RightArm__qw": 0.9946378855602521,
    "LeftLeg__qx": -0.09801908738810224,
    "LeftLeg__qy": -0.05515773012725861,
    "LeftLeg__qz": 0.03462719222682916,
    "LeftLeg__qw": 0.9930512780684079,
    "Head__qx": 0.04972343996713034,
    "Head__qy": 0.13145690084216938,
    "Head__qz": 0.018972324101095922,
    "Head__qw": 0.9898922737636708,
    "LeftFoot__qx": -0.052407820001645074,
    "LeftFoot__qy": 0.10148355802921782,
    "LeftFoot__qz": -0.0565093371899116,
    "LeftFoot__qw": 0.9918473686322722,
    "LeftForeArm__qx": -0.01883146717029819,
    "LeftForeArm__qy": -0.04927105315480052,
    "LeftForeArm__qz": -0.15531947480754849,
    "LeftForeArm__qw": 0.986455067355193,
    "RightFoot__qx": 0.0006699749646535435,
    "RightFoot__qy": -0.03603395952186393,
    "RightFoot__qz": -0.0070849251774570896,
    "RightFoot__qw": 0.9993252267054772,
    "RightShoulder__qx": -0.008112979241962859,
    "RightShoulder__qy": -0.08764520691687734,
    "RightShoulder__qz": -0.0872224656096197,
    "RightShoulder__qw": 0.9922926678985873,
    "LeftUpLeg__qx": 0.15071285979538093,
    "LeftUpLeg__qy": -0.04487629277460304,
    "LeftUpLeg__qz": 0.0471969778662249,
    "LeftUpLeg__qw": 0.9864300266716343,
    "LeftHand__qx": -0.07565683347749218,
    "LeftHand__qy": 0.14979576440227244,
    "LeftHand__qz": -0.2578895743356388,
    "LeftHand__qw": 0.9514884339624319,
    "RightUpLeg__qx": 0.0006671673572306285,
    "RightUpLeg__qy": -0.05642139181189806,
    "RightUpLeg__qz": -0.050083376800119775,
    "RightUpLeg__qw": 0.9971498567427179,
    "Spine1__qx": 0.0010410432942752521,
    "Spine1__qy": -0.011820177033763169,
    "Spine1__qz": 0.002604312512538192,
    "Spine1__qw": 0.9999262058772572,
    "LeftShoulder__qx": 0.012801569059283145,
    "LeftShoulder__qy": 0.09290349698519475,
    "LeftShoulder__qz": 0.06598102480271244,
    "LeftShoulder__qw": 0.9934040288037522
}