{
  "offsets_map": {
    "LeftToeBase": [
      0.021798240888688637,
      -0.08493513784680407,
      0.051268409480777107,
      0.9948278289444935
    ],
    "Head": [
      -0.11742811034381363,
      -0.17135568155877545,
      -0.024104878712130864,
      0.9778889630836838
    ],
    "LeftHandIndex1": [
      0.1254473126046654,
      0.018031928240313275,
      0.36320169669286806,
      0.9230505667858211
    ],
    "RightShoulder": [
      0.005417168147613334,
      0.10710002095981311,
      0.08240723921250394,
      0.9908124377121238
    ],
    "Spine": [
      -0.008121266433717245,
      0.03406463386936709,
      -0.009238134204433738,
      0.9993439361037217
    ],
    "LeftFoot": [
      0.03862479929839116,
      -0.08579026043665308,
      0.04982420389174686,
      0.9943167024645236
    ],
    "RightToeBase": [
      -0.015563122234683537,
      0.035081964675401305,
      0.002679194057061966,
      0.9992596593979098
    ],
    "LeftArm": [
      -0.07138055829901808,
      -0.004460331802060345,
      0.10853413400595475,
      0.9915166479150582
    ],
    "LeftHandIndex2": [
      0.11801479295881882,
      0.04620247882411253,
      0.5644005622855841,
      0.8157143157289267
    ],
    "LeftHandThumb3": [
      -0.28064790062303907,
      0.14343607615904003,
      -0.004909938622319269,
      0.949019884109234
    ],
    "LeftShoulder": [
      0.0009172516521335802,
      -0.09023006983909417,
      -0.07489691738727819,
      0.9931002693142934
    ],
    "LeftHand": [
      0.1504010187013477,
      -0.11687479178824788,
      0.18323364193683667,
      0.9644403812992349
    ],
    "Neck": [
      -0.06229565799177318,
      -0.07403378934244505,
      -0.014534363810363314,
      0.9952019902007826
    ],
    "Hips": [
      -0.010039208807425391,
      0.04385981659138158,
      -0.010132508993423132,
      0.9989358653269936
    ],
    "Spine1": [
      -0.006359374188120069,
      0.024243311832189383,
      -0.004776188986193493,
      0.9996744511140169
    ],
    "RightArm": [
      -0.024724193675009307,
      -0.031396674407885856,
      -0.08674785756257662,
      0.9954284365495838
    ],
    "RightForeArm": [
      0.08775972174019694,
      -0.02307295607284077,
      -0.08996152679939318,
      0.9918027997712379
    ],
    "LeftHandIndex3": [
      0.11304301404473281,
      0.05730131915363588,
      0.6399910071637325,
      0.7578583947865768
    ],
    "RightHand": [
      0.19451902486363293,
      0.11915947101472187,
      -0.1764158733299377,
      0.9575180463421191
    ],
    "LeftForeArm": [
      0.05136054592318239,
      0.03842504017050902,
      0.11773415782718111,
      0.9909713813683481
    ],
    "RightUpLeg": [
      -0.01737486062227796,
      0.05004807122175086,
      0.023637692463780113,
      0.9983158639831017
    ],
    "LeftLeg": [
      0.09158578498120284,
      0.043688239787454765,
      -0.014696485653354548,
      0.9947298100504938
    ],
    "LeftHandThumb2": [
      -0.29202406889448346,
      0.1185667230940992,
      0.07737150574377598,
      0.9458739479761444
    ],
    "RightFoot": [
      -0.014380948979940881,
      0.03507860126033109,
      0.002720768034526798,
      0.9992773776391405
    ],
    "LeftUpLeg": [
      -0.1573614736354957,
      0.03869414252343659,
      -0.02504826626098322,
      0.986464755734821
    ],
    "RightLeg": [
      -0.08929642024970093,
      0.05162195507454056,
      0.019968554625346142,
      0.9944659772516331
    ],
    "LeftHandThumb1": [
      -0.25935399523870073,
      0.1790827389877074,
      -0.129634259769234,
      0.9401382007154413
    ]
  },
  "metadata": {
    "fs": 120.0,
    "window_duration_sec": 1.0,
    "quat_order": "xyzw",
    "hemisphere_alignment_applied": true,
    "v_pose_correction_applied": true,
    "v_pose_correction_quat_xyzw": [
      0.6118327540202829,
      0.0,
      -0.230276704465494,
      0.7567253930511831
    ],
    "shoulder_joints": [
      "LeftShoulder",
      "RightShoulder"
    ],
    "time_window": [
      2.0,
      3.0
    ]
  }
}