{
    "LeftForeArm__qx": 0.0015224699114353166,
    "LeftForeArm__qy": 0.019493408606567262,
    "LeftForeArm__qz": -0.09926760545071729,
    "LeftForeArm__qw": 0.994868650432984,
    "Hips__qx": 0.012381303683042784,
    "Hips__qy": 0.025294082840840143,
    "Hips__qz": -0.0029995695728392813,
    "Hips__qw": 0.9995988771876081,
    "LeftHandThumb2__qx": 0.4871708003079321,
    "LeftHandThumb2__qy": 0.1012001102364932,
    "LeftHandThumb2__qz": 0.1947412904291296,
    "LeftHandThumb2__qw": 0.8452804143108061,
    "Head__qx": 0.037586546124248395,
    "Head__qy": 0.032659091700200996,
    "Head__qz": 0.021679066056473614,
    "Head__qw": 0.9985242377502345,
    "Spine__qx": 0.026144980171297474,
    "Spine__qy": 0.019143341035791118,
    "Spine__qz": -0.004205545189145665,
    "Spine__qw": 0.9994660003699435,
    "LeftHandIndex1__qx": 0.17163974030225507,
    "LeftHandIndex1__qy": 0.12140119314285988,
    "LeftHandIndex1__qz": -0.10229203949348997,
    "LeftHandIndex1__qw": 0.9722848803250654,
    "LeftShoulder__qx": 0.05280375861985466,
    "LeftShoulder__qy": 0.08134419480513598,
    "LeftShoulder__qz": 0.07527142043229117,
    "LeftShoulder__qw": 0.9924359416673831,
    "LeftArm__qx": 0.09310919106738161,
    "LeftArm__qy": -0.0017243020044955166,
    "LeftArm__qz": -0.10177630116888625,
    "LeftArm__qw": 0.9904389379672809,
    "RightForeArm__qx": 0.03864720443667051,
    "RightForeArm__qy": 0.06557869658633016,
    "RightForeArm__qz": 0.1007706171247821,
    "RightForeArm__qw": 0.9919935034401984,
    "RightArm__qx": 0.11605646906103653,
    "RightArm__qy": 0.03234452934730685,
    "RightArm__qz": 0.09093424375857131,
    "RightArm__qw": 0.9885422048260978,
    "LeftHandThumb1__qx": 0.4955570301959619,
    "LeftHandThumb1__qy": -0.04470924323533166,
    "LeftHandThumb1__qz": 0.4319331887871226,
    "LeftHandThumb1__qw": 0.7522353579943384,
    "LeftFoot__qx": 0.021459238024953774,
    "LeftFoot__qy": 0.044700734809545374,
    "LeftFoot__qz": 0.01545592005736174,
    "LeftFoot__qw": 0.9986503191538345,
    "RightUpLeg__qx": 0.01283346037137007,
    "RightUpLeg__qy": 0.024397636342084545,
    "RightUpLeg__qz": -0.02015199127298243,
    "RightUpLeg__qw": 0.9994168073849616,
    "LeftToeBase__qx": 0.02202964485201267,
    "LeftToeBase__qy": 0.0447096481238683,
    "LeftToeBase__qz": 0.015430435561921706,
    "LeftToeBase__qw": 0.9986378942192728,
    "Neck__qx": 0.038715473821191254,
    "Neck__qy": 0.02288300158772133,
    "Neck__qz": 0.0067429950775795,
    "Neck__qw": 0.9989654710461823,
    "RightShoulder__qx": 0.04668796698944212,
    "RightShoulder__qy": -0.06917169864044564,
    "RightShoulder__qz": -0.09652288240299822,
    "RightShoulder__qw": 0.99182601448954,
    "LeftHandIndex2__qx": 0.11793043616293918,
    "LeftHandIndex2__qy": 0.17404341465378087,
    "LeftHandIndex2__qz": -0.4379386052331169,
    "LeftHandIndex2__qw": 0.8740772735225092,
    "LeftUpLeg__qx": 0.006235713131934953,
    "LeftUpLeg__qy": 0.022744084122002038,
    "LeftUpLeg__qz": 0.025227244386526664,
    "LeftUpLeg__qw": 0.9994035264395709,
    "RightFoot__qx": 0.03447526886921129,
    "RightFoot__qy": -0.04132271263604732,
    "RightFoot__qz": -0.011078361718784544,
    "RightFoot__qw": 0.9984894386814626,
    "Spine1__qx": 0.03983204120824871,
    "Spine1__qy": 0.013099602499706856,
    "Spine1__qz": -0.00819501513430598,
    "Spine1__qw": 0.9990869084491512,
    "LeftHandThumb3__qx": 0.48822103642307196,
    "LeftHandThumb3__qy": 0.09601186688208767,
    "LeftHandThumb3__qz": 0.20371999521320938,
    "LeftHandThumb3__qw": 0.8431607821537525,
    "RightHand__qx": 0.017061684294164565,
    "RightHand__qy": -0.012821748716652637,
    "RightHand__qz": -0.1484720118081876,
    "RightHand__qw": 0.9886862815870981,
    "RightToeBase__qx": 0.0386799577373785,
    "RightToeBase__qy": -0.04136891660870683,
    "RightToeBase__qz": -0.010904277181019958,
    "RightToeBase__qw": 0.9983353997265728,
    "LeftHand__qx": 0.10065959269774638,
    "LeftHand__qy": 0.015777078718001585,
    "LeftHand__qz": 0.18653381000830402,
    "LeftHand__qw": 0.9771508931116196,
    "RightLeg__qx": 0.10760766758573904,
    "RightLeg__qy": 0.022375404628740856,
    "RightLeg__qz": -0.022375837976463815,
    "RightLeg__qw": 0.9936897166718132,
    "LeftLeg__qx": 0.11774631819728747,
    "LeftLeg__qy": 0.025417828597245326,
    "LeftLeg__qz": 0.022531581839461377,
    "LeftLeg__qw": 0.9924626271856265,
    "LeftHandIndex3__qx": 0.09062466898806339,
    "LeftHandIndex3__qy": 0.1896998359138638,
    "LeftHandIndex3__qz": -0.563524523605384,
    "LeftHandIndex3__qw": 0.7989000268621739
}