{
    "run_id": "734_T1_P2_R1_Take 2025-12-01 02.28.24 PM",
    "subject_context": {
        "height_cm": 155.53766281502374,
        "scaling_factor": 1.0
    },
    "static_offset_audit": {
        "Left": {
            "bone_detected": "LeftArm",
            "measured_angle_deg": 7.01,
            "correction_value_deg": -7.01,
            "is_significant": true
        },
        "Right": {
            "bone_detected": "RightArm",
            "measured_angle_deg": 8.78,
            "correction_value_deg": -8.78,
            "is_significant": true
        }
    },
    "rotation_alignment_audit": {
        "Neck": [
            3.4078162399565755,
            1.304125062467324,
            0.36028609030531317
        ],
        "Hips": [
            -1.0733438060148073,
            1.960424816947609,
            -0.8271678388312231
        ],
        "Spine1": [
            -0.4176587860167405,
            0.9654503064198178,
            -1.16091766038038
        ],
        "LeftHandThumb1": [
            53.08235334469273,
            -41.58115279064543,
            35.49413740490809
        ],
        "LeftHandThumb3": [
            62.56493234863238,
            -12.790741069656205,
            15.548206356650827
        ],
        "LeftToeBase": [
            -3.288562905554405,
            5.445857690795571,
            -1.7357178761783107
        ],
        "RightToeBase": [
            -0.5788656028476575,
            -0.031040351543160465,
            0.6496420636645583
        ],
        "RightHand": [
            8.869922136806704,
            5.993460693883448,
            -5.920910553067817
        ],
        "LeftFoot": [
            -3.105074917221894,
            5.445821024249586,
            -1.7357154167668076
        ],
        "LeftHandIndex1": [
            29.493051749668368,
            0.040462092709217336,
            -15.910146163298219
        ],
        "Spine": [
            -0.7427694512134195,
            1.4636109167477618,
            -0.878049812022785
        ],
        "LeftForeArm": [
            6.09930991872406,
            -2.6796517871132965,
            -16.46053900118003
        ],
        "LeftUpLeg": [
            8.46693868594102,
            2.817049402700359,
            0.8304419393876796
        ],
        "LeftHandIndex3": [
            20.14819563115458,
            22.004927530483616,
            -61.43976054046415
        ],
        "RightUpLeg": [
            5.150956837436086,
            1.2361158514850272,
            -0.5015755860209152
        ],
        "LeftHandIndex2": [
            24.857763773864487,
            16.405112284609945,
            -47.20548333216646
        ],
        "RightLeg": [
            2.2920804760818987,
            1.2361079506746773,
            -0.5015559402629456
        ],
        "RightFoot": [
            -0.9347041389669668,
            -0.031039574124530674,
            0.6496428736775973
        ],
        "RightArm": [
            14.05749196570276,
            5.328126160426536,
            15.393458628277122
        ],
        "LeftLeg": [
            -0.5731880327064859,
            2.8170594467447967,
            0.8304714300271808
        ],
        "LeftHand": [
            16.785233347474485,
            -12.887871375736447,
            10.41488212456681
        ],
        "Head": [
            7.241398724012315,
            1.540470621262282,
            1.9008855636516717
        ],
        "RightForeArm": [
            9.338632942739578,
            10.381296326331425,
            16.678604607700137
        ],
        "LeftShoulder": [
            3.401339018415141,
            7.888060791618171,
            7.074918975274087
        ],
        "LeftHandThumb2": [
            62.63479209154012,
            -12.182573706066309,
            15.22540766011129
        ],
        "RightShoulder": [
            2.3711431474482647,
            -7.837046887043821,
            -8.86581925059539
        ],
        "LeftArm": [
            11.92689309768222,
            -3.647781605718898,
            -16.665249884142934
        ]
    },
    "window_metadata": {
        "start_time_sec": 1.6,
        "end_time_sec": 2.6,
        "duration_sec": 1.0,
        "variance_score": 10.734048330998695,
        "searched_duration_sec": 5.0,
        "joints_used": [
            "Hips",
            "LeftHand",
            "RightHand"
        ],
        "time_window": [
            1.6,
            2.6
        ],
        "mean_motion": 0.04665868525914933,
        "max_motion": 0.20864602986642922,
        "ref_quality_score": 0.9463297583450065,
        "confidence_level": "HIGH",
        "ref_is_fallback": false,
        "detection_method": "auto_stable_window",
        "variance_threshold": 100.0,
        "all_window_scores_min": 10.734048330998695,
        "all_window_scores_max": 1231.9324654965487
    },
    "metadata": {
        "grade": "HIGH",
        "status": "LOCKED"
    }
}