{
    "Spine1__qx": 0.05066702785181801,
    "Spine1__qy": -0.026982768727471327,
    "Spine1__qz": -0.005247352000254444,
    "Spine1__qw": 0.9983372415058193,
    "LeftFoot__qx": 0.024833794028443497,
    "LeftFoot__qy": 0.04928623803674002,
    "LeftFoot__qz": 0.011529467765181677,
    "LeftFoot__qw": 0.9984093453025119,
    "RightUpLeg__qx": -0.007874673718546728,
    "RightUpLeg__qy": -0.025846506586242855,
    "RightUpLeg__qz": -0.005102812921845974,
    "RightUpLeg__qw": 0.9996218829694549,
    "LeftHandIndex2__qx": 0.13178078394098183,
    "LeftHandIndex2__qy": 0.2797100810850874,
    "LeftHandIndex2__qz": -0.33143396148269,
    "LeftHandIndex2__qw": 0.8913740094366478,
    "Spine__qx": 0.03723411303610462,
    "Spine__qy": -0.0282599745706972,
    "Spine__qz": 0.0009496505377970134,
    "Spine__qw": 0.9989064484863106,
    "RightToeBase__qx": 0.03571744305784119,
    "RightToeBase__qy": -0.04989206860687475,
    "RightToeBase__qz": -0.01894135073857202,
    "RightToeBase__qw": 0.997936005455127,
    "LeftForeArm__qx": -0.0392917448528725,
    "LeftForeArm__qy": -0.1478733958355449,
    "LeftForeArm__qz": -0.29083371093840527,
    "LeftForeArm__qw": 0.9444603592381616,
    "RightShoulder__qx": 0.06667683797979516,
    "RightShoulder__qy": -0.11365096962228567,
    "RightShoulder__qz": -0.09191836266168281,
    "RightShoulder__qw": 0.9870099649884625,
    "LeftShoulder__qx": 0.06901247558776616,
    "LeftShoulder__qy": 0.04042404486762359,
    "LeftShoulder__qz": 0.08570758378810354,
    "LeftShoulder__qw": 0.9931049213909846,
    "Head__qx": 0.04348858111547337,
    "Head__qy": -0.023376787254966374,
    "Head__qz": -0.02408615428445631,
    "Head__qw": 0.9984899229846961,
    "LeftHandThumb2__qx": 0.5161122056152843,
    "LeftHandThumb2__qy": 0.056239207550892636,
    "LeftHandThumb2__qz": 0.026017519244501356,
    "LeftHandThumb2__qw": 0.8542765544256358,
    "LeftHandIndex3__qx": 0.11948105286834615,
    "LeftHandIndex3__qy": 0.2851806788422206,
    "LeftHandIndex3__qz": -0.36991777660499986,
    "LeftHandIndex3__qw": 0.8761033597539593,
    "LeftHandThumb1__qx": 0.5183517790860229,
    "LeftHandThumb1__qy": -0.02908750564407704,
    "LeftHandThumb1__qz": 0.16564193591983356,
    "LeftHandThumb1__qw": 0.838467709097071,
    "LeftHandIndex1__qx": 0.1602375128175569,
    "LeftHandIndex1__qy": 0.26443913970687294,
    "LeftHandIndex1__qz": -0.23665132694088467,
    "LeftHandIndex1__qw": 0.921081988931632,
    "Hips__qx": 0.02394819258293318,
    "Hips__qy": -0.029263754916725275,
    "Hips__qz": 0.0018517930261618648,
    "Hips__qw": 0.9992830868091248,
    "Neck__qx": 0.04708027546006512,
    "Neck__qy": -0.02518105471116378,
    "Neck__qz": -0.014667494416484213,
    "Neck__qw": 0.9984659367017886,
    "LeftUpLeg__qx": 0.0023090521016804794,
    "LeftUpLeg__qy": -0.02293648746886735,
    "LeftUpLeg__qz": 0.027536141656816733,
    "LeftUpLeg__qw": 0.9993549653269542,
    "RightLeg__qx": 0.09327821041555735,
    "RightLeg__qy": -0.026230125324741015,
    "RightLeg__qz": -0.002462268264719749,
    "RightLeg__qw": 0.9952914614433864,
    "LeftToeBase__qx": 0.029954260504653864,
    "LeftToeBase__qy": 0.049344786893724145,
    "LeftToeBase__qz": 0.011276525816787814,
    "LeftToeBase__qw": 0.998268838664984,
    "LeftHandThumb3__qx": 0.518896545530201,
    "LeftHandThumb3__qy": -0.01676539340412291,
    "LeftHandThumb3__qz": 0.1456763655762866,
    "LeftHandThumb3__qw": 0.8421660721813204,
    "LeftLeg__qx": 0.10201097007051559,
    "LeftLeg__qy": -0.02007457047715562,
    "LeftLeg__qz": 0.029687292962627974,
    "LeftLeg__qw": 0.9941375348723038,
    "LeftHand__qx": 0.0960488134535521,
    "LeftHand__qy": 0.2514031892623686,
    "LeftHand__qz": -0.13590042039449965,
    "LeftHand__qw": 0.953468477506977,
    "RightHand__qx": 0.06508585285436802,
    "RightHand__qy": 0.06903708768916873,
    "RightHand__qz": 0.030451233753400753,
    "RightHand__qw": 0.995022831217713,
    "LeftArm__qx": 0.11132376465812564,
    "LeftArm__qy": -0.1278792225103645,
    "LeftArm__qz": -0.2604982936928233,
    "LeftArm__qw": 0.9504707059429105,
    "RightArm__qx": 0.11781968908576516,
    "RightArm__qy": 0.045939557129467574,
    "RightArm__qz": 0.24540382718697282,
    "RightArm__qw": 0.9611373676829282,
    "RightFoot__qx": 0.036514760183040305,
    "RightFoot__qy": -0.049907160880880444,
    "RightFoot__qz": -0.018901467631833986,
    "RightFoot__qw": 0.9979071510430957,
    "RightForeArm__qx": 0.0480862508323708,
    "RightForeArm__qy": 0.05993769859657204,
    "RightForeArm__qz": 0.25336764562962777,
    "RightForeArm__qw": 0.9643132379657204
}