{
    "run_id": "734_T3_P1_R2_Take 2025-12-30 04.12.54 PM_004",
    "subject_context": {
        "height_cm": 157.0377003434742,
        "scaling_factor": 1.0
    },
    "static_offset_audit": {
        "Left": {
            "bone_detected": "LeftArm",
            "measured_angle_deg": 8.95,
            "correction_value_deg": -8.95,
            "is_significant": true
        },
        "Right": {
            "bone_detected": "RightArm",
            "measured_angle_deg": 8.58,
            "correction_value_deg": -8.58,
            "is_significant": true
        }
    },
    "rotation_alignment_audit": {
        "LeftHandThumb3": [
            31.378417439952106,
            -8.63397566341357,
            -14.38430001401444
        ],
        "LeftShoulder": [
            -0.6175346562825721,
            8.211455232366937,
            9.04840137415949
        ],
        "RightShoulder": [
            -3.754354083131387,
            -11.122836374998682,
            -8.744404196521801
        ],
        "LeftForeArm": [
            -9.511508377354684,
            -11.597482239450256,
            -14.372430046717533
        ],
        "LeftFoot": [
            -5.967805873600713,
            9.136116500367448,
            -8.620454408853034
        ],
        "Hips": [
            -2.5225761997707106,
            -5.245321998551365,
            1.7605489469291635
        ],
        "RightHand": [
            -16.844849893715956,
            -5.734645585201803,
            11.153031948047857
        ],
        "LeftLeg": [
            -10.199444164909357,
            -6.013695172559646,
            7.092080920533607
        ],
        "LeftHandThumb1": [
            25.803353538892097,
            -20.355460332427267,
            7.520131263624706
        ],
        "LeftHandThumb2": [
            31.961349207120342,
            -5.793287017375691,
            -19.02293504524473
        ],
        "LeftArm": [
            9.262739420926124,
            -5.222996020951479,
            -13.312920996103742
        ],
        "RightUpLeg": [
            -0.967694738492367,
            -5.770863766993522,
            -5.5439918743369985
        ],
        "LeftToeBase": [
            -4.433026824276795,
            9.136083026933878,
            -8.620463235806998
        ],
        "LeftUpLeg": [
            18.448443895624155,
            -6.013694661205458,
            7.092082205780462
        ],
        "RightFoot": [
            -2.1378179193932727,
            0.23219882793526533,
            2.0989680073644164
        ],
        "LeftHandIndex1": [
            -12.252832979760464,
            -11.910648658489652,
            -42.20546376653166
        ],
        "Neck": [
            -0.7543094857752493,
            6.481487282124137,
            0.10490838396696105
        ],
        "RightForeArm": [
            -1.6592974554438795,
            9.060535830347181,
            4.563056423510334
        ],
        "Spine1": [
            -1.6130406589164663,
            -2.6385846469551266,
            1.3832465864228967
        ],
        "LeftHandIndex3": [
            -3.525240067592733,
            -16.66776510057382,
            -76.54224660691325
        ],
        "RightArm": [
            -0.2432325101370178,
            9.936619764535445,
            4.559137521991225
        ],
        "LeftHandIndex2": [
            -6.397598384611357,
            -15.810893984975767,
            -66.29591822494993
        ],
        "Spine": [
            -2.073135119129694,
            -3.93958818420579,
            1.6641897276732585
        ],
        "RightLeg": [
            8.566183559208445,
            -5.770896839327621,
            -5.544031914462368
        ],
        "LeftHand": [
            -21.1364022597442,
            4.484748568927466,
            -25.514303916389284
        ],
        "Head": [
            -0.07897359815300094,
            15.61784619267022,
            -1.0724752673115214
        ],
        "RightToeBase": [
            -1.9507908453115101,
            0.23221234995712312,
            2.0989651888406855
        ]
    },
    "window_metadata": {
        "start_time_sec": 1.3,
        "end_time_sec": 2.3,
        "duration_sec": 1.0,
        "variance_score": 49.023732553890206,
        "searched_duration_sec": 5.0,
        "joints_used": [
            "Hips",
            "LeftHand",
            "RightHand"
        ],
        "time_window": [
            1.3,
            2.3
        ],
        "mean_motion": 0.07657792222579467,
        "max_motion": 0.32635982782477413,
        "ref_quality_score": 0.754881337230549,
        "confidence_level": "MEDIUM",
        "ref_is_fallback": false,
        "detection_method": "auto_stable_window",
        "variance_threshold": 100.0,
        "all_window_scores_min": 49.023732553890206,
        "all_window_scores_max": 3815.541192704586
    },
    "metadata": {
        "grade": "MEDIUM",
        "status": "LOCKED"
    }
}