{
    "Head__qx": 0.04575890839738349,
    "Head__qy": -0.019262469016485838,
    "Head__qz": -0.027145874520884825,
    "Head__qw": 0.9983978070319292,
    "Hips__qx": 0.016057389904272468,
    "Hips__qy": -0.026566131452024213,
    "Hips__qz": 0.0006970950032177007,
    "Hips__qw": 0.9995178412353091,
    "LeftArm__qx": 0.08681775773340951,
    "LeftArm__qy": -0.07507345775936783,
    "LeftArm__qz": -0.28924317224409046,
    "LeftArm__qw": 0.9503499566961483,
    "LeftFoot__qx": 0.02205415878385779,
    "LeftFoot__qy": 0.0489299492783978,
    "LeftFoot__qz": 0.01069619743056146,
    "LeftFoot__qw": 0.9985014098660433,
    "LeftForeArm__qx": -0.11476716488786429,
    "LeftForeArm__qy": -0.2578026022684929,
    "LeftForeArm__qz": -0.3100715229233386,
    "LeftForeArm__qw": 0.9078667120228588,
    "LeftHand__qx": -0.02418962882334437,
    "LeftHand__qy": 0.18252728291079645,
    "LeftHand__qz": -0.12377040892820892,
    "LeftHand__qw": 0.9750792474072735,
    "LeftLeg__qx": 0.09846757638715163,
    "LeftLeg__qy": -0.017485228077197622,
    "LeftLeg__qz": 0.028055500432481385,
    "LeftLeg__qw": 0.9945910175016723,
    "LeftShoulder__qx": 0.06062649305396865,
    "LeftShoulder__qy": 0.055051304436003284,
    "LeftShoulder__qz": 0.08082549205421433,
    "LeftShoulder__qw": 0.9933584559735049,
    "LeftToeBase__qx": 0.02744597619046486,
    "LeftToeBase__qy": 0.048986968623949766,
    "LeftToeBase__qz": 0.010431849070389075,
    "LeftToeBase__qw": 0.9983677537966464,
    "LeftUpLeg__qx": -0.0038459676163115643,
    "LeftUpLeg__qy": -0.02026622623757171,
    "LeftUpLeg__qz": 0.026133684737588245,
    "LeftUpLeg__qw": 0.9994456058881934,
    "Neck__qx": 0.04605859377871459,
    "Neck__qy": -0.01957074100028419,
    "Neck__qz": -0.01724406875672692,
    "Neck__qw": 0.9985981344507612,
    "RightArm__qx": 0.1111106650700374,
    "RightArm__qy": 0.04435144929223458,
    "RightArm__qz": 0.2822018375673967,
    "RightArm__qw": 0.9518663204079431,
    "RightFoot__qx": 0.034359600365700224,
    "RightFoot__qy": -0.04983039910458536,
    "RightFoot__qz": -0.019180562539449653,
    "RightFoot__qw": 0.9979821918293218,
    "RightForeArm__qx": 0.04321956080788524,
    "RightForeArm__qy": 0.06163854806437377,
    "RightForeArm__qz": 0.2901906609853116,
    "RightForeArm__qw": 0.954003217621931,
    "RightHand__qx": 0.05306781620749986,
    "RightHand__qy": 0.0676149362000321,
    "RightHand__qz": 0.055969738993684154,
    "RightHand__qw": 0.9947257992042889,
    "RightLeg__qx": 0.08829921792701745,
    "RightLeg__qy": -0.02383313177960218,
    "RightLeg__qz": -0.004207205528368038,
    "RightLeg__qw": 0.9957999444490321,
    "RightShoulder__qx": 0.06595837493556736,
    "RightShoulder__qy": -0.11274937200410619,
    "RightShoulder__qz": -0.08526575687479057,
    "RightShoulder__qw": 0.9877584839388158,
    "RightToeBase__qx": 0.033952450772599764,
    "RightToeBase__qy": -0.049822588942677756,
    "RightToeBase__qz": -0.01920086345890773,
    "RightToeBase__qw": 0.9979961260245531,
    "RightUpLeg__qx": -0.011387271320104194,
    "RightUpLeg__qy": -0.023294787382632548,
    "RightUpLeg__qz": -0.006568770053558523,
    "RightUpLeg__qw": 0.9996422030870165,
    "Spine__qx": 0.031135587821324816,
    "Spine__qy": -0.0233648446495186,
    "Spine__qz": -0.00031936413271452,
    "Spine__qw": 0.9992419913174562,
    "Spine1__qx": 0.0463528599242147,
    "Spine1__qy": -0.019878635726042624,
    "Spine1__qz": -0.007340486316315546,
    "Spine1__qw": 0.998700340181757
}