{
    "RightShoulder": [
        18.292046116247118,
        -2.901457324217521,
        3.1788016660645186
    ],
    "RightForeArm": [
        73.00617294626808,
        23.178223896211296,
        95.73945672838698
    ],
    "LeftFoot": [
        -1.6101230985837929,
        1.5797319342148062,
        -2.3337609751741306
    ],
    "Head": [
        13.996434381612673,
        -5.567789633218929,
        -1.0044812317497973
    ],
    "LeftHandIndex3": [
        74.86100544535839,
        -24.15716691490204,
        -99.30306807787889
    ],
    "LeftHandIndex2": [
        75.1720258816354,
        -21.38972930538694,
        -100.10627715377714
    ],
    "Spine1": [
        4.082602210884625,
        -1.9973993428454218,
        0.9183917891748357
    ],
    "RightLeg": [
        3.3589843879767076,
        -1.504008494629258,
        -5.142677155155974
    ],
    "LeftToeBase": [
        0.19594925550176273,
        1.5797263129692156,
        -2.3337631547799704
    ],
    "LeftArm": [
        61.05819234201649,
        -11.102886655501147,
        -70.21389769377319
    ],
    "RightArm": [
        56.07408908165686,
        9.039574971866196,
        71.14206163003205
    ],
    "RightToeBase": [
        -0.6689803920641959,
        -17.46739234592672,
        1.817557425196383
    ],
    "LeftLeg": [
        -0.9405415249057654,
        -1.94611688328229,
        5.640979111089713
    ],
    "LeftHandIndex1": [
        75.73585033216183,
        -14.734044701977982,
        -101.92160588172972
    ],
    "Hips": [
        3.8701210608903485,
        -1.5152711451974714,
        0.469922066597466
    ],
    "LeftForeArm": [
        67.31889900545787,
        -23.52918927521304,
        -97.87377754366754
    ],
    "RightHand": [
        46.38697184926658,
        -0.7840254593719926,
        92.20974771637758
    ],
    "RightUpLeg": [
        8.557264312506373,
        -1.5040062578538491,
        -5.142672926185956
    ],
    "LeftHand": [
        63.1806517469558,
        -5.850975842763029,
        -91.21116151003892
    ],
    "LeftShoulder": [
        18.361899325294996,
        2.1084552402884955,
        0.26466071543278413
    ],
    "LeftHandThumb1": [
        119.08929687736111,
        -39.74858527382574,
        -106.9520240810872
    ],
    "RightFoot": [
        -1.0747349760459621,
        -17.467400579677356,
        1.817561602449525
    ],
    "Spine": [
        3.9813870642489935,
        -1.7448447472333337,
        0.5343297307976468
    ],
    "LeftHandThumb3": [
        112.3914040362829,
        -11.116766500087754,
        -91.91291680323029
    ],
    "LeftUpLeg": [
        8.21890512243847,
        -1.9461175659574246,
        5.640971747802966
    ],
    "Neck": [
        9.019365280360008,
        -3.824109147088204,
        0.03538925792786244
    ],
    "LeftHandThumb2": [
        112.2735560200812,
        -9.536917157053477,
        -91.25256391684243
    ]
}