{
    "RightShoulder__qx": 0.15953236693127673,
    "RightShoulder__qy": -0.020578426370087926,
    "RightShoulder__qz": 0.03139797399981657,
    "RightShoulder__qw": 0.9864786462453925,
    "RightForeArm__qx": 0.27115363388337527,
    "RightForeArm__qy": 0.5404966272825437,
    "RightForeArm__qz": 0.5038153735092706,
    "RightForeArm__qw": 0.6168542551881682,
    "LeftFoot__qx": -0.013765560252606834,
    "LeftFoot__qy": 0.014067210288592789,
    "LeftFoot__qz": -0.02016690280531445,
    "LeftFoot__qw": 0.9996028806365403,
    "Head__qx": 0.12126742705796024,
    "Head__qy": -0.04927205266089187,
    "Head__qz": -0.0027727211151527334,
    "Head__qw": 0.991392348154323,
    "LeftHandIndex3__qx": 0.25815963839682704,
    "LeftHandIndex3__qy": -0.5605428387852334,
    "LeftHandIndex3__qz": -0.5094522776073023,
    "LeftHandIndex3__qw": 0.599669662255932,
    "LeftHandIndex2__qx": 0.2720911545591248,
    "LeftHandIndex2__qy": -0.553914408701396,
    "LeftHandIndex2__qz": -0.5242832070992415,
    "LeftHandIndex2__qw": 0.5867472626245472,
    "Spine1__qx": 0.03575293392805708,
    "Spine1__qy": -0.017132666271450516,
    "Spine1__qz": 0.008628916502960318,
    "Spine1__qw": 0.9991765315808574,
    "RightLeg__qx": 0.028687881340122248,
    "RightLeg__qy": -0.014420486523899965,
    "RightLeg__qz": -0.044455852307909306,
    "RightLeg__qw": 0.9984952339536761,
    "LeftToeBase__qx": 0.0019901920285649633,
    "LeftToeBase__qy": 0.013747577566178946,
    "LeftToeBase__qz": -0.02038612047807146,
    "LeftToeBase__qw": 0.9996956783634733,
    "LeftArm__qx": 0.3656931307778071,
    "LeftArm__qy": -0.35893841531011506,
    "LeftArm__qz": -0.4528535285274925,
    "LeftArm__qw": 0.729626911384708,
    "RightArm__qx": 0.34067994616073993,
    "RightArm__qy": 0.32915480024867705,
    "RightArm__qz": 0.48171871887219453,
    "RightArm__qw": 0.7372525806298006,
    "RightToeBase__qx": -0.003361250599424638,
    "RightToeBase__qy": -0.15191196840469373,
    "RightToeBase__qz": 0.014790010946208139,
    "RightToeBase__qw": 0.9882776489560159,
    "LeftLeg__qx": -0.007360939153782508,
    "LeftLeg__qy": -0.017364930386004934,
    "LeftLeg__qz": 0.04905898052447583,
    "LeftLeg__qw": 0.9986177908476108,
    "LeftHandIndex1__qx": 0.3048164261649874,
    "LeftHandIndex1__qy": -0.5366020061080862,
    "LeftHandIndex1__qz": -0.5585234767335234,
    "LeftHandIndex1__qw": 0.5542533349636065,
    "Hips__qx": 0.033817715194171795,
    "Hips__qy": -0.013076738644496506,
    "Hips__qz": 0.004544624309872784,
    "Hips__qw": 0.9993321306929701,
    "LeftForeArm__qx": 0.22847912350599614,
    "LeftForeArm__qy": -0.5206020620609504,
    "LeftForeArm__qz": -0.5401612293582259,
    "LeftForeArm__qw": 0.6204809661851266,
    "RightHand__qx": 0.27758889292822125,
    "RightHand__qy": 0.27943621900692506,
    "RightHand__qz": 0.6642232313116431,
    "RightHand__qw": 0.6353481762120027,
    "RightUpLeg__qx": 0.0739381251636583,
    "RightUpLeg__qy": -0.016421612968443137,
    "RightUpLeg__qz": -0.04375614295617279,
    "RightUpLeg__qw": 0.9961670965397306,
    "LeftHand__qx": 0.3349348879947354,
    "LeftHand__qy": -0.4042330812126567,
    "LeftHand__qz": -0.5891596972911509,
    "LeftHand__qw": 0.6142516487117273,
    "LeftShoulder__qx": 0.15948358249313244,
    "LeftShoulder__qy": 0.018531398290204438,
    "LeftShoulder__qz": -0.0006559350386652588,
    "LeftShoulder__qw": 0.9870264150172432,
    "LeftHandThumb1__qx": 0.3440131972465983,
    "LeftHandThumb1__qy": -0.754024867135739,
    "LeftHandThumb1__qz": -0.208649791742727,
    "LeftHandThumb1__qw": 0.5191981165863575,
    "RightFoot__qx": -0.006860584770253315,
    "RightFoot__qy": -0.15196345683648854,
    "RightFoot__qz": 0.014252052986734135,
    "RightFoot__qw": 0.9882595403782238,
    "Spine__qx": 0.03480371681254488,
    "Spine__qy": -0.015054743093934002,
    "Spine__qz": 0.005188439547205542,
    "Spine__qw": 0.9992672996258173,
    "LeftHandThumb3__qx": 0.5362232641887901,
    "LeftHandThumb3__qy": -0.631946672104731,
    "LeftHandThumb3__qz": -0.34208256274351767,
    "LeftHandThumb3__qw": 0.4428177218961567,
    "LeftUpLeg__qx": 0.07239836268144478,
    "LeftUpLeg__qy": -0.013392326759739535,
    "LeftUpLeg__qz": 0.050288804422567,
    "LeftUpLeg__qw": 0.9960171478517602,
    "Neck__qx": 0.07859405779917415,
    "Neck__qy": -0.033237885969602296,
    "Neck__qz": 0.0029311463580676566,
    "Neck__qw": 0.9963481446743199,
    "LeftHandThumb2__qx": 0.5455876839305077,
    "LeftHandThumb2__qy": -0.6238824888591354,
    "LeftHandThumb2__qz": -0.3486393427577817,
    "LeftHandThumb2__qw": 0.4376703416039262
}