{
    "Hips__qx": -0.03127288284753068,
    "Hips__qy": -0.0005144775969633983,
    "Hips__qz": -0.0010620136995968536,
    "Hips__qw": -0.9995101871607457,
    "Neck__qx": -0.07532139795022576,
    "Neck__qy": 0.023677989409473073,
    "Neck__qz": 0.015951627449224376,
    "Neck__qw": -0.9967505131225516,
    "LeftLeg__qx": 0.003956136855508269,
    "LeftLeg__qy": -0.0006822755992391904,
    "LeftLeg__qz": -0.029893451777482153,
    "LeftLeg__qw": -0.9995450290117072,
    "Spine1__qx": -0.021816655138096375,
    "Spine1__qy": -0.003120318617938278,
    "Spine1__qz": 0.002545541681527057,
    "Spine1__qw": -0.9997538784060083,
    "RightLeg__qx": -0.03069428921029467,
    "RightLeg__qy": 0.0023124285723558646,
    "RightLeg__qz": 0.03450807013385792,
    "RightLeg__qw": -0.9989302810404784,
    "LeftFoot__qx": 0.008032477539120198,
    "LeftFoot__qy": -0.03070760134809249,
    "LeftFoot__qz": 0.022617065474648184,
    "LeftFoot__qw": -0.9992402067938148,
    "LeftHandIndex2__qx": 0.019693289409619657,
    "LeftHandIndex2__qy": 0.1720572131617185,
    "LeftHandIndex2__qz": 0.24792574754906396,
    "LeftHandIndex2__qw": -0.953174335288928,
    "RightHand__qx": 0.19077015511027415,
    "RightHand__qy": 0.0340551332824302,
    "RightHand__qz": -0.33041350155993393,
    "RightHand__qw": -0.923728268379409,
    "LeftHandIndex3__qx": 0.023988105191223276,
    "LeftHandIndex3__qy": 0.17151114775126372,
    "LeftHandIndex3__qz": 0.2240213937513499,
    "LeftHandIndex3__qw": -0.959073986795639,
    "Head__qx": -0.1285421440543332,
    "Head__qy": 0.05038739629235629,
    "Head__qz": 0.029297714536669767,
    "Head__qw": -0.9899897329870244,
    "RightForeArm__qx": -0.011425113953025635,
    "RightForeArm__qy": -0.1791696764073628,
    "RightForeArm__qz": -0.29297621419261927,
    "RightForeArm__qw": -0.939112683198668,
    "Spine__qx": -0.026545806045541655,
    "Spine__qy": -0.0017904738153070234,
    "Spine__qz": -0.000484968605116205,
    "Spine__qw": -0.9996458768935934,
    "LeftArm__qx": -0.09197880734842523,
    "LeftArm__qy": 0.13374639076982667,
    "LeftArm__qz": 0.296642608377721,
    "LeftArm__qw": -0.9410924316185251,
    "RightArm__qx": -0.1068484539060842,
    "RightArm__qy": -0.13180118065491722,
    "RightArm__qz": -0.2705212402130274,
    "RightArm__qw": -0.9476445089111502,
    "LeftShoulder__qx": -0.05901701124697248,
    "LeftShoulder__qy": -0.09141630166740919,
    "LeftShoulder__qz": -0.027204448592062336,
    "LeftShoulder__qw": -0.9936900775139751,
    "LeftHandThumb2__qx": -0.32430518428466565,
    "LeftHandThumb2__qy": 0.2392481373413584,
    "LeftHandThumb2__qz": 0.2300467999945321,
    "LeftHandThumb2__qw": -0.885813155263036,
    "LeftHandThumb1__qx": -0.25060699012253873,
    "LeftHandThumb1__qy": 0.3156095078154173,
    "LeftHandThumb1__qz": -0.009160787213506159,
    "LeftHandThumb1__qw": -0.9151518207684781,
    "RightUpLeg__qx": -0.07518124938950545,
    "RightUpLeg__qy": 0.003847553801902045,
    "RightUpLeg__qz": 0.03436988401698188,
    "RightUpLeg__qw": -0.9965699609875033,
    "RightFoot__qx": -0.0023740520359188783,
    "RightFoot__qy": 0.12437981432807856,
    "RightFoot__qz": -0.01902515789119557,
    "RightFoot__qw": -0.9920494287241229,
    "LeftHandThumb3__qx": -0.31414271407681305,
    "LeftHandThumb3__qy": 0.25244432874953415,
    "LeftHandThumb3__qz": 0.1932459675999634,
    "LeftHandThumb3__qw": -0.8945625814223422,
    "LeftHand__qx": 0.058691820826098834,
    "LeftHand__qy": 0.055454544403253106,
    "LeftHand__qz": 0.3574450764563767,
    "LeftHand__qw": -0.9304370376281459,
    "LeftUpLeg__qx": -0.07762395760889088,
    "LeftUpLeg__qy": -0.0031193106391034686,
    "LeftUpLeg__qz": -0.029738038709566268,
    "LeftUpLeg__qw": -0.9965342142445377,
    "LeftForeArm__qx": 0.0751177305533474,
    "LeftForeArm__qy": 0.154865658818839,
    "LeftForeArm__qz": 0.33067407360393597,
    "LeftForeArm__qw": -0.9279162738745885,
    "LeftHandIndex1__qx": 0.009340656932703882,
    "LeftHandIndex1__qy": 0.1729284879368465,
    "LeftHandIndex1__qz": 0.30463576768176653,
    "LeftHandIndex1__qw": -0.9365925150442332,
    "RightShoulder__qx": -0.05605946634932747,
    "RightShoulder__qy": 0.06124490707426014,
    "RightShoulder__qz": 0.026883292673444942,
    "RightShoulder__qw": -0.9961845643078032,
    "RightToeBase__qx": 0.008342520771718633,
    "RightToeBase__qy": 0.12457850283995163,
    "RightToeBase__qz": -0.01768045866540048,
    "RightToeBase__qw": -0.9920171371295512,
    "LeftToeBase__qx": 0.004266042557526663,
    "LeftToeBase__qy": -0.03062214807730375,
    "LeftToeBase__qz": 0.02273266308940231,
    "LeftToeBase__qw": -0.9992633841770111
}