{
    "run_id": "763_T2_P1_R2_Take 2025-12-17 07.07.16 PM",
    "subject_context": {
        "height_cm": 145.2242324649347,
        "scaling_factor": 1.0
    },
    "static_offset_audit": {
        "Left": {
            "bone_detected": "LeftArm",
            "measured_angle_deg": 15.78,
            "correction_value_deg": -15.78,
            "is_significant": true
        },
        "Right": {
            "bone_detected": "RightArm",
            "measured_angle_deg": 15.38,
            "correction_value_deg": -15.38,
            "is_significant": true
        }
    },
    "rotation_alignment_audit": {
        "RightUpLeg": [
            -3.0083853171324697,
            1.0622841762272919,
            0.6116936422065358
        ],
        "Head": [
            -9.478727914248145,
            12.511312431463292,
            7.110109307723795
        ],
        "LeftHandThumb1": [
            20.28556205141013,
            -29.136412103684382,
            33.49991620882947
        ],
        "LeftHandIndex3": [
            -3.811953641465927,
            -9.775020494431633,
            7.322086188791444
        ],
        "Hips": [
            -0.5098165225473331,
            0.7224199917992782,
            -2.370288616518759
        ],
        "LeftHandIndex2": [
            -3.3146858405700623,
            -9.953114447373745,
            4.419923414138624
        ],
        "LeftLeg": [
            18.855326828383433,
            -3.1635684404196946,
            -1.1342028024992
        ],
        "LeftArm": [
            36.28774676698409,
            -9.398517439454379,
            7.168907465941541
        ],
        "LeftHandIndex1": [
            -2.0879399371970693,
            -10.277562724485778,
            -2.5564922331043216
        ],
        "LeftToeBase": [
            1.9868511098766866,
            4.2504527384184865,
            8.614370231290877
        ],
        "LeftShoulder": [
            8.767168149132083,
            2.3757069577083314,
            15.789870375601453
        ],
        "LeftFoot": [
            2.5315329504454995,
            4.250472280810078,
            8.614377105498424
        ],
        "RightFoot": [
            5.103910889653133,
            -8.236078691845256,
            -10.40061108043725
        ],
        "Neck": [
            -1.6363068500595892,
            4.885206321953621,
            2.171070345708647
        ],
        "Spine1": [
            6.8044702929932175,
            -1.973450672582581,
            -3.7431906872049683
        ],
        "LeftHandThumb3": [
            30.575477637589326,
            -17.899212233338922,
            8.187311722362507
        ],
        "RightShoulder": [
            7.3046003117616936,
            -10.906538974614174,
            -15.66517741645593
        ],
        "Spine": [
            3.1391323566082434,
            -0.6801992863040738,
            -2.6366135103204917
        ],
        "LeftUpLeg": [
            -12.077802389704853,
            -3.1635576552215032,
            -1.1341996715038531
        ],
        "LeftHandThumb2": [
            31.768661413195698,
            -15.49300005613251,
            4.0368554270484
        ],
        "RightForeArm": [
            28.21552986538409,
            8.872093373778801,
            -1.251915985571657
        ],
        "LeftHand": [
            -10.485896325411275,
            -16.13451151828,
            -8.300876042150092
        ],
        "LeftForeArm": [
            42.24860217175863,
            -15.03401732083568,
            2.8679599686058794
        ],
        "RightHand": [
            30.14683832122956,
            16.139279379202854,
            -9.635526007243378
        ],
        "RightToeBase": [
            4.859780407199353,
            -8.2360747595987,
            -10.400612708126653
        ],
        "RightArm": [
            12.504363103793214,
            1.7650652073886477,
            -2.8430731781302607
        ],
        "RightLeg": [
            16.328820602297373,
            1.0622768754748912,
            0.6116807323123742
        ]
    },
    "window_metadata": {
        "start_time_sec": 1.5,
        "end_time_sec": 2.5,
        "duration_sec": 1.0,
        "variance_score": 10.404600645640805,
        "searched_duration_sec": 5.0,
        "joints_used": [
            "Hips",
            "LeftHand",
            "RightHand"
        ],
        "time_window": [
            1.5,
            2.5
        ],
        "mean_motion": 0.04854347139388112,
        "max_motion": 0.3074075789620565,
        "ref_quality_score": 0.9479769967717959,
        "confidence_level": "HIGH",
        "ref_is_fallback": false,
        "detection_method": "auto_stable_window",
        "variance_threshold": 100.0,
        "all_window_scores_min": 10.404600645640805,
        "all_window_scores_max": 113049.56538154627
    },
    "metadata": {
        "grade": "HIGH",
        "status": "LOCKED"
    }
}