{
  "offsets_map": {
    "LeftShoulder": [
      -0.07586320800041589,
      -0.07962485042402823,
      -0.031361340076282974,
      0.9934390384998248
    ],
    "Spine": [
      -0.025558316187475946,
      0.003893649922570891,
      -0.0004701083233988713,
      0.9996656395826086
    ],
    "Head": [
      -0.1351804525605929,
      0.05556119536247807,
      0.015535628638727832,
      0.989139951199124
    ],
    "Neck": [
      -0.08092005647423021,
      0.029255298433739436,
      0.008284456622751511,
      0.9962567137802516
    ],
    "RightToeBase": [
      0.0009182916607048738,
      0.1342710656008437,
      -0.025913516457611314,
      0.9906053337972903
    ],
    "LeftHandThumb2": [
      -0.2970242904336398,
      0.24856098609996655,
      0.23397939391457248,
      0.8917665895876423
    ],
    "LeftLeg": [
      0.024093643140664627,
      0.0016825084351375361,
      -0.0317811436119607,
      0.9992029946093496
    ],
    "Hips": [
      -0.02476535057241041,
      0.004915658453627295,
      -0.0007407333525907958,
      0.9996809316112283
    ],
    "RightHand": [
      0.11344716912464514,
      0.0019436857869709972,
      -0.3829611031218931,
      0.9167697395741357
    ],
    "LeftToeBase": [
      0.0002426583428942589,
      -0.006396358324360261,
      0.022537858312848567,
      0.9997254986543982
    ],
    "LeftArm": [
      -0.13964282351110122,
      0.15311952037613155,
      0.31443994900927597,
      0.9263810300241876
    ],
    "LeftHandThumb1": [
      -0.22596344550496625,
      0.31455758213618323,
      0.005105484236753067,
      0.9219370818265588
    ],
    "Spine1": [
      -0.026357167174991387,
      0.0028400000495390357,
      0.0010023916878267292,
      0.9996480527411298
    ],
    "LeftHand": [
      0.07516415662017531,
      0.0485346629412501,
      0.38461343083032384,
      0.9187313235531293
    ],
    "RightFoot": [
      0.010107416563514255,
      0.1345056986111276,
      -0.0246668664118245,
      0.9905541897710419
    ],
    "RightLeg": [
      -0.017780002242049658,
      0.016203810393609245,
      0.02455615312326327,
      0.9994089770423256
    ],
    "LeftUpLeg": [
      -0.06583607800308505,
      -0.001181541726351198,
      -0.03180365978370723,
      0.9973227872743522
    ],
    "RightUpLeg": [
      -0.06827291113887868,
      0.01742434238715095,
      0.02370575096894099,
      0.9972327909109271
    ],
    "LeftHandThumb3": [
      -0.28307611365258406,
      0.2643367275378959,
      0.18516612137739766,
      0.9031652760419637
    ],
    "LeftForeArm": [
      0.022450203486124563,
      0.17675657635100506,
      0.35479565332001284,
      0.917808882864689
    ],
    "RightArm": [
      -0.15327030136863812,
      -0.16210335381931898,
      -0.2864102720650999,
      0.9317724365178931
    ],
    "RightForeArm": [
      -0.0816473344720542,
      -0.2109777723797413,
      -0.3086842469703965,
      0.9238701900200103
    ],
    "LeftHandIndex2": [
      0.03874765157389154,
      0.16424938917203455,
      0.27486042548004036,
      0.9465582412926598
    ],
    "LeftHandIndex1": [
      0.028828883696044826,
      0.1662772404896687,
      0.33112518679251207,
      0.9283732468310387
    ],
    "LeftHandIndex3": [
      0.042841315711040565,
      0.16322940710813993,
      0.25111301736186475,
      0.9531332723363989
    ],
    "RightShoulder": [
      -0.07386848360498735,
      0.05858426514954873,
      0.028931861713161686,
      0.9951252576357399
    ],
    "LeftFoot": [
      0.01821736620501841,
      -0.0068005831629020476,
      0.02241916609910502,
      0.9995595333088557
    ]
  },
  "metadata": {
    "fs": 120.0,
    "window_duration_sec": 1.0,
    "quat_order": "xyzw",
    "hemisphere_alignment_applied": true,
    "v_pose_correction_applied": true,
    "v_pose_correction_quat_xyzw": [
      0.17005182930484405,
      0.0,
      -0.5774248393718752,
      0.7985379954807663
    ],
    "shoulder_joints": [
      "LeftShoulder",
      "RightShoulder"
    ],
    "time_window": [
      1.7,
      2.7
    ]
  }
}