{
    "Hips": [
        3.584254675036608,
        0.055120080393685135,
        0.12348203536626177
    ],
    "Neck": [
        8.688380449600539,
        -2.5676586192224904,
        -2.028811833145975
    ],
    "LeftLeg": [
        -0.4508017015024376,
        0.09169938688206843,
        3.425714506755273
    ],
    "Spine1": [
        2.4993219610515514,
        0.3638404823576648,
        -0.2838318697387749
    ],
    "RightLeg": [
        3.5249222159021905,
        -0.14332602767161476,
        -3.961404783068147
    ],
    "LeftFoot": [
        -1.0012561777794635,
        3.49751205866095,
        -2.6238228376933095
    ],
    "LeftHandIndex2": [
        2.9093226244574484,
        -19.740824217246015,
        -29.666055871492475
    ],
    "RightHand": [
        -22.06721312451701,
        3.620677358753079,
        38.65759024629902
    ],
    "LeftHandIndex3": [
        1.8785696067818465,
        -19.860513891682274,
        -26.62386445571922
    ],
    "Head": [
        14.984957983124838,
        -5.29214217050984,
        -4.086731989336597
    ],
    "RightForeArm": [
        7.697263336877402,
        19.25824253169164,
        35.96067755413533
    ],
    "Spine": [
        3.0423963092582293,
        0.2036257197041402,
        0.06100051310133648
    ],
    "LeftArm": [
        14.923318353423266,
        -11.371269440253903,
        -36.48497955233735
    ],
    "RightArm": [
        16.201084262626132,
        11.069044939621495,
        33.44487592997935
    ],
    "LeftShoulder": [
        7.137906362294774,
        10.280531628906163,
        3.779334961958974
    ],
    "LeftHandThumb2": [
        45.39822418755026,
        -15.941011856985488,
        -35.820035676946
    ],
    "LeftHandThumb1": [
        33.85359228367346,
        -35.60914528419484,
        -10.017428897007736
    ],
    "RightUpLeg": [
        8.63339972579851,
        -0.1432837984413158,
        -3.961304075587153
    ],
    "RightFoot": [
        -0.0013207104398662625,
        -14.292500838597554,
        2.197490870060798
    ],
    "LeftHandThumb3": [
        44.33193758610268,
        -19.283396288192595,
        -32.29819761939951
    ],
    "LeftHand": [
        -4.032304153832977,
        -8.34608872758331,
        -41.7361287775813
    ],
    "LeftUpLeg": [
        8.910740397320977,
        0.09168652403298,
        3.4257092623946113
    ],
    "LeftForeArm": [
        -2.2514428372838844,
        -19.69929670902112,
        -38.83731824570768
    ],
    "LeftHandIndex1": [
        5.339936053157526,
        -19.245594405308623,
        -36.941239145907446
    ],
    "RightShoulder": [
        6.650179005301465,
        -6.834874303240017,
        -3.489216236124345
    ],
    "RightToeBase": [
        -1.2392004868058437,
        -14.292550466195243,
        2.1974918131880314
    ],
    "LeftToeBase": [
        -0.5693319508644453,
        3.4975136612898603,
        -2.623824443893372
    ]
}