{
    "LeftShoulder": [
        9.59183023757238,
        9.319306951952544,
        2.9867300546881532
    ],
    "RightLeg": [
        4.241037193233743,
        -0.6756093283783142,
        -1.8570826106951834
    ],
    "Head": [
        13.539025155162511,
        -5.842565170529188,
        -2.6866082268270857
    ],
    "RightArm": [
        23.591096048749694,
        12.751236142698941,
        40.379189520817114
    ],
    "Neck": [
        8.580672712195694,
        -3.4076710098315206,
        -1.0458347696434358
    ],
    "RightShoulder": [
        9.94238321250644,
        -5.969091032893427,
        -1.3371801925130058
    ],
    "LeftFoot": [
        0.5257241697369613,
        -4.363099780223355,
        -2.9576100601119344
    ],
    "LeftHand": [
        6.726901536537813,
        -10.726894956721384,
        -49.11479403853203
    ],
    "Hips": [
        6.119005643624168,
        -0.8670346931681144,
        0.018902714043111408
    ],
    "Spine1": [
        3.7020220628506544,
        -0.8415690820829859,
        0.3758138834024139
    ],
    "RightForeArm": [
        15.801222527588305,
        20.67927508348256,
        44.081812209211
    ],
    "RightHand": [
        -11.542580348580094,
        8.456407625347277,
        50.15627022396029
    ],
    "RightFoot": [
        2.3168467614525006,
        -11.085964551396474,
        2.3085600741950225
    ],
    "Spine": [
        4.912249134396687,
        -0.8473050816361398,
        0.0798187705535641
    ],
    "RightUpLeg": [
        8.013524955354752,
        -0.6756183502553245,
        -1.8570744204485736
    ],
    "LeftArm": [
        21.59919948700654,
        -11.73324033550438,
        -42.54930304247438
    ],
    "LeftUpLeg": [
        7.151269473065692,
        -2.3253260282396226,
        1.5455615987338216
    ],
    "LeftForeArm": [
        7.857912668542297,
        -21.38155241919835,
        -46.64664120521304
    ],
    "LeftLeg": [
        -0.623707442515701,
        -2.325329860093534,
        1.5455463704732053
    ]
}