{
  "offsets_map": {
    "RightArm": [
      0.1215879912662883,
      -0.006964856498803321,
      -0.031060223150068254,
      -0.9920701153102275
    ],
    "RightHand": [
      0.743546131078187,
      -0.10296849790240493,
      -0.052189150764206174,
      -0.658644769159289
    ],
    "LeftFoot": [
      0.01601300258849943,
      0.04439322449465325,
      0.06886318771490174,
      -0.9965092507070922
    ],
    "Hips": [
      -0.008613421027402486,
      0.0024276259177399492,
      -0.0230731658439956,
      -0.9996937254122104
    ],
    "LeftHandThumb2": [
      0.28980316234816733,
      -0.08815923579549705,
      0.10260000357819321,
      -0.9474783984359277
    ],
    "Head": [
      0.15018391054584473,
      0.07747577521336788,
      0.10816909408823018,
      -0.9796640977153226
    ],
    "LeftArm": [
      0.298403373749326,
      -0.051458610309104244,
      0.1101841460505496,
      -0.9466609170760072
    ],
    "LeftHand": [
      -0.08208775114874943,
      -0.1347960573712815,
      -0.028942922807234435,
      -0.9870430240105411
    ],
    "LeftHandThumb3": [
      0.2871002424780438,
      -0.096509584017241,
      0.1298727988690307,
      -0.9441357990648336
    ],
    "RightToeBase": [
      0.02954383558273295,
      -0.061729166771192535,
      -0.05438083920149648,
      -0.9961723726727899
    ],
    "LeftShoulder": [
      0.0632927180636665,
      0.02302681520569424,
      0.1399729449927751,
      -0.9878620208772304
    ],
    "RightLeg": [
      0.12332358218398513,
      0.005401766896260623,
      -0.020795944764570067,
      -0.9921338839456383
    ],
    "LeftUpLeg": [
      -0.10631401775682715,
      -0.029290236446009817,
      0.007315052706382376,
      -0.9938741880546254
    ],
    "RightUpLeg": [
      -0.041273126096543045,
      0.008742470815464053,
      -0.019624067372577186,
      -0.9989169105816641
    ],
    "RightFoot": [
      0.030535960843800107,
      -0.061782847712349945,
      -0.05431947025742733,
      -0.9961424747368476
    ],
    "LeftHandIndex1": [
      -0.004189004320342323,
      -0.08739600290838388,
      0.03227624812819952,
      -0.9956418204983201
    ],
    "LeftForeArm": [
      0.38879392101918897,
      -0.09602043631917784,
      0.10228500098790323,
      -0.9105806616442631
    ],
    "Spine": [
      0.021044736892746267,
      -0.014149603474882078,
      -0.0249211780284658,
      -0.9993677214400575
    ],
    "RightForeArm": [
      0.33882608078591625,
      0.02508767172881762,
      -0.032637045190869886,
      -0.9399480405786759
    ],
    "LeftLeg": [
      0.15054348846400598,
      -0.026454627878076398,
      0.014530000148220026,
      -0.9881425453043772
    ],
    "Spine1": [
      0.05066690669231962,
      -0.030411724187733035,
      -0.032504573100666345,
      -0.9977231300945691
    ],
    "LeftHandIndex2": [
      -0.009422112738843054,
      -0.0869874830004515,
      0.09192088606102967,
      -0.9919147908457349
    ],
    "LeftToeBase": [
      0.013344290361873833,
      0.04420826747094233,
      0.06898132096971836,
      -0.996548612140536
    ],
    "LeftHandIndex3": [
      -0.01159366200147929,
      -0.08672484134352026,
      0.11668742238936247,
      -0.9893070475597873
    ],
    "Neck": [
      0.10095241863655526,
      0.02364978418176401,
      0.03801986001086232,
      -0.993883185854525
    ],
    "LeftHandThumb1": [
      0.2547603277301746,
      -0.16392840034962933,
      0.35744028826342383,
      -0.8834370918745637
    ],
    "RightShoulder": [
      0.0471188427517842,
      -0.10817233864015585,
      -0.12376533128653201,
      -0.9852718927191555
    ]
  },
  "metadata": {
    "fs": 120.0,
    "window_duration_sec": 1.0,
    "quat_order": "xyzw",
    "hemisphere_alignment_applied": true,
    "v_pose_correction_applied": true,
    "v_pose_correction_quat_xyzw": [
      0.4603746727680637,
      7.850942667632168e-18,
      0.08307082613395464,
      0.883829394464294
    ],
    "shoulder_joints": [
      "LeftShoulder",
      "RightShoulder"
    ],
    "time_window": [
      0.0,
      1.0
    ]
  }
}