{
    "run_id": "763_T2_P2_R2_Take_2025-12-25 10.51.23 AM_005",
    "subject_context": {
        "height_cm": 143.41398363526153,
        "scaling_factor": 1.0
    },
    "static_offset_audit": {
        "Left": {
            "bone_detected": "LeftArm",
            "measured_angle_deg": 2.95,
            "correction_value_deg": -2.95,
            "is_significant": false
        },
        "Right": {
            "bone_detected": "RightArm",
            "measured_angle_deg": 1.33,
            "correction_value_deg": -1.33,
            "is_significant": false
        }
    },
    "rotation_alignment_audit": {
        "LeftFoot": [
            0.5257241697369613,
            -4.363099780223355,
            -2.9576100601119344
        ],
        "LeftShoulder": [
            9.59183023757238,
            9.319306951952544,
            2.9867300546881532
        ],
        "LeftForeArm": [
            7.857912668542297,
            -21.38155241919835,
            -46.64664120521304
        ],
        "Spine": [
            4.912249134396687,
            -0.8473050816361398,
            0.0798187705535641
        ],
        "RightForeArm": [
            15.801222527588305,
            20.67927508348256,
            44.081812209211
        ],
        "RightFoot": [
            2.3168467614525006,
            -11.085964551396474,
            2.3085600741950225
        ],
        "Neck": [
            8.580672712195694,
            -3.4076710098315206,
            -1.0458347696434358
        ],
        "RightShoulder": [
            9.94238321250644,
            -5.969091032893427,
            -1.3371801925130058
        ],
        "Head": [
            13.539025155162511,
            -5.842565170529188,
            -2.6866082268270857
        ],
        "LeftArm": [
            21.59919948700654,
            -11.73324033550438,
            -42.54930304247438
        ],
        "LeftUpLeg": [
            7.151269473065692,
            -2.3253260282396226,
            1.5455615987338216
        ],
        "LeftLeg": [
            -0.623707442515701,
            -2.325329860093534,
            1.5455463704732053
        ],
        "RightLeg": [
            4.241037193233743,
            -0.6756093283783142,
            -1.8570826106951834
        ],
        "RightArm": [
            23.591096048749694,
            12.751236142698941,
            40.379189520817114
        ],
        "LeftHand": [
            6.726901536537813,
            -10.726894956721384,
            -49.11479403853203
        ],
        "Spine1": [
            3.7020220628506544,
            -0.8415690820829859,
            0.3758138834024139
        ],
        "RightUpLeg": [
            8.013524955354752,
            -0.6756183502553245,
            -1.8570744204485736
        ],
        "RightHand": [
            -11.542580348580094,
            8.456407625347277,
            50.15627022396029
        ],
        "Hips": [
            6.119005643624168,
            -0.8670346931681144,
            0.018902714043111408
        ]
    },
    "window_metadata": {
        "start_time_sec": 2.4,
        "end_time_sec": 3.4,
        "duration_sec": 1.0,
        "variance_score": 16.5323266026209,
        "searched_duration_sec": 5.0,
        "joints_used": [
            "Hips",
            "LeftHand",
            "RightHand"
        ],
        "time_window": [
            2.4,
            3.4
        ],
        "mean_motion": 0.059516324850987616,
        "max_motion": 0.9951204534136195,
        "ref_quality_score": 0.9173383669868955,
        "confidence_level": "HIGH",
        "ref_is_fallback": false,
        "detection_method": "auto_stable_window",
        "variance_threshold": 100.0,
        "all_window_scores_min": 16.5323266026209,
        "all_window_scores_max": 35967.66049622981
    },
    "metadata": {
        "grade": "HIGH",
        "status": "LOCKED"
    }
}