{
    "LeftArm": [
        21.225022862187256,
        -11.295870842847947,
        -39.62049095799031
    ],
    "LeftFoot": [
        -2.104753066325324,
        0.7321648286264888,
        -2.5831981028860787
    ],
    "LeftHandThumb1": [
        30.955765498431987,
        -35.288744950224796,
        -10.70145186101813
    ],
    "Head": [
        15.704010765788729,
        -6.0683836132387885,
        -2.6372953673430994
    ],
    "Neck": [
        9.321953090785364,
        -3.2648079545678037,
        -1.2191229124169103
    ],
    "LeftHandIndex1": [
        3.4340385694540605,
        -19.136913284234303,
        -39.838885113680576
    ],
    "Spine1": [
        3.0210194807084623,
        -0.32229966280876615,
        -0.12340492482548794
    ],
    "LeftUpLeg": [
        7.550212420730571,
        -0.10490287135376823,
        3.6460542863263186
    ],
    "LeftForeArm": [
        5.138478652198059,
        -19.900513723875864,
        -43.17186469147725
    ],
    "RightUpLeg": [
        7.877882071068934,
        -1.8059944355538995,
        -2.8478677603482314
    ],
    "LeftHandThumb3": [
        41.03406994346049,
        -21.87897574541817,
        -31.44653471565014
    ],
    "LeftHand": [
        -5.847667885781391,
        -8.453049321407432,
        -44.99929910949605
    ],
    "LeftHandThumb2": [
        42.7061278523568,
        -17.71735673903307,
        -36.37718706642292
    ],
    "RightShoulder": [
        8.706013393162056,
        -6.449247102949166,
        -3.822087459952062
    ],
    "RightHand": [
        -12.135814504596354,
        4.779878386639724,
        44.8349900342015
    ],
    "RightToeBase": [
        -0.5217539081177555,
        -15.424697884155849,
        3.067607403855079
    ],
    "RightLeg": [
        2.0833240108988687,
        -1.8059898671471988,
        -2.8478655583116073
    ],
    "LeftToeBase": [
        -0.04432213208022649,
        0.7321606963859556,
        -2.5832031312147934
    ],
    "RightForeArm": [
        17.388925544728856,
        19.841885887498186,
        40.01532662572236
    ],
    "Hips": [
        2.837875622681365,
        -0.5652245319254793,
        0.07090802723977649
    ],
    "RightFoot": [
        -1.5847564256692046,
        -15.424701143710191,
        3.067608092342966
    ],
    "LeftHandIndex2": [
        1.0289501569000974,
        -19.40501066518,
        -32.56028414909514
    ],
    "LeftShoulder": [
        9.067131241910937,
        8.826710958864723,
        4.317537195178677
    ],
    "Spine": [
        2.928943039108063,
        -0.44741161506740884,
        0.04245013710910949
    ],
    "LeftLeg": [
        -2.7659339173142987,
        -0.10490220621258625,
        3.6460599049080504
    ],
    "LeftHandIndex3": [
        0.01890075907853089,
        -19.431204516626266,
        -29.522794967429533
    ],
    "RightArm": [
        22.798003686977477,
        12.373905632150754,
        36.677130042980785
    ]
}