{
  "offsets_map": {
    "Hips": [
      0.03127288284753068,
      0.0005144775969633983,
      0.0010620136995968536,
      -0.9995101871607457
    ],
    "Neck": [
      0.07532139795022576,
      -0.023677989409473073,
      -0.015951627449224376,
      -0.9967505131225516
    ],
    "LeftLeg": [
      -0.003956136855508269,
      0.0006822755992391904,
      0.029893451777482153,
      -0.9995450290117072
    ],
    "Spine1": [
      0.021816655138096375,
      0.003120318617938278,
      -0.002545541681527057,
      -0.9997538784060083
    ],
    "RightLeg": [
      0.03069428921029467,
      -0.0023124285723558646,
      -0.03450807013385792,
      -0.9989302810404784
    ],
    "LeftFoot": [
      -0.008032477539120198,
      0.03070760134809249,
      -0.022617065474648184,
      -0.9992402067938148
    ],
    "LeftHandIndex2": [
      -0.019693289409619657,
      -0.1720572131617185,
      -0.24792574754906396,
      -0.953174335288928
    ],
    "RightHand": [
      -0.19077015511027415,
      -0.0340551332824302,
      0.33041350155993393,
      -0.923728268379409
    ],
    "LeftHandIndex3": [
      -0.023988105191223276,
      -0.17151114775126372,
      -0.2240213937513499,
      -0.959073986795639
    ],
    "Head": [
      0.1285421440543332,
      -0.05038739629235629,
      -0.029297714536669767,
      -0.9899897329870244
    ],
    "RightForeArm": [
      0.011425113953025635,
      0.1791696764073628,
      0.29297621419261927,
      -0.939112683198668
    ],
    "Spine": [
      0.026545806045541655,
      0.0017904738153070234,
      0.000484968605116205,
      -0.9996458768935934
    ],
    "LeftArm": [
      0.09197880734842523,
      -0.13374639076982667,
      -0.296642608377721,
      -0.9410924316185251
    ],
    "RightArm": [
      0.1068484539060842,
      0.13180118065491722,
      0.2705212402130274,
      -0.9476445089111502
    ],
    "LeftShoulder": [
      0.05901701124697248,
      0.09141630166740919,
      0.027204448592062336,
      -0.9936900775139751
    ],
    "LeftHandThumb2": [
      0.32430518428466565,
      -0.2392481373413584,
      -0.2300467999945321,
      -0.885813155263036
    ],
    "LeftHandThumb1": [
      0.25060699012253873,
      -0.3156095078154173,
      0.009160787213506159,
      -0.9151518207684781
    ],
    "RightUpLeg": [
      0.07518124938950545,
      -0.003847553801902045,
      -0.03436988401698188,
      -0.9965699609875033
    ],
    "RightFoot": [
      0.0023740520359188783,
      -0.12437981432807856,
      0.01902515789119557,
      -0.9920494287241229
    ],
    "LeftHandThumb3": [
      0.31414271407681305,
      -0.25244432874953415,
      -0.1932459675999634,
      -0.8945625814223422
    ],
    "LeftHand": [
      -0.058691820826098834,
      -0.055454544403253106,
      -0.3574450764563767,
      -0.9304370376281459
    ],
    "LeftUpLeg": [
      0.07762395760889088,
      0.0031193106391034686,
      0.029738038709566268,
      -0.9965342142445377
    ],
    "LeftForeArm": [
      -0.0751177305533474,
      -0.154865658818839,
      -0.33067407360393597,
      -0.9279162738745885
    ],
    "LeftHandIndex1": [
      -0.009340656932703882,
      -0.1729284879368465,
      -0.30463576768176653,
      -0.9365925150442332
    ],
    "RightShoulder": [
      0.05605946634932747,
      -0.06124490707426014,
      -0.026883292673444942,
      -0.9961845643078032
    ],
    "RightToeBase": [
      -0.008342520771718633,
      -0.12457850283995163,
      0.01768045866540048,
      -0.9920171371295512
    ],
    "LeftToeBase": [
      -0.004266042557526663,
      0.03062214807730375,
      -0.02273266308940231,
      -0.9992633841770111
    ]
  },
  "metadata": {
    "fs": 120.0,
    "window_duration_sec": 1.0,
    "quat_order": "xyzw",
    "hemisphere_alignment_applied": true,
    "v_pose_correction_applied": true,
    "v_pose_correction_quat_xyzw": [
      0.1782196580626786,
      0.0,
      -0.5935280657397694,
      0.7848325863897537
    ],
    "shoulder_joints": [
      "LeftShoulder",
      "RightShoulder"
    ],
    "time_window": [
      1.0,
      2.0
    ]
  }
}