{
  "offsets_map": {
    "RightUpLeg": [
      -0.06976850451798787,
      0.007012729640432488,
      0.01575342709236654,
      0.9974141601838021
    ],
    "LeftShoulder": [
      -0.08119319096569774,
      -0.08309688995205901,
      -0.019094574373932294,
      0.9930447975044135
    ],
    "RightFoot": [
      -0.022063769349483772,
      0.09614770334572771,
      -0.02199915266792042,
      0.9948793125325948
    ],
    "LeftHandIndex3": [
      -0.035563657567319475,
      0.2319409120699465,
      0.27956234388433604,
      0.931012102741147
    ],
    "RightForeArm": [
      -0.05862653298952766,
      -0.21553118912469213,
      -0.3428022138869515,
      0.9124669190158781
    ],
    "LeftForeArm": [
      0.01144598633226084,
      0.19660651803390108,
      0.37646064868313533,
      0.9052581104063857
    ],
    "LeftHandThumb3": [
      -0.36268279615603505,
      0.32752653642597135,
      0.22857473407529477,
      0.8419864299688298
    ],
    "Spine": [
      -0.04285837160471377,
      0.00735736203048841,
      -0.0010127504803271478,
      0.9990535538917867
    ],
    "RightShoulder": [
      -0.08592688140171605,
      0.052877361556513215,
      0.0070974816089402985,
      0.9948719422328726
    ],
    "RightLeg": [
      -0.0369006034299588,
      0.006490331453649592,
      0.015975815891866665,
      0.9991701528622219
    ],
    "Hips": [
      -0.053372569625703026,
      0.007546336111274388,
      -0.0005685251932769678,
      0.9985459921315342
    ],
    "Head": [
      -0.11650298610229597,
      0.05335486380398268,
      0.01724387593365288,
      0.9916062532479772
    ],
    "RightHand": [
      0.12192276805742414,
      -0.023934853509532894,
      -0.4272747985321302,
      0.8955435265558119
    ],
    "LeftLeg": [
      0.0051676380451354765,
      0.0203620519415079,
      -0.013373812228358482,
      0.9996898636598485
    ],
    "LeftFoot": [
      -0.0036001504766938783,
      0.03817024678742915,
      0.025611953440223493,
      0.998936483975687
    ],
    "RightToeBase": [
      0.012546776440867779,
      0.09685464457228371,
      -0.018642377175116846,
      0.9950448321553056
    ],
    "Neck": [
      -0.07450370505089153,
      0.03033130012023496,
      0.006872760584404509,
      0.9967356597055488
    ],
    "Spine1": [
      -0.03232365385584793,
      0.007234199969574897,
      -0.003515004029586091,
      0.9994450922881555
    ],
    "LeftHandThumb1": [
      -0.279700070838941,
      0.40072547360965227,
      0.03328789910195352,
      0.8718250288597991
    ],
    "LeftHandThumb2": [
      -0.37525808455022236,
      0.31304012900913236,
      0.2614438430093743,
      0.8323667248047183
    ],
    "LeftToeBase": [
      -0.009423685248357187,
      0.03831899944152123,
      0.025388913497160655,
      0.9988985191247278
    ],
    "LeftHand": [
      -0.01434587494182754,
      0.10914852649747092,
      0.4080830834401866,
      0.906283063973687
    ],
    "LeftHandIndex2": [
      -0.0413504428161308,
      0.23097944763947273,
      0.30274782999789646,
      0.9237328548225612
    ],
    "LeftUpLeg": [
      -0.0626207213718636,
      0.019408545129916643,
      -0.014723550606663817,
      0.9977400316156211
    ],
    "LeftHandIndex1": [
      -0.05512649086923434,
      0.22808426837966847,
      0.3575937573239437,
      0.9039166672017395
    ],
    "LeftArm": [
      -0.13726088677925619,
      0.16119094618858765,
      0.3366987626806133,
      0.9175025182726989
    ],
    "RightArm": [
      -0.15315732301637186,
      -0.17213667613042377,
      -0.3144450663649255,
      0.9208887551577476
    ]
  },
  "metadata": {
    "fs": 120.0,
    "window_duration_sec": 1.0,
    "quat_order": "xyzw",
    "hemisphere_alignment_applied": true,
    "v_pose_correction_applied": true,
    "v_pose_correction_quat_xyzw": [
      0.1104510519355541,
      -4.4436030643364926e-18,
      -0.6149743941362802,
      0.7807733728061202
    ],
    "shoulder_joints": [
      "LeftShoulder",
      "RightShoulder"
    ],
    "time_window": [
      2.4,
      3.4
    ]
  }
}