{
    "RightArm": [
        13.986013551361552,
        -0.3590263955939757,
        -3.6305563618097616
    ],
    "RightHand": [
        97.30441087547356,
        -3.3266995356252904,
        -12.841008622612032
    ],
    "LeftFoot": [
        2.1875480012194912,
        4.949122345023123,
        8.00076213526774
    ],
    "Hips": [
        -0.9932012636954378,
        0.25532728313340247,
        -2.64654366628334
    ],
    "LeftHandThumb2": [
        33.04159845971344,
        -13.092602456875264,
        8.461804091167792
    ],
    "Head": [
        18.255690334784312,
        6.8522798495928425,
        13.703775430282132
    ],
    "LeftArm": [
        34.135775338476485,
        -9.391892161555768,
        10.388419859731638
    ],
    "LeftHand": [
        -9.220528709262664,
        -15.714896807078127,
        -2.084013607030833
    ],
    "LeftHandThumb3": [
        32.3437764720223,
        -14.880822975480951,
        11.326888936416967
    ],
    "RightToeBase": [
        3.787186291156638,
        -6.878975628744897,
        -6.477028501518267
    ],
    "LeftShoulder": [
        7.558936649633005,
        1.591657787442685,
        16.234580772960435
    ],
    "RightLeg": [
        14.153058125474832,
        0.9080507976772937,
        -2.2888536465471545
    ],
    "LeftUpLeg": [
        -12.245143185421714,
        -3.24847618017465,
        1.1919432910962986
    ],
    "RightUpLeg": [
        -4.75012434890572,
        0.9079532630185819,
        -2.288560607046382
    ],
    "RightFoot": [
        3.9013118110195664,
        -6.878923647820831,
        -6.477042214591019
    ],
    "LeftHandIndex1": [
        -0.8135771092907003,
        -10.00649538913286,
        3.7847012194214367
    ],
    "LeftForeArm": [
        45.38436003733942,
        -14.738288704893826,
        6.627296942015403
    ],
    "Spine": [
        2.4520898604816814,
        -1.5604942007550964,
        -2.890370742578056
    ],
    "RightForeArm": [
        39.557359351162646,
        3.9725637878941957,
        -2.548231068432048
    ],
    "LeftLeg": [
        17.291036642916424,
        -3.2479278855596876,
        1.1909019262983869
    ],
    "Spine1": [
        5.926368777374766,
        -3.290078417368328,
        -3.9022824821421693
    ],
    "LeftHandIndex2": [
        -2.017301377273647,
        -9.836438952027988,
        10.762581242538307
    ],
    "LeftToeBase": [
        1.88066544687472,
        4.949079596803168,
        8.000702984721396
    ],
    "LeftHandIndex3": [
        -2.5108217264283192,
        -9.723248317229668,
        13.667352785510218
    ],
    "Neck": [
        11.69050123238156,
        2.254245245883814,
        4.612238337536989
    ],
    "LeftHandThumb1": [
        22.185164958447437,
        -28.148867096554035,
        38.42866965411558
    ],
    "RightShoulder": [
        7.015085513088304,
        -11.624394510272504,
        -15.034422446755377
    ]
}