{
    "RightHand": [
        -10.566904084101624,
        8.681405653833652,
        50.217724916115635
    ],
    "RightUpLeg": [
        7.93756942427062,
        -0.6881065847230703,
        -1.893961692611111
    ],
    "RightLeg": [
        4.188563524121298,
        -0.6881112976509571,
        -1.893974241072606
    ],
    "Spine1": [
        3.7405513499047487,
        -0.8853143279559402,
        0.38645511753912326
    ],
    "Spine": [
        4.926934063686496,
        -0.8729156745572105,
        0.07847501755283391
    ],
    "Hips": [
        6.109518197619376,
        -0.8753238633721419,
        0.016400105161299125
    ],
    "Head": [
        13.866970681653696,
        -5.9831997441389975,
        -2.667980099228388
    ],
    "LeftShoulder": [
        9.746202876053392,
        9.230619260048769,
        3.0625333833796433
    ],
    "LeftLeg": [
        -0.6922237155955271,
        -2.3237466689946262,
        1.519455605573756
    ],
    "LeftFoot": [
        0.5027019632270181,
        -4.373533506995781,
        -3.0036191681188553
    ],
    "LeftArm": [
        22.12897473175803,
        -11.731881978659949,
        -42.70735897315842
    ],
    "RightShoulder": [
        10.090545478860014,
        -5.962816097567968,
        -1.3757278834272295
    ],
    "LeftUpLeg": [
        7.088087561767963,
        -2.323754772758766,
        1.5194522603940672
    ],
    "LeftForeArm": [
        8.816344911608828,
        -21.756020667993017,
        -47.08436887556661
    ],
    "RightFoot": [
        2.290421101173818,
        -11.087458386273859,
        2.301531072300547
    ],
    "LeftHand": [
        7.660175554648432,
        -11.026635761893303,
        -49.4485903775438
    ],
    "LeftToeBase": [
        1.18381208798485,
        -4.3735605129199,
        -3.00360835767398
    ],
    "RightToeBase": [
        -1.6957427702879857,
        -11.087460725055063,
        2.3015363028327798
    ],
    "Neck": [
        8.76286882092196,
        -3.5016035576170363,
        -1.025766471007635
    ],
    "RightArm": [
        24.04895928656715,
        12.70630599733632,
        40.46302902502681
    ],
    "RightForeArm": [
        16.80758596889219,
        20.892205220500404,
        44.36214348216033
    ]
}