{
    "RightUpLeg__qx": 0.06976850451798787,
    "RightUpLeg__qy": -0.007012729640432488,
    "RightUpLeg__qz": -0.01575342709236654,
    "RightUpLeg__qw": 0.9974141601838021,
    "LeftShoulder__qx": 0.08119319096569774,
    "LeftShoulder__qy": 0.08309688995205901,
    "LeftShoulder__qz": 0.019094574373932294,
    "LeftShoulder__qw": 0.9930447975044135,
    "RightFoot__qx": 0.022063769349483772,
    "RightFoot__qy": -0.09614770334572771,
    "RightFoot__qz": 0.02199915266792042,
    "RightFoot__qw": 0.9948793125325948,
    "LeftHandIndex3__qx": 0.035563657567319475,
    "LeftHandIndex3__qy": -0.2319409120699465,
    "LeftHandIndex3__qz": -0.27956234388433604,
    "LeftHandIndex3__qw": 0.931012102741147,
    "RightForeArm__qx": 0.05862653298952766,
    "RightForeArm__qy": 0.21553118912469213,
    "RightForeArm__qz": 0.3428022138869515,
    "RightForeArm__qw": 0.9124669190158781,
    "LeftForeArm__qx": -0.01144598633226084,
    "LeftForeArm__qy": -0.19660651803390108,
    "LeftForeArm__qz": -0.37646064868313533,
    "LeftForeArm__qw": 0.9052581104063857,
    "LeftHandThumb3__qx": 0.36268279615603505,
    "LeftHandThumb3__qy": -0.32752653642597135,
    "LeftHandThumb3__qz": -0.22857473407529477,
    "LeftHandThumb3__qw": 0.8419864299688298,
    "Spine__qx": 0.04285837160471377,
    "Spine__qy": -0.00735736203048841,
    "Spine__qz": 0.0010127504803271478,
    "Spine__qw": 0.9990535538917867,
    "RightShoulder__qx": 0.08592688140171605,
    "RightShoulder__qy": -0.052877361556513215,
    "RightShoulder__qz": -0.0070974816089402985,
    "RightShoulder__qw": 0.9948719422328726,
    "RightLeg__qx": 0.0369006034299588,
    "RightLeg__qy": -0.006490331453649592,
    "RightLeg__qz": -0.015975815891866665,
    "RightLeg__qw": 0.9991701528622219,
    "Hips__qx": 0.053372569625703026,
    "Hips__qy": -0.007546336111274388,
    "Hips__qz": 0.0005685251932769678,
    "Hips__qw": 0.9985459921315342,
    "Head__qx": 0.11650298610229597,
    "Head__qy": -0.05335486380398268,
    "Head__qz": -0.01724387593365288,
    "Head__qw": 0.9916062532479772,
    "RightHand__qx": -0.12192276805742414,
    "RightHand__qy": 0.023934853509532894,
    "RightHand__qz": 0.4272747985321302,
    "RightHand__qw": 0.8955435265558119,
    "LeftLeg__qx": -0.0051676380451354765,
    "LeftLeg__qy": -0.0203620519415079,
    "LeftLeg__qz": 0.013373812228358482,
    "LeftLeg__qw": 0.9996898636598485,
    "LeftFoot__qx": 0.0036001504766938783,
    "LeftFoot__qy": -0.03817024678742915,
    "LeftFoot__qz": -0.025611953440223493,
    "LeftFoot__qw": 0.998936483975687,
    "RightToeBase__qx": -0.012546776440867779,
    "RightToeBase__qy": -0.09685464457228371,
    "RightToeBase__qz": 0.018642377175116846,
    "RightToeBase__qw": 0.9950448321553056,
    "Neck__qx": 0.07450370505089153,
    "Neck__qy": -0.03033130012023496,
    "Neck__qz": -0.006872760584404509,
    "Neck__qw": 0.9967356597055488,
    "Spine1__qx": 0.03232365385584793,
    "Spine1__qy": -0.007234199969574897,
    "Spine1__qz": 0.003515004029586091,
    "Spine1__qw": 0.9994450922881555,
    "LeftHandThumb1__qx": 0.279700070838941,
    "LeftHandThumb1__qy": -0.40072547360965227,
    "LeftHandThumb1__qz": -0.03328789910195352,
    "LeftHandThumb1__qw": 0.8718250288597991,
    "LeftHandThumb2__qx": 0.37525808455022236,
    "LeftHandThumb2__qy": -0.31304012900913236,
    "LeftHandThumb2__qz": -0.2614438430093743,
    "LeftHandThumb2__qw": 0.8323667248047183,
    "LeftToeBase__qx": 0.009423685248357187,
    "LeftToeBase__qy": -0.03831899944152123,
    "LeftToeBase__qz": -0.025388913497160655,
    "LeftToeBase__qw": 0.9988985191247278,
    "LeftHand__qx": 0.01434587494182754,
    "LeftHand__qy": -0.10914852649747092,
    "LeftHand__qz": -0.4080830834401866,
    "LeftHand__qw": 0.906283063973687,
    "LeftHandIndex2__qx": 0.0413504428161308,
    "LeftHandIndex2__qy": -0.23097944763947273,
    "LeftHandIndex2__qz": -0.30274782999789646,
    "LeftHandIndex2__qw": 0.9237328548225612,
    "LeftUpLeg__qx": 0.0626207213718636,
    "LeftUpLeg__qy": -0.019408545129916643,
    "LeftUpLeg__qz": 0.014723550606663817,
    "LeftUpLeg__qw": 0.9977400316156211,
    "LeftHandIndex1__qx": 0.05512649086923434,
    "LeftHandIndex1__qy": -0.22808426837966847,
    "LeftHandIndex1__qz": -0.3575937573239437,
    "LeftHandIndex1__qw": 0.9039166672017395,
    "LeftArm__qx": 0.13726088677925619,
    "LeftArm__qy": -0.16119094618858765,
    "LeftArm__qz": -0.3366987626806133,
    "LeftArm__qw": 0.9175025182726989,
    "RightArm__qx": 0.15315732301637186,
    "RightArm__qy": 0.17213667613042377,
    "RightArm__qz": 0.3144450663649255,
    "RightArm__qw": 0.9208887551577476
}