{
    "LeftShoulder": [
        7.128807164747202,
        -0.43262721340321386,
        13.81797628720404
    ],
    "LeftHandIndex2": [
        -3.3292596021634653,
        -11.567297172597321,
        5.6594879126211985
    ],
    "LeftToeBase": [
        2.9772487580422133,
        6.4093754696796905,
        7.833939302663422
    ],
    "LeftHandThumb2": [
        31.761696280191625,
        -16.7590947235513,
        5.01887116817862
    ],
    "RightFoot": [
        5.498212172672786,
        -8.928391742530161,
        -8.5906224062535
    ],
    "Neck": [
        9.232270496107988,
        3.9588107462308715,
        3.861987833641493
    ],
    "LeftHandIndex1": [
        -1.9021048859899967,
        -11.881475511495713,
        -1.355372404909253
    ],
    "LeftForeArm": [
        43.45453055147569,
        -18.24920843437911,
        1.8896610828085323
    ],
    "LeftHandThumb3": [
        30.53044559617466,
        -19.062026602147427,
        9.022381174940724
    ],
    "LeftArm": [
        35.70490429142528,
        -12.959739926973864,
        5.916603014785159
    ],
    "Head": [
        13.779059143977996,
        10.834995526382734,
        12.592067593967464
    ],
    "Spine": [
        2.2785875405222202,
        -1.7883818059023808,
        -3.1131129484636824
    ],
    "LeftHandIndex3": [
        -3.9098709486194374,
        -11.386403835623701,
        8.576906558789224
    ],
    "RightArm": [
        9.40809515185263,
        4.457523059054775,
        -4.241437356308193
    ],
    "Hips": [
        -1.1838343263977351,
        0.024787009856025978,
        -2.843484499282049
    ],
    "LeftHand": [
        -10.127442347168998,
        -17.71192427881926,
        -7.168376584180762
    ],
    "RightHand": [
        40.32401563051826,
        18.427161192539288,
        -8.449448104254166
    ],
    "RightToeBase": [
        5.667515947922329,
        -8.91823598235786,
        -8.590621422518941
    ],
    "RightUpLeg": [
        -5.549382508618308,
        0.5789448928746981,
        -3.7179542183062106
    ],
    "RightForeArm": [
        30.848346378950012,
        11.071401714797977,
        -3.129938689005525
    ],
    "LeftHandThumb1": [
        19.4498348880889,
        -30.29873750852786,
        35.05360910108961
    ],
    "Spine1": [
        5.782868459237958,
        -3.4999019362241466,
        -4.291343035089871
    ],
    "RightLeg": [
        12.549452879600032,
        0.5553220068848496,
        -3.7148988306620727
    ],
    "LeftLeg": [
        15.571523362776786,
        -2.8624654937375804,
        3.273541588485116
    ],
    "LeftUpLeg": [
        -15.391928240485205,
        -2.90793367370712,
        3.2727792952029335
    ],
    "LeftFoot": [
        4.290706943749956,
        6.4139835137259595,
        7.831153560299276
    ],
    "RightShoulder": [
        5.933984538024295,
        -10.642887090925472,
        -15.172763309085182
    ]
}