{
    "RightUpLeg__qx": -0.026298063505067432,
    "RightUpLeg__qy": 0.009126601803084774,
    "RightUpLeg__qz": 0.0055792761019983535,
    "RightUpLeg__qw": 0.999596913097269,
    "Head__qx": -0.08870674688789242,
    "Head__qy": 0.10329071211262937,
    "Head__qz": 0.07041334844677954,
    "Head__qw": 0.9881822211557673,
    "LeftHandThumb1__qx": 0.23456603028151943,
    "LeftHandThumb1__qy": -0.18797600903291467,
    "LeftHandThumb1__qz": 0.3169865486147272,
    "LeftHandThumb1__qw": 0.8995350607193419,
    "LeftHandIndex3__qx": -0.027633558894711228,
    "LeftHandIndex3__qy": -0.08709483870447109,
    "LeftHandIndex3__qz": 0.06075849441172738,
    "LeftHandIndex3__qw": 0.9939614081294479,
    "Hips__qx": -0.004317542665421024,
    "Hips__qy": 0.006394868137555519,
    "Hips__qz": -0.020654538107518498,
    "Hips__qw": 0.9997568977218415,
    "LeftHandIndex2__qx": -0.02544785569046763,
    "LeftHandIndex2__qy": -0.08775843039824056,
    "LeftHandIndex2__qz": 0.035893039317868074,
    "LeftHandIndex2__qw": 0.9951696108017569,
    "LeftLeg__qx": 0.16346231679330545,
    "LeftLeg__qy": -0.028850298055101996,
    "LeftLeg__qz": -0.005238869344019077,
    "LeftLeg__qw": 0.9861137285012784,
    "LeftArm__qx": 0.314617526454989,
    "LeftArm__qy": -0.058296316697694736,
    "LeftArm__qz": 0.08467344295063949,
    "LeftArm__qw": 0.9436353954604031,
    "LeftHandIndex1__qx": -0.020139697673364508,
    "LeftHandIndex1__qy": -0.08912649918818022,
    "LeftHandIndex1__qz": -0.023845907289855188,
    "LeftHandIndex1__qw": 0.9955311308169165,
    "LeftToeBase__qx": 0.014492113111548324,
    "LeftToeBase__qy": 0.038274629224632345,
    "LeftToeBase__qz": 0.07439970776599855,
    "LeftToeBase__qw": 0.9963883353891759,
    "LeftShoulder__qx": 0.07285347739982118,
    "LeftShoulder__qy": 0.03097030894564673,
    "LeftShoulder__qz": 0.13535626291155714,
    "LeftShoulder__qw": 0.9876294309533219,
    "LeftFoot__qx": 0.019227994929882135,
    "LeftFoot__qy": 0.03862800665476823,
    "LeftFoot__qz": 0.07421699480338746,
    "LeftFoot__qw": 0.9963081847476761,
    "RightFoot__qx": 0.037725162584581265,
    "RightFoot__qy": -0.07547023352284868,
    "RightFoot__qz": -0.08712995984038414,
    "RightFoot__qw": 0.9926174620961424,
    "Neck__qx": -0.015070779240363184,
    "Neck__qy": 0.04233629219613593,
    "Neck__qz": 0.019534327154702706,
    "Neck__qw": 0.9987987385048025,
    "Spine1__qx": 0.0587434277884708,
    "Spine1__qy": -0.019119145079396417,
    "Spine1__qz": -0.031575869412421215,
    "Spine1__qw": 0.9975904131726324,
    "LeftHandThumb3__qx": 0.27050452164896943,
    "LeftHandThumb3__qy": -0.1310847561394331,
    "LeftHandThumb3__qz": 0.10893538172531572,
    "LeftHandThumb3__qw": 0.9475110411407813,
    "RightShoulder__qx": 0.049896753242596036,
    "RightShoulder__qy": -0.10259793188190439,
    "RightShoulder__qz": -0.12938942251261895,
    "RightShoulder__qw": 0.9850088099764664,
    "Spine__qx": 0.02724642618796645,
    "Spine__qy": -0.00656218563742286,
    "Spine__qz": -0.022835182980093034,
    "Spine__qw": 0.999346348568858,
    "LeftUpLeg__qx": -0.10543012863273842,
    "LeftUpLeg__qy": -0.026408348849405797,
    "LeftUpLeg__qz": -0.012742795134556568,
    "LeftUpLeg__qw": 0.9939943200339181,
    "LeftHandThumb2__qx": 0.27559637779870577,
    "LeftHandThumb2__qy": -0.1200112937289135,
    "LeftHandThumb2__qz": 0.07043563623486632,
    "LeftHandThumb2__qw": 0.9511481204680663,
    "RightForeArm__qx": 0.24382126119508496,
    "RightForeArm__qy": 0.07235406663987444,
    "RightForeArm__qz": -0.02941532585493381,
    "RightForeArm__qw": 0.9666699644836179,
    "LeftHand__qx": -0.10035184493408546,
    "LeftHand__qy": -0.13283362741114477,
    "LeftHand__qz": -0.08414952479530372,
    "LeftHand__qw": 0.9824477554169723,
    "LeftForeArm__qx": 0.3602371837259639,
    "LeftForeArm__qy": -0.11304991360791296,
    "LeftForeArm__qz": 0.07027474274220721,
    "LeftForeArm__qw": 0.9233148699262599,
    "RightHand__qx": 0.2679559587143702,
    "RightHand__qy": 0.1134427779414785,
    "RightHand__qz": -0.11667094615938307,
    "RightHand__qw": 0.949588453302091,
    "RightToeBase__qx": 0.035610368400486946,
    "RightToeBase__qy": -0.07528440366901853,
    "RightToeBase__qz": -0.08729056258754161,
    "RightToeBase__qw": 0.9926955816914531,
    "RightArm__qx": 0.10923812334383032,
    "RightArm__qy": 0.012604785124691629,
    "RightArm__qz": -0.026334358086336447,
    "RightArm__qw": 0.9935867618806418,
    "RightLeg__qx": 0.14195699360641947,
    "RightLeg__qy": 0.009933920300191633,
    "RightLeg__qz": 0.003967118116750638,
    "RightLeg__qw": 0.9898150287642354
}