{
    "LeftArm__qx": 0.13964282351110122,
    "LeftArm__qy": -0.15311952037613155,
    "LeftArm__qz": -0.31443994900927597,
    "LeftArm__qw": 0.9263810300241876,
    "LeftFoot__qx": -0.01821736620501841,
    "LeftFoot__qy": 0.0068005831629020476,
    "LeftFoot__qz": -0.02241916609910502,
    "LeftFoot__qw": 0.9995595333088557,
    "LeftHandThumb1__qx": 0.22596344550496625,
    "LeftHandThumb1__qy": -0.31455758213618323,
    "LeftHandThumb1__qz": -0.005105484236753067,
    "LeftHandThumb1__qw": 0.9219370818265588,
    "Head__qx": 0.1351804525605929,
    "Head__qy": -0.05556119536247807,
    "Head__qz": -0.015535628638727832,
    "Head__qw": 0.989139951199124,
    "Neck__qx": 0.08092005647423021,
    "Neck__qy": -0.029255298433739436,
    "Neck__qz": -0.008284456622751511,
    "Neck__qw": 0.9962567137802516,
    "LeftHandIndex1__qx": -0.028828883696044826,
    "LeftHandIndex1__qy": -0.1662772404896687,
    "LeftHandIndex1__qz": -0.33112518679251207,
    "LeftHandIndex1__qw": 0.9283732468310387,
    "Spine1__qx": 0.026357167174991387,
    "Spine1__qy": -0.0028400000495390357,
    "Spine1__qz": -0.0010023916878267292,
    "Spine1__qw": 0.9996480527411298,
    "LeftUpLeg__qx": 0.06583607800308505,
    "LeftUpLeg__qy": 0.001181541726351198,
    "LeftUpLeg__qz": 0.03180365978370723,
    "LeftUpLeg__qw": 0.9973227872743522,
    "LeftForeArm__qx": -0.022450203486124563,
    "LeftForeArm__qy": -0.17675657635100506,
    "LeftForeArm__qz": -0.35479565332001284,
    "LeftForeArm__qw": 0.917808882864689,
    "RightUpLeg__qx": 0.06827291113887868,
    "RightUpLeg__qy": -0.01742434238715095,
    "RightUpLeg__qz": -0.02370575096894099,
    "RightUpLeg__qw": 0.9972327909109271,
    "LeftHandThumb3__qx": 0.28307611365258406,
    "LeftHandThumb3__qy": -0.2643367275378959,
    "LeftHandThumb3__qz": -0.18516612137739766,
    "LeftHandThumb3__qw": 0.9031652760419637,
    "LeftHand__qx": -0.07516415662017531,
    "LeftHand__qy": -0.0485346629412501,
    "LeftHand__qz": -0.38461343083032384,
    "LeftHand__qw": 0.9187313235531293,
    "LeftHandThumb2__qx": 0.2970242904336398,
    "LeftHandThumb2__qy": -0.24856098609996655,
    "LeftHandThumb2__qz": -0.23397939391457248,
    "LeftHandThumb2__qw": 0.8917665895876423,
    "RightShoulder__qx": 0.07386848360498735,
    "RightShoulder__qy": -0.05858426514954873,
    "RightShoulder__qz": -0.028931861713161686,
    "RightShoulder__qw": 0.9951252576357399,
    "RightHand__qx": -0.11344716912464514,
    "RightHand__qy": -0.0019436857869709972,
    "RightHand__qz": 0.3829611031218931,
    "RightHand__qw": 0.9167697395741357,
    "RightToeBase__qx": -0.0009182916607048738,
    "RightToeBase__qy": -0.1342710656008437,
    "RightToeBase__qz": 0.025913516457611314,
    "RightToeBase__qw": 0.9906053337972903,
    "RightLeg__qx": 0.017780002242049658,
    "RightLeg__qy": -0.016203810393609245,
    "RightLeg__qz": -0.02455615312326327,
    "RightLeg__qw": 0.9994089770423256,
    "LeftToeBase__qx": -0.0002426583428942589,
    "LeftToeBase__qy": 0.006396358324360261,
    "LeftToeBase__qz": -0.022537858312848567,
    "LeftToeBase__qw": 0.9997254986543982,
    "RightForeArm__qx": 0.0816473344720542,
    "RightForeArm__qy": 0.2109777723797413,
    "RightForeArm__qz": 0.3086842469703965,
    "RightForeArm__qw": 0.9238701900200103,
    "Hips__qx": 0.02476535057241041,
    "Hips__qy": -0.004915658453627295,
    "Hips__qz": 0.0007407333525907958,
    "Hips__qw": 0.9996809316112283,
    "RightFoot__qx": -0.010107416563514255,
    "RightFoot__qy": -0.1345056986111276,
    "RightFoot__qz": 0.0246668664118245,
    "RightFoot__qw": 0.9905541897710419,
    "LeftHandIndex2__qx": -0.03874765157389154,
    "LeftHandIndex2__qy": -0.16424938917203455,
    "LeftHandIndex2__qz": -0.27486042548004036,
    "LeftHandIndex2__qw": 0.9465582412926598,
    "LeftShoulder__qx": 0.07586320800041589,
    "LeftShoulder__qy": 0.07962485042402823,
    "LeftShoulder__qz": 0.031361340076282974,
    "LeftShoulder__qw": 0.9934390384998248,
    "Spine__qx": 0.025558316187475946,
    "Spine__qy": -0.003893649922570891,
    "Spine__qz": 0.0004701083233988713,
    "Spine__qw": 0.9996656395826086,
    "LeftLeg__qx": -0.024093643140664627,
    "LeftLeg__qy": -0.0016825084351375361,
    "LeftLeg__qz": 0.0317811436119607,
    "LeftLeg__qw": 0.9992029946093496,
    "LeftHandIndex3__qx": -0.042841315711040565,
    "LeftHandIndex3__qy": -0.16322940710813993,
    "LeftHandIndex3__qz": -0.25111301736186475,
    "LeftHandIndex3__qw": 0.9531332723363989,
    "RightArm__qx": 0.15327030136863812,
    "RightArm__qy": 0.16210335381931898,
    "RightArm__qz": 0.2864102720650999,
    "RightArm__qw": 0.9317724365178931
}