{
  "offsets_map": {
    "RightUpLeg": [
      0.026298063505067432,
      -0.009126601803084774,
      -0.0055792761019983535,
      0.999596913097269
    ],
    "Head": [
      0.08870674688789242,
      -0.10329071211262937,
      -0.07041334844677954,
      0.9881822211557673
    ],
    "LeftHandThumb1": [
      -0.23456603028151943,
      0.18797600903291467,
      -0.3169865486147272,
      0.8995350607193419
    ],
    "LeftHandIndex3": [
      0.027633558894711228,
      0.08709483870447109,
      -0.06075849441172738,
      0.9939614081294479
    ],
    "Hips": [
      0.004317542665421024,
      -0.006394868137555519,
      0.020654538107518498,
      0.9997568977218415
    ],
    "LeftHandIndex2": [
      0.02544785569046763,
      0.08775843039824056,
      -0.035893039317868074,
      0.9951696108017569
    ],
    "LeftLeg": [
      -0.16346231679330545,
      0.028850298055101996,
      0.005238869344019077,
      0.9861137285012784
    ],
    "LeftArm": [
      -0.314617526454989,
      0.058296316697694736,
      -0.08467344295063949,
      0.9436353954604031
    ],
    "LeftHandIndex1": [
      0.020139697673364508,
      0.08912649918818022,
      0.023845907289855188,
      0.9955311308169165
    ],
    "LeftToeBase": [
      -0.014492113111548324,
      -0.038274629224632345,
      -0.07439970776599855,
      0.9963883353891759
    ],
    "LeftShoulder": [
      -0.07285347739982118,
      -0.03097030894564673,
      -0.13535626291155714,
      0.9876294309533219
    ],
    "LeftFoot": [
      -0.019227994929882135,
      -0.03862800665476823,
      -0.07421699480338746,
      0.9963081847476761
    ],
    "RightFoot": [
      -0.037725162584581265,
      0.07547023352284868,
      0.08712995984038414,
      0.9926174620961424
    ],
    "Neck": [
      0.015070779240363184,
      -0.04233629219613593,
      -0.019534327154702706,
      0.9987987385048025
    ],
    "Spine1": [
      -0.0587434277884708,
      0.019119145079396417,
      0.031575869412421215,
      0.9975904131726324
    ],
    "LeftHandThumb3": [
      -0.27050452164896943,
      0.1310847561394331,
      -0.10893538172531572,
      0.9475110411407813
    ],
    "RightShoulder": [
      -0.049896753242596036,
      0.10259793188190439,
      0.12938942251261895,
      0.9850088099764664
    ],
    "Spine": [
      -0.02724642618796645,
      0.00656218563742286,
      0.022835182980093034,
      0.999346348568858
    ],
    "LeftUpLeg": [
      0.10543012863273842,
      0.026408348849405797,
      0.012742795134556568,
      0.9939943200339181
    ],
    "LeftHandThumb2": [
      -0.27559637779870577,
      0.1200112937289135,
      -0.07043563623486632,
      0.9511481204680663
    ],
    "RightForeArm": [
      -0.24382126119508496,
      -0.07235406663987444,
      0.02941532585493381,
      0.9666699644836179
    ],
    "LeftHand": [
      0.10035184493408546,
      0.13283362741114477,
      0.08414952479530372,
      0.9824477554169723
    ],
    "LeftForeArm": [
      -0.3602371837259639,
      0.11304991360791296,
      -0.07027474274220721,
      0.9233148699262599
    ],
    "RightHand": [
      -0.2679559587143702,
      -0.1134427779414785,
      0.11667094615938307,
      0.949588453302091
    ],
    "RightToeBase": [
      -0.035610368400486946,
      0.07528440366901853,
      0.08729056258754161,
      0.9926955816914531
    ],
    "RightArm": [
      -0.10923812334383032,
      -0.012604785124691629,
      0.026334358086336447,
      0.9935867618806418
    ],
    "RightLeg": [
      -0.14195699360641947,
      -0.009933920300191633,
      -0.003967118116750638,
      0.9898150287642354
    ]
  },
  "metadata": {
    "fs": 120.0,
    "window_duration_sec": 1.0,
    "quat_order": "xyzw",
    "hemisphere_alignment_applied": true,
    "v_pose_correction_applied": true,
    "v_pose_correction_quat_xyzw": [
      0.47158826999849257,
      7.935058306491856e-18,
      0.11368197339213301,
      0.8744603550336055
    ],
    "shoulder_joints": [
      "LeftShoulder",
      "RightShoulder"
    ],
    "time_window": [
      1.5,
      2.5
    ]
  }
}