{
  "offsets_map": {
    "LeftFoot": [
      -0.0036005753122565656,
      0.0381712625962034,
      0.025613594641624885,
      0.9989364015485506
    ],
    "LeftShoulder": [
      -0.08119244970538358,
      -0.08309644779531128,
      -0.019094474460451486,
      0.9930448970312062
    ],
    "LeftForeArm": [
      0.011445435567662338,
      0.1966066208033136,
      0.3764605761959541,
      0.905258125194786
    ],
    "Spine": [
      -0.04285829645483911,
      0.007357420481543771,
      -0.0010127588133632174,
      0.9990535566767343
    ],
    "RightForeArm": [
      -0.05862546210415218,
      -0.2155313190265777,
      -0.3428025132854336,
      0.9124668446562475
    ],
    "RightFoot": [
      -0.022063728385053737,
      0.09614775729578415,
      -0.021998736622628082,
      0.9948793174268675
    ],
    "Neck": [
      -0.07450374865344361,
      0.030331059388021973,
      0.006872644184041945,
      0.9967356645745673
    ],
    "RightShoulder": [
      -0.08592614366388006,
      0.052876996295439786,
      0.007097657008157682,
      0.994872024113062
    ],
    "Head": [
      -0.11650364183314396,
      0.053354460563007265,
      0.017243494442313687,
      0.9916062045373975
    ],
    "LeftArm": [
      -0.1372607328382394,
      0.16119110125781105,
      0.33669897379564967,
      0.9175024365858436
    ],
    "LeftUpLeg": [
      -0.06262072146283068,
      0.019408595183857593,
      -0.014723483642290877,
      0.9977400316244202
    ],
    "LeftLeg": [
      0.005167571420664823,
      0.020362185141719988,
      -0.013373620628540053,
      0.9996898638543609
    ],
    "RightLeg": [
      -0.03690060315598271,
      0.0064905731958827045,
      0.01597589068281228,
      0.9991701501061792
    ],
    "RightArm": [
      -0.15315718367674686,
      -0.17213671339112718,
      -0.31444509865338593,
      0.9208887603418616
    ],
    "LeftHand": [
      -0.01434805353965106,
      0.10914822992817598,
      0.4080842653404886,
      0.9062825330131234
    ],
    "Spine1": [
      -0.03232364564159248,
      0.007234208186766381,
      -0.0035150040238814506,
      0.9994450924943598
    ],
    "RightUpLeg": [
      -0.06976851283557588,
      0.007012979755449428,
      0.01575351866379425,
      0.9974141563971164
    ],
    "RightHand": [
      0.12192232801834446,
      -0.023934440392506143,
      -0.4272727580113362,
      0.8955445710600176
    ],
    "Hips": [
      -0.05337274256487254,
      0.007546644174837739,
      -0.0005685501887118934,
      0.9985459805454555
    ]
  },
  "metadata": {
    "fs": 120.0,
    "window_duration_sec": 1.0,
    "quat_order": "xyzw",
    "hemisphere_alignment_applied": true,
    "v_pose_correction_applied": true,
    "v_pose_correction_quat_xyzw": [
      0.11045268481273952,
      4.443602921681049e-18,
      -0.6149740690415384,
      0.7807733978717197
    ],
    "shoulder_joints": [
      "LeftShoulder",
      "RightShoulder"
    ],
    "time_window": [
      2.4,
      3.4
    ]
  }
}