{
    "RightArm__qx": -0.1215879912662883,
    "RightArm__qy": 0.006964856498803321,
    "RightArm__qz": 0.031060223150068254,
    "RightArm__qw": -0.9920701153102275,
    "RightHand__qx": -0.743546131078187,
    "RightHand__qy": 0.10296849790240493,
    "RightHand__qz": 0.052189150764206174,
    "RightHand__qw": -0.658644769159289,
    "LeftFoot__qx": -0.01601300258849943,
    "LeftFoot__qy": -0.04439322449465325,
    "LeftFoot__qz": -0.06886318771490174,
    "LeftFoot__qw": -0.9965092507070922,
    "Hips__qx": 0.008613421027402486,
    "Hips__qy": -0.0024276259177399492,
    "Hips__qz": 0.0230731658439956,
    "Hips__qw": -0.9996937254122104,
    "LeftHandThumb2__qx": -0.28980316234816733,
    "LeftHandThumb2__qy": 0.08815923579549705,
    "LeftHandThumb2__qz": -0.10260000357819321,
    "LeftHandThumb2__qw": -0.9474783984359277,
    "Head__qx": -0.15018391054584473,
    "Head__qy": -0.07747577521336788,
    "Head__qz": -0.10816909408823018,
    "Head__qw": -0.9796640977153226,
    "LeftArm__qx": -0.298403373749326,
    "LeftArm__qy": 0.051458610309104244,
    "LeftArm__qz": -0.1101841460505496,
    "LeftArm__qw": -0.9466609170760072,
    "LeftHand__qx": 0.08208775114874943,
    "LeftHand__qy": 0.1347960573712815,
    "LeftHand__qz": 0.028942922807234435,
    "LeftHand__qw": -0.9870430240105411,
    "LeftHandThumb3__qx": -0.2871002424780438,
    "LeftHandThumb3__qy": 0.096509584017241,
    "LeftHandThumb3__qz": -0.1298727988690307,
    "LeftHandThumb3__qw": -0.9441357990648336,
    "RightToeBase__qx": -0.02954383558273295,
    "RightToeBase__qy": 0.061729166771192535,
    "RightToeBase__qz": 0.05438083920149648,
    "RightToeBase__qw": -0.9961723726727899,
    "LeftShoulder__qx": -0.0632927180636665,
    "LeftShoulder__qy": -0.02302681520569424,
    "LeftShoulder__qz": -0.1399729449927751,
    "LeftShoulder__qw": -0.9878620208772304,
    "RightLeg__qx": -0.12332358218398513,
    "RightLeg__qy": -0.005401766896260623,
    "RightLeg__qz": 0.020795944764570067,
    "RightLeg__qw": -0.9921338839456383,
    "LeftUpLeg__qx": 0.10631401775682715,
    "LeftUpLeg__qy": 0.029290236446009817,
    "LeftUpLeg__qz": -0.007315052706382376,
    "LeftUpLeg__qw": -0.9938741880546254,
    "RightUpLeg__qx": 0.041273126096543045,
    "RightUpLeg__qy": -0.008742470815464053,
    "RightUpLeg__qz": 0.019624067372577186,
    "RightUpLeg__qw": -0.9989169105816641,
    "RightFoot__qx": -0.030535960843800107,
    "RightFoot__qy": 0.061782847712349945,
    "RightFoot__qz": 0.05431947025742733,
    "RightFoot__qw": -0.9961424747368476,
    "LeftHandIndex1__qx": 0.004189004320342323,
    "LeftHandIndex1__qy": 0.08739600290838388,
    "LeftHandIndex1__qz": -0.03227624812819952,
    "LeftHandIndex1__qw": -0.9956418204983201,
    "LeftForeArm__qx": -0.38879392101918897,
    "LeftForeArm__qy": 0.09602043631917784,
    "LeftForeArm__qz": -0.10228500098790323,
    "LeftForeArm__qw": -0.9105806616442631,
    "Spine__qx": -0.021044736892746267,
    "Spine__qy": 0.014149603474882078,
    "Spine__qz": 0.0249211780284658,
    "Spine__qw": -0.9993677214400575,
    "RightForeArm__qx": -0.33882608078591625,
    "RightForeArm__qy": -0.02508767172881762,
    "RightForeArm__qz": 0.032637045190869886,
    "RightForeArm__qw": -0.9399480405786759,
    "LeftLeg__qx": -0.15054348846400598,
    "LeftLeg__qy": 0.026454627878076398,
    "LeftLeg__qz": -0.014530000148220026,
    "LeftLeg__qw": -0.9881425453043772,
    "Spine1__qx": -0.05066690669231962,
    "Spine1__qy": 0.030411724187733035,
    "Spine1__qz": 0.032504573100666345,
    "Spine1__qw": -0.9977231300945691,
    "LeftHandIndex2__qx": 0.009422112738843054,
    "LeftHandIndex2__qy": 0.0869874830004515,
    "LeftHandIndex2__qz": -0.09192088606102967,
    "LeftHandIndex2__qw": -0.9919147908457349,
    "LeftToeBase__qx": -0.013344290361873833,
    "LeftToeBase__qy": -0.04420826747094233,
    "LeftToeBase__qz": -0.06898132096971836,
    "LeftToeBase__qw": -0.996548612140536,
    "LeftHandIndex3__qx": 0.01159366200147929,
    "LeftHandIndex3__qy": 0.08672484134352026,
    "LeftHandIndex3__qz": -0.11668742238936247,
    "LeftHandIndex3__qw": -0.9893070475597873,
    "Neck__qx": -0.10095241863655526,
    "Neck__qy": -0.02364978418176401,
    "Neck__qz": -0.03801986001086232,
    "Neck__qw": -0.993883185854525,
    "LeftHandThumb1__qx": -0.2547603277301746,
    "LeftHandThumb1__qy": 0.16392840034962933,
    "LeftHandThumb1__qz": -0.35744028826342383,
    "LeftHandThumb1__qw": -0.8834370918745637,
    "RightShoulder__qx": -0.0471188427517842,
    "RightShoulder__qy": 0.10817233864015585,
    "RightShoulder__qz": 0.12376533128653201,
    "RightShoulder__qw": -0.9852718927191555
}