{
    "LeftHandThumb3__qx": 0.3289058777545833,
    "LeftHandThumb3__qy": -0.19183615427285178,
    "LeftHandThumb3__qz": 0.18313852197682087,
    "LeftHandThumb3__qw": 0.9063553912568929,
    "LeftHandThumb2__qx": 0.3416177756119433,
    "LeftHandThumb2__qy": -0.16815890094645425,
    "LeftHandThumb2__qz": 0.11875339700824426,
    "LeftHandThumb2__qw": 0.9170155451885377,
    "Neck__qx": -0.007446296030158238,
    "Neck__qy": 0.04906546512535219,
    "Neck__qz": 0.01252738842880056,
    "Neck__qw": 0.9986892396269312,
    "RightLeg__qx": 0.1231784907579972,
    "RightLeg__qy": -0.022377453600286947,
    "RightLeg__qz": -0.035012260359910424,
    "RightLeg__qw": 0.9915142210828037,
    "Hips__qx": -0.002127333975443282,
    "Hips__qy": -0.008638894292199753,
    "Hips__qz": -0.02499088261563844,
    "Hips__qw": 0.9996480879497827,
    "Spine1__qx": 0.05501968099318865,
    "Spine1__qy": -0.02963557694262061,
    "Spine1__qz": -0.034552350830683774,
    "Spine1__qw": 0.9974470924990253,
    "LeftFoot__qx": -0.007857258598752656,
    "LeftFoot__qy": 0.08753187792161024,
    "LeftFoot__qz": 0.029139300967733622,
    "LeftFoot__qw": 0.9957044415758828,
    "LeftHandIndex1__qx": 0.058345798825395014,
    "LeftHandIndex1__qy": -0.1043476598378211,
    "LeftHandIndex1__qz": -0.031557914046909406,
    "LeftHandIndex1__qw": 0.9923262728089007,
    "RightUpLeg__qx": -0.047606613587450046,
    "RightUpLeg__qy": -0.01608289625017189,
    "RightUpLeg__qz": -0.03831390258192074,
    "RightUpLeg__qw": 0.998001500830477,
    "LeftLeg__qx": 0.14130043060915076,
    "LeftLeg__qy": -0.026722215245801775,
    "LeftLeg__qz": 0.026021181508267606,
    "LeftLeg__qw": 0.9892638726017137,
    "RightHand__qx": 0.3974211218265294,
    "RightHand__qy": 0.13331944310884314,
    "RightHand__qz": -0.14115029951058666,
    "RightHand__qw": 0.8968606195855422,
    "LeftUpLeg__qx": -0.12329770715648943,
    "LeftUpLeg__qy": -0.03261480630527451,
    "LeftUpLeg__qz": 0.018095228485683096,
    "LeftUpLeg__qw": 0.9916685497310445,
    "LeftHandThumb1__qx": 0.29311270865584393,
    "LeftHandThumb1__qy": -0.2430329559212561,
    "LeftHandThumb1__qz": 0.3288715152324696,
    "LeftHandThumb1__qw": 0.8642126178373646,
    "LeftHandIndex3__qx": 0.04927625841469835,
    "LeftHandIndex3__qy": -0.10892437073799772,
    "LeftHandIndex3__qz": 0.05280224057105845,
    "LeftHandIndex3__qw": 0.9914228437990801,
    "RightToeBase__qx": 0.014040134586041503,
    "RightToeBase__qy": -0.12625127802370395,
    "RightToeBase__qz": -0.0212351602484552,
    "RightToeBase__qw": 0.9916715975500204,
    "RightForeArm__qx": 0.3465556179432251,
    "RightForeArm__qy": 0.061256403808051994,
    "RightForeArm__qz": -0.05148800263798141,
    "RightForeArm__qw": 0.9346099947298047,
    "LeftShoulder__qx": 0.06805525534734826,
    "LeftShoulder__qy": 0.020195601091175266,
    "LeftShoulder__qz": 0.13502501633741115,
    "LeftShoulder__qw": 0.9882959399285496,
    "LeftHandIndex2__qx": 0.05198371245084088,
    "LeftHandIndex2__qy": -0.10765854963141881,
    "LeftHandIndex2__qz": 0.028002731704346636,
    "LeftHandIndex2__qw": 0.9924329586164408,
    "RightArm__qx": 0.10897026315181667,
    "RightArm__qy": 0.008660082935897737,
    "RightArm__qz": -0.042251987746152665,
    "RightArm__qw": 0.9931088833776819,
    "LeftForeArm__qx": 0.4352698233089665,
    "LeftForeArm__qy": -0.10920277200636226,
    "LeftForeArm__qz": 0.08492485596030035,
    "LeftForeArm__qw": 0.8896081746155606,
    "Spine__qx": 0.026427027794533948,
    "Spine__qy": -0.019323955861559855,
    "Spine__qz": -0.02659451955302022,
    "Spine__qw": 0.9991100682415084,
    "RightFoot__qx": 0.011619726312424394,
    "RightFoot__qy": -0.12619913090367882,
    "RightFoot__qz": -0.021543269087554814,
    "RightFoot__qw": 0.991702903533413,
    "LeftToeBase__qx": 0.0049354001652020954,
    "LeftToeBase__qy": 0.08789903625357302,
    "LeftToeBase__qz": 0.02801239259475666,
    "LeftToeBase__qw": 0.9957232080814525,
    "LeftHand__qx": -0.021599403308284908,
    "LeftHand__qy": -0.14292145337199857,
    "LeftHand__qz": -0.09648807421749278,
    "LeftHand__qw": 0.9847827047001595,
    "LeftArm__qx": 0.3300316459944977,
    "LeftArm__qy": -0.061422552410774295,
    "LeftArm__qz": 0.09250771322603005,
    "LeftArm__qw": 0.9374159726029843,
    "Head__qx": -0.06982076667105686,
    "Head__qy": 0.12716348304839678,
    "Head__qz": 0.05945363756949395,
    "Head__qw": 0.9876334209109274,
    "RightShoulder__qx": 0.046051021698235384,
    "RightShoulder__qy": -0.10885256102907578,
    "RightShoulder__qz": -0.1276180152364169,
    "RightShoulder__qw": 0.9847558405742398
}