{
  "offsets_map": {
    "LeftShoulder": [
      -0.06217183816573167,
      -0.0037378807238980733,
      -0.12029203022684948,
      0.9907827805582264
    ],
    "LeftHandIndex2": [
      0.02389320982291659,
      0.1020338225604094,
      -0.04617245088715486,
      0.9934215209854991
    ],
    "LeftToeBase": [
      -0.022059758198715983,
      -0.057525620341249854,
      -0.0667320473604233,
      0.9958669609579659
    ],
    "LeftHandThumb2": [
      -0.27659397002150715,
      0.12818034134791462,
      -0.08150217819551536,
      0.9489061970442918
    ],
    "RightFoot": [
      -0.04185973793074454,
      0.08110951696727113,
      0.07086122959222033,
      0.9933014118274393
    ],
    "Neck": [
      -0.07922584377556897,
      -0.03711888797023406,
      -0.030788271007036145,
      0.9956894778003329
    ],
    "LeftHandIndex1": [
      0.01773192124946713,
      0.10328299298298296,
      0.01348023183796321,
      0.9944025772688215
    ],
    "LeftForeArm": [
      -0.3678839087204813,
      0.14126877756120243,
      -0.07382166946414219,
      0.9161085761570137
    ],
    "LeftHandThumb3": [
      -0.27141284360787643,
      0.13882171777243146,
      -0.11829174490368619,
      0.9450241595255854
    ],
    "LeftArm": [
      -0.3097462623316106,
      0.09155637269405169,
      -0.08336153739260824,
      0.9427224075380015
    ],
    "Head": [
      -0.10842030798259203,
      -0.10626150089210497,
      -0.09713035780283662,
      0.9836255506229035
    ],
    "Spine": [
      -0.019449528519304052,
      0.016137132409849927,
      0.02684483625955448,
      0.9993201006505181
    ],
    "LeftHandIndex3": [
      0.026436369334582606,
      0.10140471125453031,
      -0.0709909669952698,
      0.991956897005544
    ],
    "RightArm": [
      -0.08332500733291097,
      -0.035699425726770484,
      0.04003961978234098,
      0.9950775462261395
    ],
    "Hips": [
      0.010322172407711709,
      -0.00047255036070750035,
      0.024807978420682553,
      0.999638831608507
    ],
    "LeftHand": [
      0.09662747995542588,
      0.14759816502005346,
      0.0750904327511602,
      0.9814475730824446
    ],
    "RightHand": [
      -0.3503770997279555,
      -0.12483100938671633,
      0.12329993188648726,
      0.9200273006158608
    ],
    "RightToeBase": [
      -0.043334199198740465,
      0.08112614653439297,
      0.07074617986603758,
      0.9932450219168715
    ],
    "RightUpLeg": [
      0.04821877651915551,
      -0.006613980414142452,
      0.032156691649131895,
      0.9982971261284187
    ],
    "RightForeArm": [
      -0.26716337432305187,
      -0.08572719370619647,
      0.05185084942383189,
      0.958428958814167
    ],
    "LeftHandThumb1": [
      -0.23304946165611717,
      0.19652088721559738,
      -0.3286041835554424,
      0.8939165396498991
    ],
    "Spine1": [
      -0.04924286993072201,
      0.03236513975303304,
      0.03583582557972022,
      0.9976188806827849
    ],
    "RightLeg": [
      -0.10939328129303483,
      -0.0012719597452606512,
      0.03274775229806401,
      0.993458140459765
    ],
    "LeftLeg": [
      -0.13607869177039622,
      0.02086855323502039,
      -0.031673271597680054,
      0.9899716647451251
    ],
    "LeftUpLeg": [
      0.13310060806570537,
      0.028957931813203733,
      -0.02489359462182427,
      0.9903665863024891
    ],
    "LeftFoot": [
      -0.03347136408563236,
      -0.05832592173929745,
      -0.06604245974726158,
      0.9955481646560551
    ],
    "RightShoulder": [
      -0.038858824140336035,
      0.09861225169963043,
      0.12651714768631703,
      0.9862854692950099
    ]
  },
  "metadata": {
    "fs": 120.0,
    "window_duration_sec": 1.0,
    "quat_order": "xyzw",
    "hemisphere_alignment_applied": true,
    "v_pose_correction_applied": true,
    "v_pose_correction_quat_xyzw": [
      0.5107849242510717,
      0.0,
      0.23211202285747332,
      0.8277818372027975
    ],
    "shoulder_joints": [
      "LeftShoulder",
      "RightShoulder"
    ],
    "time_window": [
      0.0,
      1.0
    ]
  }
}