{
    "RightHand__qx": -0.11512285432045656,
    "RightHand__qy": 0.02928135958393366,
    "RightHand__qz": 0.4276355177336349,
    "RightHand__qw": 0.8961122666087733,
    "RightUpLeg__qx": 0.06910327512287719,
    "RightUpLeg__qy": -0.007133483194697666,
    "RightUpLeg__qz": -0.016071695059865332,
    "RightUpLeg__qw": 0.9974545360078853,
    "RightLeg__qx": 0.036439145433489716,
    "RightLeg__qy": -0.006603999175474193,
    "RightLeg__qz": -0.016296541720267184,
    "RightLeg__qw": 0.9991811640553113,
    "Spine1__qx": 0.03266155305561275,
    "Spine1__qy": -0.00761152627336746,
    "Spine1__qz": 0.0036226948259311556,
    "Spine1__qw": 0.9994309199249257,
    "Spine__qx": 0.04298631952644004,
    "Spine__qy": -0.007581076457641399,
    "Spine__qz": 0.0010115912707686213,
    "Spine__qw": 0.99904638545786,
    "Hips__qx": 0.05328988538412605,
    "Hips__qy": -0.007620086827756599,
    "Hips__qz": 0.0005499723045362945,
    "Hips__qw": 0.9985498585062983,
    "Head__qx": 0.11931371957443744,
    "Head__qy": -0.054600353533845396,
    "Head__qz": -0.016780211159579065,
    "Head__qw": 0.9912121176765,
    "LeftShoulder__qx": 0.08250101063616354,
    "LeftShoulder__qy": 0.08240846446127369,
    "LeftShoulder__qz": 0.019706517684623844,
    "LeftShoulder__qw": 0.9929824174626116,
    "LeftLeg__qx": -0.005770124978102605,
    "LeftLeg__qy": -0.02035505300276195,
    "LeftLeg__qz": 0.013133916623606072,
    "LeftLeg__qw": 0.9996898907706909,
    "LeftFoot__qx": 0.0033821583198538493,
    "LeftFoot__qy": -0.03825843064368027,
    "LeftFoot__qz": -0.026021849410890804,
    "LeftFoot__qw": 0.9989232787571921,
    "LeftArm__qx": 0.14128083312854375,
    "LeftArm__qy": -0.16293031042078646,
    "LeftArm__qz": -0.3372170070878904,
    "LeftArm__qw": 0.9163940911351276,
    "RightShoulder__qx": 0.08719551004176708,
    "RightShoulder__qy": -0.05286099751086632,
    "RightShoulder__qz": -0.0073687551476336365,
    "RightShoulder__qw": 0.9947604532842501,
    "LeftUpLeg__qx": 0.06206600197007487,
    "LeftUpLeg__qy": -0.019417170578472243,
    "LeftUpLeg__qz": 0.014484596240952744,
    "LeftUpLeg__qw": 0.9977780220860318,
    "LeftForeArm__qx": -0.0059581215261004725,
    "LeftForeArm__qy": -0.20264759668524981,
    "LeftForeArm__qz": -0.37778881471529147,
    "LeftForeArm__qw": 0.9034235240581174,
    "RightFoot__qx": 0.021828638629350947,
    "RightFoot__qy": -0.09616713743779588,
    "RightFoot__qz": 0.02191577177977105,
    "RightFoot__qw": 0.9948844612114043,
    "LeftHand__qx": 0.020299157430139752,
    "LeftHand__qy": -0.11488401752517455,
    "LeftHand__qz": -0.40955812124012253,
    "LeftHand__qw": 0.9047937621641536,
    "LeftToeBase__qx": 0.009319468274565684,
    "LeftToeBase__qy": -0.038412657300230156,
    "LeftToeBase__qz": -0.025793893456266304,
    "LeftToeBase__qw": 0.9988855241370661,
    "RightToeBase__qx": -0.012785476668557998,
    "RightToeBase__qy": -0.09687118527754048,
    "RightToeBase__qz": 0.01855797831658616,
    "RightToeBase__qw": 0.9950417611789384,
    "Neck__qx": 0.07608453684324396,
    "Neck__qy": -0.031145522036336297,
    "Neck__qz": -0.006587061360614553,
    "Neck__qw": 0.9965930515175513,
    "RightArm__qx": 0.1568488561699421,
    "RightArm__qy": 0.17315195876932307,
    "RightArm__qz": 0.31451889134818506,
    "RightArm__qw": 0.9200514672982354,
    "RightForeArm__qx": 0.06537376680839072,
    "RightForeArm__qy": 0.22035163983965572,
    "RightForeArm__qz": 0.3427537920760031,
    "RightForeArm__qw": 0.9108739009603782
}