{
    "LeftFoot__qx": 0.0036005753122565656,
    "LeftFoot__qy": -0.0381712625962034,
    "LeftFoot__qz": -0.025613594641624885,
    "LeftFoot__qw": 0.9989364015485506,
    "LeftShoulder__qx": 0.08119244970538358,
    "LeftShoulder__qy": 0.08309644779531128,
    "LeftShoulder__qz": 0.019094474460451486,
    "LeftShoulder__qw": 0.9930448970312062,
    "LeftForeArm__qx": -0.011445435567662338,
    "LeftForeArm__qy": -0.1966066208033136,
    "LeftForeArm__qz": -0.3764605761959541,
    "LeftForeArm__qw": 0.905258125194786,
    "Spine__qx": 0.04285829645483911,
    "Spine__qy": -0.007357420481543771,
    "Spine__qz": 0.0010127588133632174,
    "Spine__qw": 0.9990535566767343,
    "RightForeArm__qx": 0.05862546210415218,
    "RightForeArm__qy": 0.2155313190265777,
    "RightForeArm__qz": 0.3428025132854336,
    "RightForeArm__qw": 0.9124668446562475,
    "RightFoot__qx": 0.022063728385053737,
    "RightFoot__qy": -0.09614775729578415,
    "RightFoot__qz": 0.021998736622628082,
    "RightFoot__qw": 0.9948793174268675,
    "Neck__qx": 0.07450374865344361,
    "Neck__qy": -0.030331059388021973,
    "Neck__qz": -0.006872644184041945,
    "Neck__qw": 0.9967356645745673,
    "RightShoulder__qx": 0.08592614366388006,
    "RightShoulder__qy": -0.052876996295439786,
    "RightShoulder__qz": -0.007097657008157682,
    "RightShoulder__qw": 0.994872024113062,
    "Head__qx": 0.11650364183314396,
    "Head__qy": -0.053354460563007265,
    "Head__qz": -0.017243494442313687,
    "Head__qw": 0.9916062045373975,
    "LeftArm__qx": 0.1372607328382394,
    "LeftArm__qy": -0.16119110125781105,
    "LeftArm__qz": -0.33669897379564967,
    "LeftArm__qw": 0.9175024365858436,
    "LeftUpLeg__qx": 0.06262072146283068,
    "LeftUpLeg__qy": -0.019408595183857593,
    "LeftUpLeg__qz": 0.014723483642290877,
    "LeftUpLeg__qw": 0.9977400316244202,
    "LeftLeg__qx": -0.005167571420664823,
    "LeftLeg__qy": -0.020362185141719988,
    "LeftLeg__qz": 0.013373620628540053,
    "LeftLeg__qw": 0.9996898638543609,
    "RightLeg__qx": 0.03690060315598271,
    "RightLeg__qy": -0.0064905731958827045,
    "RightLeg__qz": -0.01597589068281228,
    "RightLeg__qw": 0.9991701501061792,
    "RightArm__qx": 0.15315718367674686,
    "RightArm__qy": 0.17213671339112718,
    "RightArm__qz": 0.31444509865338593,
    "RightArm__qw": 0.9208887603418616,
    "LeftHand__qx": 0.01434805353965106,
    "LeftHand__qy": -0.10914822992817598,
    "LeftHand__qz": -0.4080842653404886,
    "LeftHand__qw": 0.9062825330131234,
    "Spine1__qx": 0.03232364564159248,
    "Spine1__qy": -0.007234208186766381,
    "Spine1__qz": 0.0035150040238814506,
    "Spine1__qw": 0.9994450924943598,
    "RightUpLeg__qx": 0.06976851283557588,
    "RightUpLeg__qy": -0.007012979755449428,
    "RightUpLeg__qz": -0.01575351866379425,
    "RightUpLeg__qw": 0.9974141563971164,
    "RightHand__qx": -0.12192232801834446,
    "RightHand__qy": 0.023934440392506143,
    "RightHand__qz": 0.4272727580113362,
    "RightHand__qw": 0.8955445710600176,
    "Hips__qx": 0.05337274256487254,
    "Hips__qy": -0.007546644174837739,
    "Hips__qz": 0.0005685501887118934,
    "Hips__qw": 0.9985459805454555
}