{
  "offsets_map": {
    "LeftHandThumb3": [
      -0.3289058777545833,
      0.19183615427285178,
      -0.18313852197682087,
      0.9063553912568929
    ],
    "LeftHandThumb2": [
      -0.3416177756119433,
      0.16815890094645425,
      -0.11875339700824426,
      0.9170155451885377
    ],
    "Neck": [
      0.007446296030158238,
      -0.04906546512535219,
      -0.01252738842880056,
      0.9986892396269312
    ],
    "RightLeg": [
      -0.1231784907579972,
      0.022377453600286947,
      0.035012260359910424,
      0.9915142210828037
    ],
    "Hips": [
      0.002127333975443282,
      0.008638894292199753,
      0.02499088261563844,
      0.9996480879497827
    ],
    "Spine1": [
      -0.05501968099318865,
      0.02963557694262061,
      0.034552350830683774,
      0.9974470924990253
    ],
    "LeftFoot": [
      0.007857258598752656,
      -0.08753187792161024,
      -0.029139300967733622,
      0.9957044415758828
    ],
    "LeftHandIndex1": [
      -0.058345798825395014,
      0.1043476598378211,
      0.031557914046909406,
      0.9923262728089007
    ],
    "RightUpLeg": [
      0.047606613587450046,
      0.01608289625017189,
      0.03831390258192074,
      0.998001500830477
    ],
    "LeftLeg": [
      -0.14130043060915076,
      0.026722215245801775,
      -0.026021181508267606,
      0.9892638726017137
    ],
    "RightHand": [
      -0.3974211218265294,
      -0.13331944310884314,
      0.14115029951058666,
      0.8968606195855422
    ],
    "LeftUpLeg": [
      0.12329770715648943,
      0.03261480630527451,
      -0.018095228485683096,
      0.9916685497310445
    ],
    "LeftHandThumb1": [
      -0.29311270865584393,
      0.2430329559212561,
      -0.3288715152324696,
      0.8642126178373646
    ],
    "LeftHandIndex3": [
      -0.04927625841469835,
      0.10892437073799772,
      -0.05280224057105845,
      0.9914228437990801
    ],
    "RightToeBase": [
      -0.014040134586041503,
      0.12625127802370395,
      0.0212351602484552,
      0.9916715975500204
    ],
    "RightForeArm": [
      -0.3465556179432251,
      -0.061256403808051994,
      0.05148800263798141,
      0.9346099947298047
    ],
    "LeftShoulder": [
      -0.06805525534734826,
      -0.020195601091175266,
      -0.13502501633741115,
      0.9882959399285496
    ],
    "LeftHandIndex2": [
      -0.05198371245084088,
      0.10765854963141881,
      -0.028002731704346636,
      0.9924329586164408
    ],
    "RightArm": [
      -0.10897026315181667,
      -0.008660082935897737,
      0.042251987746152665,
      0.9931088833776819
    ],
    "LeftForeArm": [
      -0.4352698233089665,
      0.10920277200636226,
      -0.08492485596030035,
      0.8896081746155606
    ],
    "Spine": [
      -0.026427027794533948,
      0.019323955861559855,
      0.02659451955302022,
      0.9991100682415084
    ],
    "RightFoot": [
      -0.011619726312424394,
      0.12619913090367882,
      0.021543269087554814,
      0.991702903533413
    ],
    "LeftToeBase": [
      -0.0049354001652020954,
      -0.08789903625357302,
      -0.02801239259475666,
      0.9957232080814525
    ],
    "LeftHand": [
      0.021599403308284908,
      0.14292145337199857,
      0.09648807421749278,
      0.9847827047001595
    ],
    "LeftArm": [
      -0.3300316459944977,
      0.061422552410774295,
      -0.09250771322603005,
      0.9374159726029843
    ],
    "Head": [
      0.06982076667105686,
      -0.12716348304839678,
      -0.05945363756949395,
      0.9876334209109274
    ],
    "RightShoulder": [
      -0.046051021698235384,
      0.10885256102907578,
      0.1276180152364169,
      0.9847558405742398
    ]
  },
  "metadata": {
    "fs": 120.0,
    "window_duration_sec": 1.0,
    "quat_order": "xyzw",
    "hemisphere_alignment_applied": true,
    "v_pose_correction_applied": true,
    "v_pose_correction_quat_xyzw": [
      0.4841352320062646,
      7.990751321137959e-18,
      0.10749041027691493,
      0.8683656423585291
    ],
    "shoulder_joints": [
      "LeftShoulder",
      "RightShoulder"
    ],
    "time_window": [
      3.7,
      4.7
    ]
  }
}