{
    "run_id": "763_T2_P2_R2_Take_2025-12-25 10.51.23 AM_005",
    "subject_context": {
        "height_cm": 149.85962823320602,
        "scaling_factor": 1.0
    },
    "static_offset_audit": {
        "Left": {
            "bone_detected": "LeftArm",
            "measured_angle_deg": 2.95,
            "correction_value_deg": -2.95,
            "is_significant": false
        },
        "Right": {
            "bone_detected": "RightArm",
            "measured_angle_deg": 1.33,
            "correction_value_deg": -1.33,
            "is_significant": false
        }
    },
    "rotation_alignment_audit": {
        "RightUpLeg": [
            8.013523449297848,
            -0.6755905115240939,
            -1.8570619367199204
        ],
        "LeftShoulder": [
            9.591919265242497,
            9.319354393925586,
            2.986753114342566
        ],
        "RightFoot": [
            2.316846934728379,
            -11.085959406058196,
            2.3086080721013236
        ],
        "LeftHandIndex3": [
            12.415480663983708,
            -24.330223965404517,
            -36.1141394784725
        ],
        "RightForeArm": [
            15.801327669562932,
            20.679219714622448,
            44.08178779072745
        ],
        "LeftForeArm": [
            7.857848461994358,
            -21.38156623045102,
            -46.6466384976047
        ],
        "LeftHandThumb3": [
            55.5146349080451,
            -22.690032771589017,
            -42.43156415055548
        ],
        "Spine": [
            4.912257762030205,
            -0.8472983546904846,
            0.07981803972586166
        ],
        "RightShoulder": [
            9.942468239758997,
            -5.969133535443599,
            -1.3371682314549607
        ],
        "RightLeg": [
            4.241036712865667,
            -0.6755819656464801,
            -1.8570730142764829
        ],
        "Hips": [
            6.118985795161585,
            -0.8669992848378321,
            0.01890188811094315
        ],
        "Head": [
            13.538953070793898,
            -5.842607712177231,
            -2.686653533963226
        ],
        "RightHand": [
            -11.542587990519799,
            8.45649819395136,
            50.15652507814925
        ],
        "LeftLeg": [
            -0.6237153176789672,
            -2.3253143724388847,
            1.5455684048729572
        ],
        "LeftFoot": [
            0.5256651595685856,
            -4.362985454148368,
            -2.9574189002874673
        ],
        "RightToeBase": [
            -1.6689107822291118,
            -11.085967180243921,
            2.3086190612930317
        ],
        "Neck": [
            8.580668465259151,
            -3.407697576282789,
            -1.0458500227968213
        ],
        "Spine1": [
            3.702023007336859,
            -0.8415681440423373,
            0.37581390751262594
        ],
        "LeftHandThumb1": [
            44.5580973365288,
            -42.85175016268394,
            -22.64024445552857
        ],
        "LeftHandThumb2": [
            56.47217111256294,
            -18.96015531344386,
            -45.12294642541402
        ],
        "LeftToeBase": [
            1.1937142817438198,
            -4.362995732424131,
            -2.9574098421435826
        ],
        "LeftHand": [
            6.726672833991236,
            -10.727038730263166,
            -49.11463163427275
        ],
        "LeftHandIndex2": [
            13.658780486169732,
            -23.683814539461494,
            -39.16941673048181
        ],
        "LeftUpLeg": [
            7.151269370739115,
            -2.3253207814730237,
            1.5455696180853737
        ],
        "LeftHandIndex1": [
            16.45197540479614,
            -21.895355263871032,
            -46.371540530700564
        ],
        "LeftArm": [
            21.599206359053962,
            -11.73322255018595,
            -42.54927380947085
        ],
        "RightArm": [
            23.591109322857218,
            12.751227439716965,
            40.37918582770365
        ]
    },
    "window_metadata": {
        "start_time_sec": 2.4,
        "end_time_sec": 3.4,
        "duration_sec": 1.0,
        "variance_score": 16.510982959912223,
        "searched_duration_sec": 5.0,
        "joints_used": [
            "Hips",
            "LeftHand",
            "RightHand"
        ],
        "time_window": [
            2.4,
            3.4
        ],
        "mean_motion": 0.0594700569018591,
        "max_motion": 1.0047208813915631,
        "ref_quality_score": 0.9174450852004389,
        "confidence_level": "HIGH",
        "ref_is_fallback": false,
        "detection_method": "auto_stable_window",
        "variance_threshold": 100.0,
        "all_window_scores_min": 16.510982959912223,
        "all_window_scores_max": 35955.6576326947
    },
    "metadata": {
        "grade": "HIGH",
        "status": "LOCKED"
    }
}