{
  "offsets_map": {
    "RightShoulder": [
      -0.15953236693127673,
      0.020578426370087926,
      -0.03139797399981657,
      0.9864786462453925
    ],
    "RightForeArm": [
      -0.27115363388337527,
      -0.5404966272825437,
      -0.5038153735092706,
      0.6168542551881682
    ],
    "LeftFoot": [
      0.013765560252606834,
      -0.014067210288592789,
      0.02016690280531445,
      0.9996028806365403
    ],
    "Head": [
      -0.12126742705796024,
      0.04927205266089187,
      0.0027727211151527334,
      0.991392348154323
    ],
    "LeftHandIndex3": [
      -0.25815963839682704,
      0.5605428387852334,
      0.5094522776073023,
      0.599669662255932
    ],
    "LeftHandIndex2": [
      -0.2720911545591248,
      0.553914408701396,
      0.5242832070992415,
      0.5867472626245472
    ],
    "Spine1": [
      -0.03575293392805708,
      0.017132666271450516,
      -0.008628916502960318,
      0.9991765315808574
    ],
    "RightLeg": [
      -0.028687881340122248,
      0.014420486523899965,
      0.044455852307909306,
      0.9984952339536761
    ],
    "LeftToeBase": [
      -0.0019901920285649633,
      -0.013747577566178946,
      0.02038612047807146,
      0.9996956783634733
    ],
    "LeftArm": [
      -0.3656931307778071,
      0.35893841531011506,
      0.4528535285274925,
      0.729626911384708
    ],
    "RightArm": [
      -0.34067994616073993,
      -0.32915480024867705,
      -0.48171871887219453,
      0.7372525806298006
    ],
    "RightToeBase": [
      0.003361250599424638,
      0.15191196840469373,
      -0.014790010946208139,
      0.9882776489560159
    ],
    "LeftLeg": [
      0.007360939153782508,
      0.017364930386004934,
      -0.04905898052447583,
      0.9986177908476108
    ],
    "LeftHandIndex1": [
      -0.3048164261649874,
      0.5366020061080862,
      0.5585234767335234,
      0.5542533349636065
    ],
    "Hips": [
      -0.033817715194171795,
      0.013076738644496506,
      -0.004544624309872784,
      0.9993321306929701
    ],
    "LeftForeArm": [
      -0.22847912350599614,
      0.5206020620609504,
      0.5401612293582259,
      0.6204809661851266
    ],
    "RightHand": [
      -0.27758889292822125,
      -0.27943621900692506,
      -0.6642232313116431,
      0.6353481762120027
    ],
    "RightUpLeg": [
      -0.0739381251636583,
      0.016421612968443137,
      0.04375614295617279,
      0.9961670965397306
    ],
    "LeftHand": [
      -0.3349348879947354,
      0.4042330812126567,
      0.5891596972911509,
      0.6142516487117273
    ],
    "LeftShoulder": [
      -0.15948358249313244,
      -0.018531398290204438,
      0.0006559350386652588,
      0.9870264150172432
    ],
    "LeftHandThumb1": [
      -0.3440131972465983,
      0.754024867135739,
      0.208649791742727,
      0.5191981165863575
    ],
    "RightFoot": [
      0.006860584770253315,
      0.15196345683648854,
      -0.014252052986734135,
      0.9882595403782238
    ],
    "Spine": [
      -0.03480371681254488,
      0.015054743093934002,
      -0.005188439547205542,
      0.9992672996258173
    ],
    "LeftHandThumb3": [
      -0.5362232641887901,
      0.631946672104731,
      0.34208256274351767,
      0.4428177218961567
    ],
    "LeftUpLeg": [
      -0.07239836268144478,
      0.013392326759739535,
      -0.050288804422567,
      0.9960171478517602
    ],
    "Neck": [
      -0.07859405779917415,
      0.033237885969602296,
      -0.0029311463580676566,
      0.9963481446743199
    ],
    "LeftHandThumb2": [
      -0.5455876839305077,
      0.6238824888591354,
      0.3486393427577817,
      0.4376703416039262
    ]
  },
  "metadata": {
    "fs": 120.0,
    "window_duration_sec": 1.0,
    "quat_order": "xyzw",
    "hemisphere_alignment_applied": true,
    "v_pose_correction_applied": true,
    "v_pose_correction_quat_xyzw": [
      0.10067642142278092,
      0.0,
      -0.6035527959883358,
      0.7909413888678257
    ],
    "shoulder_joints": [
      "LeftShoulder",
      "RightShoulder"
    ],
    "time_window": [
      0.0,
      1.0
    ]
  }
}