{
    "LeftShoulder__qx": 0.06217183816573167,
    "LeftShoulder__qy": 0.0037378807238980733,
    "LeftShoulder__qz": 0.12029203022684948,
    "LeftShoulder__qw": 0.9907827805582264,
    "LeftHandIndex2__qx": -0.02389320982291659,
    "LeftHandIndex2__qy": -0.1020338225604094,
    "LeftHandIndex2__qz": 0.04617245088715486,
    "LeftHandIndex2__qw": 0.9934215209854991,
    "LeftToeBase__qx": 0.022059758198715983,
    "LeftToeBase__qy": 0.057525620341249854,
    "LeftToeBase__qz": 0.0667320473604233,
    "LeftToeBase__qw": 0.9958669609579659,
    "LeftHandThumb2__qx": 0.27659397002150715,
    "LeftHandThumb2__qy": -0.12818034134791462,
    "LeftHandThumb2__qz": 0.08150217819551536,
    "LeftHandThumb2__qw": 0.9489061970442918,
    "RightFoot__qx": 0.04185973793074454,
    "RightFoot__qy": -0.08110951696727113,
    "RightFoot__qz": -0.07086122959222033,
    "RightFoot__qw": 0.9933014118274393,
    "Neck__qx": 0.07922584377556897,
    "Neck__qy": 0.03711888797023406,
    "Neck__qz": 0.030788271007036145,
    "Neck__qw": 0.9956894778003329,
    "LeftHandIndex1__qx": -0.01773192124946713,
    "LeftHandIndex1__qy": -0.10328299298298296,
    "LeftHandIndex1__qz": -0.01348023183796321,
    "LeftHandIndex1__qw": 0.9944025772688215,
    "LeftForeArm__qx": 0.3678839087204813,
    "LeftForeArm__qy": -0.14126877756120243,
    "LeftForeArm__qz": 0.07382166946414219,
    "LeftForeArm__qw": 0.9161085761570137,
    "LeftHandThumb3__qx": 0.27141284360787643,
    "LeftHandThumb3__qy": -0.13882171777243146,
    "LeftHandThumb3__qz": 0.11829174490368619,
    "LeftHandThumb3__qw": 0.9450241595255854,
    "LeftArm__qx": 0.3097462623316106,
    "LeftArm__qy": -0.09155637269405169,
    "LeftArm__qz": 0.08336153739260824,
    "LeftArm__qw": 0.9427224075380015,
    "Head__qx": 0.10842030798259203,
    "Head__qy": 0.10626150089210497,
    "Head__qz": 0.09713035780283662,
    "Head__qw": 0.9836255506229035,
    "Spine__qx": 0.019449528519304052,
    "Spine__qy": -0.016137132409849927,
    "Spine__qz": -0.02684483625955448,
    "Spine__qw": 0.9993201006505181,
    "LeftHandIndex3__qx": -0.026436369334582606,
    "LeftHandIndex3__qy": -0.10140471125453031,
    "LeftHandIndex3__qz": 0.0709909669952698,
    "LeftHandIndex3__qw": 0.991956897005544,
    "RightArm__qx": 0.08332500733291097,
    "RightArm__qy": 0.035699425726770484,
    "RightArm__qz": -0.04003961978234098,
    "RightArm__qw": 0.9950775462261395,
    "Hips__qx": -0.010322172407711709,
    "Hips__qy": 0.00047255036070750035,
    "Hips__qz": -0.024807978420682553,
    "Hips__qw": 0.999638831608507,
    "LeftHand__qx": -0.09662747995542588,
    "LeftHand__qy": -0.14759816502005346,
    "LeftHand__qz": -0.0750904327511602,
    "LeftHand__qw": 0.9814475730824446,
    "RightHand__qx": 0.3503770997279555,
    "RightHand__qy": 0.12483100938671633,
    "RightHand__qz": -0.12329993188648726,
    "RightHand__qw": 0.9200273006158608,
    "RightToeBase__qx": 0.043334199198740465,
    "RightToeBase__qy": -0.08112614653439297,
    "RightToeBase__qz": -0.07074617986603758,
    "RightToeBase__qw": 0.9932450219168715,
    "RightUpLeg__qx": -0.04821877651915551,
    "RightUpLeg__qy": 0.006613980414142452,
    "RightUpLeg__qz": -0.032156691649131895,
    "RightUpLeg__qw": 0.9982971261284187,
    "RightForeArm__qx": 0.26716337432305187,
    "RightForeArm__qy": 0.08572719370619647,
    "RightForeArm__qz": -0.05185084942383189,
    "RightForeArm__qw": 0.958428958814167,
    "LeftHandThumb1__qx": 0.23304946165611717,
    "LeftHandThumb1__qy": -0.19652088721559738,
    "LeftHandThumb1__qz": 0.3286041835554424,
    "LeftHandThumb1__qw": 0.8939165396498991,
    "Spine1__qx": 0.04924286993072201,
    "Spine1__qy": -0.03236513975303304,
    "Spine1__qz": -0.03583582557972022,
    "Spine1__qw": 0.9976188806827849,
    "RightLeg__qx": 0.10939328129303483,
    "RightLeg__qy": 0.0012719597452606512,
    "RightLeg__qz": -0.03274775229806401,
    "RightLeg__qw": 0.993458140459765,
    "LeftLeg__qx": 0.13607869177039622,
    "LeftLeg__qy": -0.02086855323502039,
    "LeftLeg__qz": 0.031673271597680054,
    "LeftLeg__qw": 0.9899716647451251,
    "LeftUpLeg__qx": -0.13310060806570537,
    "LeftUpLeg__qy": -0.028957931813203733,
    "LeftUpLeg__qz": 0.02489359462182427,
    "LeftUpLeg__qw": 0.9903665863024891,
    "LeftFoot__qx": 0.03347136408563236,
    "LeftFoot__qy": 0.05832592173929745,
    "LeftFoot__qz": 0.06604245974726158,
    "LeftFoot__qw": 0.9955481646560551,
    "RightShoulder__qx": 0.038858824140336035,
    "RightShoulder__qy": -0.09861225169963043,
    "RightShoulder__qz": -0.12651714768631703,
    "RightShoulder__qw": 0.9862854692950099
}