{
    "run_id": "763_T2_P1_R1_Take 2025-12-17 06.59.27 PM",
    "subject_context": {
        "height_cm": 144.7844142004885,
        "scaling_factor": 1.0
    },
    "static_offset_audit": {
        "Left": {
            "bone_detected": "LeftArm",
            "measured_angle_deg": 15.64,
            "correction_value_deg": -15.64,
            "is_significant": true
        },
        "Right": {
            "bone_detected": "RightArm",
            "measured_angle_deg": 15.15,
            "correction_value_deg": -15.15,
            "is_significant": true
        }
    },
    "rotation_alignment_audit": {
        "LeftHandThumb3": [
            36.5283745600095,
            -27.91843467992412,
            13.467277515633088
        ],
        "LeftHandThumb2": [
            39.561785786827755,
            -22.92620307696615,
            6.415122941462497
        ],
        "Neck": [
            -0.7855495548400208,
            5.634887043517104,
            1.3986815748769224
        ],
        "RightLeg": [
            14.240386421322675,
            -2.0487384481045927,
            -4.300710125994082
        ],
        "Hips": [
            -0.21898274771713863,
            -0.9957382546631395,
            -2.862252865737686
        ],
        "Spine1": [
            6.4293430984721,
            -3.1710906598315547,
            -4.146106356954412
        ],
        "LeftFoot": [
            -0.6136852044640789,
            10.065254567297915,
            3.29852313978978
        ],
        "LeftHandIndex1": [
            7.180487709202524,
            -11.736514160652975,
            -4.381975682478128
        ],
        "RightUpLeg": [
            -5.385164875295843,
            -2.0487319882847563,
            -4.300722186066626
        ],
        "LeftLeg": [
            16.181556813913044,
            -3.452684771326434,
            2.522504946589538
        ],
        "RightHand": [
            46.15380851448584,
            20.568693859988503,
            -9.046741812040754
        ],
        "LeftUpLeg": [
            -14.250874347536653,
            -3.4526676885356506,
            2.522487154143866
        ],
        "LeftHandThumb1": [
            26.030017288203386,
            -37.7963804106939,
            32.61931873596613
        ],
        "LeftHandIndex3": [
            5.071201128327126,
            -12.77858525659687,
            5.529044008200346
        ],
        "RightToeBase": [
            1.9653800124772995,
            -14.465874230242031,
            -2.7028886921266597
        ],
        "RightForeArm": [
            40.454223073127764,
            8.637856800658083,
            -3.1185424687609005
        ],
        "LeftShoulder": [
            8.048064453286418,
            1.234254408360895,
            15.64646106497237
        ],
        "LeftHandIndex2": [
            5.7111634538962495,
            -12.509363301341995,
            2.6060269200941484
        ],
        "RightArm": [
            12.461416762475372,
            1.5133134227410883,
            -4.707150492623398
        ],
        "LeftForeArm": [
            51.68772313479302,
            -15.55871953199732,
            3.3345353309344588
        ],
        "Spine": [
            3.0881415487664943,
            -2.132347239511518,
            -3.106987287520008
        ],
        "RightFoot": [
            1.6856975124926814,
            -14.465880808628494,
            -2.702892521367913
        ],
        "LeftToeBase": [
            0.858535985449784,
            10.065257284779674,
            3.2985273108151376
        ],
        "LeftHand": [
            -0.8945110302808249,
            -16.59838293693753,
            -11.061365081771827
        ],
        "LeftArm": [
            38.10072194359506,
            -10.149540681407295,
            7.758986118261308
        ],
        "Head": [
            -7.3048846962296805,
            15.03944725617155,
            5.924327448812745
        ],
        "RightShoulder": [
            6.949305155404245,
            -11.690943456127952,
            -15.480342835393056
        ]
    },
    "window_metadata": {
        "start_time_sec": 3.7,
        "end_time_sec": 4.7,
        "duration_sec": 1.0,
        "variance_score": 9.34607436588357,
        "searched_duration_sec": 5.0,
        "joints_used": [
            "Hips",
            "LeftHand",
            "RightHand"
        ],
        "time_window": [
            3.7,
            4.7
        ],
        "mean_motion": 0.03585852037511397,
        "max_motion": 0.20902465257745462,
        "ref_quality_score": 0.9532696281705821,
        "confidence_level": "HIGH",
        "ref_is_fallback": false,
        "detection_method": "auto_stable_window",
        "variance_threshold": 100.0,
        "all_window_scores_min": 9.34607436588357,
        "all_window_scores_max": 72.57906230569566
    },
    "metadata": {
        "grade": "HIGH",
        "status": "LOCKED"
    }
}