{
    "Spine1": [
        1.6345731516134736,
        -1.7296468965701788,
        1.9031136148253611
    ],
    "RightUpLeg": [
        -7.282757269295709,
        -2.392276975364136,
        3.1132709214935326
    ],
    "LeftHandThumb2": [
        35.58777773632515,
        -3.520599754949919,
        -17.97986248985065
    ],
    "RightForeArm": [
        -3.352744937830878,
        -0.0041791621116611215,
        15.468467569346828
    ],
    "LeftToeBase": [
        0.07389955236859147,
        16.596768186543976,
        0.008092962760290862
    ],
    "Spine": [
        0.8070767317073309,
        -1.6664656707502832,
        1.6673823477245504
    ],
    "RightToeBase": [
        0.557270831828659,
        -25.55421395258412,
        -1.403300344308369
    ],
    "LeftForeArm": [
        5.0255820421008,
        -6.937635146317614,
        -17.3480109513175
    ],
    "LeftHand": [
        -18.750800150393204,
        10.406109668860724,
        -25.876250158208027
    ],
    "LeftLeg": [
        26.22127689831552,
        -0.6224117511830013,
        0.7204294961554134
    ],
    "RightFoot": [
        0.2806883182540686,
        -25.5542124479558,
        -1.4033080724612206
    ],
    "RightLeg": [
        28.847303011617598,
        -2.3922816267408216,
        3.1132725315560323
    ],
    "LeftArm": [
        13.710006383283769,
        -5.5772630059726245,
        -17.01370547122061
    ],
    "LeftShoulder": [
        5.704753208405039,
        4.828146966266763,
        11.544864264803639
    ],
    "RightHand": [
        -31.14004613221599,
        -8.902130347165413,
        16.025004688053194
    ],
    "LeftHandThumb1": [
        30.850253794619046,
        -19.009668145430886,
        5.720337729891517
    ],
    "RightArm": [
        7.96840214196155,
        -0.3169705307498429,
        15.424668090106703
    ],
    "Head": [
        -5.4506127911446995,
        4.464692682383801,
        -11.186188164272574
    ],
    "Hips": [
        -0.025977858387814304,
        -1.6093854051841554,
        1.620688639189129
    ],
    "LeftHandIndex3": [
        -13.570011982955469,
        -26.637360501499256,
        -3.7027813414381145
    ],
    "LeftHandIndex1": [
        -8.564208569235705,
        -28.513227506847016,
        -14.489907723291312
    ],
    "RightShoulder": [
        3.592549261136118,
        -11.244826423245978,
        -9.329999426709897
    ],
    "LeftHandThumb3": [
        35.01719105730417,
        -7.650443433916362,
        -12.126233126209721
    ],
    "LeftFoot": [
        0.4501332822145835,
        16.596766194868128,
        0.008090967979673914
    ],
    "LeftUpLeg": [
        -3.1577575508914175,
        -0.6224102999857191,
        0.7204131742154944
    ],
    "LeftHandIndex2": [
        -12.149289098175299,
        -27.27513272201064,
        -6.836210087409823
    ],
    "Neck": [
        -1.728374665866629,
        1.5699100960910244,
        -4.541157167886261
    ]
}