{
    "run_id": "T3_505_P1_R2_Take 2025-12-14 12.10.30 PM",
    "subject_context": {
        "height_cm": 158.77513843184616,
        "scaling_factor": 1.0
    },
    "static_offset_audit": {
        "Left": {
            "bone_detected": "LeftArm",
            "measured_angle_deg": 12.77,
            "correction_value_deg": -12.77,
            "is_significant": true
        },
        "Right": {
            "bone_detected": "RightArm",
            "measured_angle_deg": 9.49,
            "correction_value_deg": -9.49,
            "is_significant": true
        }
    },
    "rotation_alignment_audit": {
        "RightUpLeg": [
            -1.2899295594492186,
            -0.02832471298027339,
            3.0406133970442695
        ],
        "LeftShoulder": [
            0.45597993648954205,
            6.097730497860973,
            12.84375107472715
        ],
        "RightArm": [
            2.4941470326271142,
            6.175399506047099,
            9.19224641099312
        ],
        "RightHand": [
            -29.032759513128628,
            -3.884112637322181,
            13.17715279085561
        ],
        "Head": [
            -11.047811582003714,
            10.503135805180177,
            -7.331583692575402
        ],
        "LeftArm": [
            8.868142676456495,
            -7.578978450046379,
            -9.130234818362798
        ],
        "LeftHandIndex1": [
            -3.916317063563734,
            -1.9312495318441065,
            -15.462635060622066
        ],
        "LeftHandThumb3": [
            36.51009200631025,
            -5.017924377987693,
            -9.85004223876592
        ],
        "RightForeArm": [
            -6.764424712709351,
            5.992036850662345,
            9.184199980964884
        ],
        "RightToeBase": [
            3.8281010648243567,
            -14.90144288093962,
            -12.2711774108507
        ],
        "LeftHandThumb1": [
            31.6005633034018,
            -19.9376008624555,
            12.40918637556926
        ],
        "LeftHandIndex2": [
            -4.05204024248512,
            -1.6269463935455502,
            -11.09148098381536
        ],
        "Neck": [
            -6.031933022945865,
            4.908865749871162,
            -2.3439604721632863
        ],
        "Spine1": [
            -1.536484220727648,
            -1.0755260866810463,
            2.12050375358237
        ],
        "LeftHand": [
            -14.1782071185586,
            3.869330695709262,
            -19.527070153807827
        ],
        "LeftHandIndex3": [
            -4.101657604871928,
            -1.497255033281331,
            -9.270588521444745
        ],
        "RightLeg": [
            26.754656326369094,
            -0.028196563609443993,
            3.040448290542851
        ],
        "Spine": [
            -2.5976586561315917,
            -1.494020305843361,
            1.970197867157552
        ],
        "LeftHandThumb2": [
            36.737130592491475,
            -2.421508221048116,
            -13.349138615330816
        ],
        "RightFoot": [
            -2.6335974793199854,
            -14.901436405767411,
            -12.271183668172066
        ],
        "Hips": [
            -3.6622484247965343,
            -1.909378950523567,
            1.9566290317083996
        ],
        "LeftUpLeg": [
            -0.0054965599640758684,
            -0.3512360855167115,
            -0.7131957319388794
        ],
        "LeftFoot": [
            1.4204006252275807,
            12.976669140425042,
            -0.17891852956210166
        ],
        "LeftLeg": [
            27.970241903544228,
            -0.35113705989314814,
            -0.71327801183512
        ],
        "LeftToeBase": [
            0.8456605160571642,
            12.976654117171591,
            -0.17892119903046358
        ],
        "LeftForeArm": [
            4.245765572700382,
            -8.290278398898296,
            -9.242336358614537
        ],
        "RightShoulder": [
            -2.5864455549938583,
            -10.388125936289478,
            -9.64613809860838
        ]
    },
    "window_metadata": {
        "start_time_sec": 0.6,
        "end_time_sec": 1.6,
        "duration_sec": 1.0,
        "variance_score": 75.82029145377247,
        "searched_duration_sec": 5.0,
        "joints_used": [
            "Hips",
            "LeftHand",
            "RightHand"
        ],
        "time_window": [
            0.6,
            1.6
        ],
        "mean_motion": 0.08304571843794468,
        "max_motion": 0.31869810776424856,
        "ref_quality_score": 0.6208985427311376,
        "confidence_level": "MEDIUM",
        "ref_is_fallback": false,
        "detection_method": "auto_stable_window",
        "variance_threshold": 100.0,
        "all_window_scores_min": 75.82029145377247,
        "all_window_scores_max": 131281.96616876774
    },
    "metadata": {
        "grade": "MEDIUM",
        "status": "LOCKED"
    }
}