{
    "run_id": "T3_505_P2_R1_Take 2025-12-14 12.07.21 PM",
    "subject_context": {
        "height_cm": 158.534298906543,
        "scaling_factor": 1.0
    },
    "static_offset_audit": {
        "Left": {
            "bone_detected": "LeftArm",
            "measured_angle_deg": 10.69,
            "correction_value_deg": -10.69,
            "is_significant": true
        },
        "Right": {
            "bone_detected": "RightArm",
            "measured_angle_deg": 9.18,
            "correction_value_deg": -9.18,
            "is_significant": true
        }
    },
    "rotation_alignment_audit": {
        "LeftHandIndex1": [
            -15.347902711837538,
            -1.4440006801055663,
            -14.821061478793741
        ],
        "Head": [
            -4.739563010761841,
            -4.411916688019496,
            -8.996219892303875
        ],
        "Spine": [
            -0.8463142596842258,
            -0.4009147605249242,
            0.9486380804904742
        ],
        "RightUpLeg": [
            -5.179304645716078,
            -0.1795792115334538,
            2.9035563750103313
        ],
        "LeftArm": [
            11.024928465350206,
            -7.5966198199091615,
            -16.707266944766452
        ],
        "RightHand": [
            -28.375839510052685,
            -0.3665647457307164,
            18.84904198209108
        ],
        "LeftHandIndex3": [
            -15.386435475859596,
            -0.9296448627816745,
            -12.94991541192653
        ],
        "RightFoot": [
            0.25762020963342225,
            -14.715467395867893,
            -0.08585548368755364
        ],
        "RightArm": [
            6.395754044240967,
            5.611987023745552,
            14.4360692710046
        ],
        "LeftHandThumb3": [
            25.30705643372985,
            -5.94358364909912,
            -4.68474202212013
        ],
        "LeftFoot": [
            0.7225392807950705,
            14.701740370988306,
            1.6339287870439547
        ],
        "Hips": [
            -1.8707760464750014,
            -0.64935986044488,
            0.9221603289795548
        ],
        "RightForeArm": [
            -4.087945921513658,
            7.319823909243998,
            14.628800455970836
        ],
        "LeftToeBase": [
            0.3539665977044929,
            14.701735823425015,
            1.6339278638241572
        ],
        "LeftShoulder": [
            3.528817043143986,
            6.077351515250494,
            10.75404786237718
        ],
        "Neck": [
            -2.3731719182448687,
            -2.174281715450851,
            -3.9902951889165013
        ],
        "LeftHand": [
            -25.40110279902869,
            2.146750436018277,
            -16.991122570616675
        ],
        "RightLeg": [
            29.91776831401,
            -0.17978714672785384,
            2.903347244006291
        ],
        "RightShoulder": [
            1.384587230878087,
            -8.932808946319087,
            -9.29261254797214
        ],
        "LeftHandThumb1": [
            20.722082057864938,
            -15.973800590602032,
            19.003491115559637
        ],
        "LeftLeg": [
            26.94577715655531,
            0.46655726855402285,
            -0.3409055118892221
        ],
        "Spine1": [
            0.1775026573919795,
            -0.15321709802767347,
            1.0997128077685583
        ],
        "LeftUpLeg": [
            -2.380787876887349,
            0.4664846724135959,
            -0.34097270700234933
        ],
        "RightToeBase": [
            0.05865629291275399,
            -14.715624031815878,
            -0.08583845464990718
        ],
        "LeftHandIndex2": [
            -15.376848812837183,
            -1.0810535353992574,
            -13.500180643969985
        ],
        "LeftHandThumb2": [
            25.681474219312463,
            -3.851501217852229,
            -9.081629044696767
        ],
        "LeftForeArm": [
            1.7961671994407116,
            -8.984911176574236,
            -16.981669048759287
        ]
    },
    "window_metadata": {
        "start_time_sec": 4.0,
        "end_time_sec": 5.0,
        "duration_sec": 1.0,
        "variance_score": 85.25151594790087,
        "searched_duration_sec": 5.0,
        "joints_used": [
            "Hips",
            "LeftHand",
            "RightHand"
        ],
        "time_window": [
            4.0,
            5.0
        ],
        "mean_motion": 0.09052631797357025,
        "max_motion": 0.4377909053054623,
        "ref_quality_score": 0.5737424202604957,
        "confidence_level": "MEDIUM",
        "ref_is_fallback": false,
        "detection_method": "auto_stable_window",
        "variance_threshold": 100.0,
        "all_window_scores_min": 85.25151594790087,
        "all_window_scores_max": 26572.967700034707
    },
    "metadata": {
        "grade": "MEDIUM",
        "status": "LOCKED"
    }
}