{
    "LeftHandIndex2__qx": 0.22988799727382206,
    "LeftHandIndex2__qy": 0.18722105370332057,
    "LeftHandIndex2__qz": -0.40377606718436,
    "LeftHandIndex2__qw": -0.8654852242117025,
    "RightHand__qx": -0.12571481615422192,
    "RightHand__qy": -0.02231242941399241,
    "RightHand__qz": 0.6637623719682019,
    "RightHand__qw": 0.7369650290564013,
    "LeftUpLeg__qx": -0.03267289048523239,
    "LeftUpLeg__qy": -0.02176109042537662,
    "LeftUpLeg__qz": 0.004943246293790926,
    "LeftUpLeg__qw": 0.9992169441552308,
    "LeftHandIndex1__qx": 0.2798480182977119,
    "LeftHandIndex1__qy": -0.09790430484178513,
    "LeftHandIndex1__qz": -0.9488095851596783,
    "LeftHandIndex1__qw": -0.1089045676609097,
    "Neck__qx": -0.021007691830963654,
    "Neck__qy": -0.021284835816085028,
    "Neck__qz": 0.0050417232863673766,
    "Neck__qw": 0.999540001037738,
    "LeftFoot__qx": -0.006683300161137372,
    "LeftFoot__qy": 0.20024748701625253,
    "LeftFoot__qz": -0.004919979020805338,
    "LeftFoot__qw": 0.9797101975834828,
    "Head__qx": -0.05532200018083554,
    "Head__qy": 0.003958086894306929,
    "Head__qz": -0.0029126522080991164,
    "Head__qw": 0.9984564719111412,
    "LeftArm__qx": 0.2953488129797177,
    "LeftArm__qy": -0.24770133776064757,
    "LeftArm__qz": -0.5437970418446028,
    "LeftArm__qw": 0.7454514761029833,
    "LeftHand__qx": 0.1663616126844594,
    "LeftHand__qy": -0.3732429708987789,
    "LeftHand__qz": -0.6749659829548005,
    "LeftHand__qw": 0.6143569160948211,
    "LeftHandThumb3__qx": 0.35230561877952704,
    "LeftHandThumb3__qy": -0.49940632290649895,
    "LeftHandThumb3__qz": -0.33412956165361873,
    "LeftHandThumb3__qw": 0.7175176037189226,
    "RightLeg__qx": 0.240592886464168,
    "RightLeg__qy": -0.04997141904476924,
    "RightLeg__qz": 0.03163743343894865,
    "RightLeg__qw": 0.9688224775813618,
    "LeftHandThumb1__qx": 0.24155460125461165,
    "LeftHandThumb1__qy": -0.5601831162884824,
    "LeftHandThumb1__qz": -0.18629607248339797,
    "LeftHandThumb1__qw": 0.7701558441090419,
    "RightUpLeg__qx": -0.05675402856969946,
    "RightUpLeg__qy": -0.057087289598335866,
    "RightUpLeg__qz": 0.015418196079902793,
    "RightUpLeg__qw": 0.9966354904562987,
    "RightFoot__qx": -0.03866164253197497,
    "RightFoot__qy": -0.23770350457911232,
    "RightFoot__qz": -0.1227166115539565,
    "RightFoot__qw": 0.9627787671922626,
    "LeftHandIndex3__qx": 0.13224170425421106,
    "LeftHandIndex3__qy": 0.2653532022110576,
    "LeftHandIndex3__qz": -0.010998068342097895,
    "LeftHandIndex3__qw": -0.9549758385556265,
    "RightArm__qx": 0.1700159851560337,
    "RightArm__qy": 0.14711524098754933,
    "RightArm__qz": 0.6072912118713072,
    "RightArm__qw": 0.7620033166886335,
    "Spine__qx": -0.0042483152740165715,
    "Spine__qy": -0.051446578350542824,
    "Spine__qz": 0.007484903627625697,
    "Spine__qw": 0.9986386621851966,
    "LeftToeBase__qx": -0.005780923591391816,
    "LeftToeBase__qy": 0.20024284662922318,
    "LeftToeBase__qz": -0.005104421812744505,
    "LeftToeBase__qw": 0.979715942594696,
    "RightShoulder__qx": 0.12153472845897753,
    "RightShoulder__qy": -0.13630813691112129,
    "RightShoulder__qz": 0.07879542479543443,
    "RightShoulder__qw": 0.980020756219749,
    "Spine1__qx": 0.013343584068135995,
    "Spine1__qy": -0.04649193287329292,
    "Spine1__qz": 0.012985886678805016,
    "Spine1__qw": 0.9987451204832428,
    "RightToeBase__qx": 0.023016595481628762,
    "RightToeBase__qy": -0.24506792374870587,
    "RightToeBase__qz": -0.1072569760776705,
    "RightToeBase__qw": 0.9632797569577634,
    "LeftLeg__qx": 0.26384349673562896,
    "LeftLeg__qy": -0.01933032392290242,
    "LeftLeg__qz": 0.011117531132285868,
    "LeftLeg__qw": 0.9643077041633934,
    "LeftForeArm__qx": 0.28229222693013745,
    "LeftForeArm__qy": -0.4425923455683206,
    "LeftForeArm__qz": -0.5351548217042894,
    "LeftForeArm__qw": 0.6618401854419286,
    "LeftShoulder__qx": 0.13861258648654967,
    "LeftShoulder__qy": 0.016029680819130487,
    "LeftShoulder__qz": 0.002217760591896339,
    "LeftShoulder__qw": 0.9902144624970405,
    "LeftHandThumb2__qx": 0.37603407518525384,
    "LeftHandThumb2__qy": -0.4810626401248214,
    "LeftHandThumb2__qz": -0.3722089999685058,
    "LeftHandThumb2__qw": 0.6990261589655659,
    "Hips__qx": -0.02204574854948175,
    "Hips__qy": -0.05643588816080756,
    "Hips__qz": 0.005617681206743266,
    "Hips__qw": 0.9981469917583549,
    "RightForeArm__qx": 0.0267953859734463,
    "RightForeArm__qy": 0.21620292939897778,
    "RightForeArm__qz": 0.6423193455027725,
    "RightForeArm__qw": 0.7348225357205131
}