{
    "run_id": "T3_505_P2_R2_Take 2025-12-14 12.18.01 PM",
    "subject_context": {
        "height_cm": 158.2766662451932,
        "scaling_factor": 1.0
    },
    "static_offset_audit": {
        "Left": {
            "bone_detected": "LeftArm",
            "measured_angle_deg": 0.48,
            "correction_value_deg": -0.48,
            "is_significant": false
        },
        "Right": {
            "bone_detected": "RightArm",
            "measured_angle_deg": -6.96,
            "correction_value_deg": 6.96,
            "is_significant": true
        }
    },
    "rotation_alignment_audit": {
        "LeftHandIndex2": [
            -33.67339838279499,
            -7.956866616333345,
            52.43246470130042
        ],
        "RightHand": [
            -12.525324543135161,
            7.700947237364474,
            83.17046312197154
        ],
        "LeftUpLeg": [
            -3.759631370971495,
            -2.4739455799035253,
            0.6481029417354635
        ],
        "LeftHandIndex1": [
            8.612446939318495,
            33.52971716675262,
            169.50340346025567
        ],
        "Neck": [
            -2.4213851100635653,
            -2.4265288975692485,
            0.6292891487213781
        ],
        "LeftFoot": [
            -0.938478859582961,
            23.09789025960268,
            -0.7672341016087526
        ],
        "Head": [
            -6.34410753424802,
            0.43440285483887786,
            -0.35835484877126805
        ],
        "LeftArm": [
            45.280224854743906,
            -2.755788144178455,
            -73.37008900111016
        ],
        "LeftHand": [
            46.76033241589304,
            -13.534565962602134,
            -101.2563894865743
        ],
        "LeftHandThumb3": [
            73.22832055293578,
            -28.7660414256002,
            -71.51690062335823
        ],
        "RightLeg": [
            27.77211039008353,
            -6.433522848130136,
            2.14867629666283
        ],
        "LeftHandThumb1": [
            66.23850149515971,
            -50.61098517341313,
            -61.481425884729084
        ],
        "RightUpLeg": [
            -6.6390681389077555,
            -6.432946108342544,
            2.146131205790918
        ],
        "RightFoot": [
            -1.0437044468709213,
            -27.852735989439722,
            -14.2687964751455
        ],
        "LeftHandIndex3": [
            -17.407817622420893,
            -30.25855723932157,
            6.0600162370913875
        ],
        "RightArm": [
            25.96727471912949,
            1.0145421612384955,
            77.34127812367221
        ],
        "Spine": [
            -0.5331103819131969,
            -5.89406432262603,
            0.8863050718091018
        ],
        "LeftToeBase": [
            -0.8329330102089096,
            23.097887467431573,
            -0.7672346267456119
        ],
        "RightShoulder": [
            13.073602047359596,
            -16.637909093887668,
            7.273782740407662
        ],
        "Spine1": [
            1.464494921993826,
            -5.3485183444519375,
            1.4214505929136036
        ],
        "RightToeBase": [
            6.292931981860239,
            -27.852731677600072,
            -14.268817700852352
        ],
        "LeftLeg": [
            30.59037056094059,
            -2.472928026029735,
            0.64468048576296
        ],
        "LeftForeArm": [
            62.090284903810904,
            -16.481796774950755,
            -87.88178458535879
        ],
        "LeftShoulder": [
            15.94512762316875,
            1.7839530816883598,
            0.506514636037379
        ],
        "LeftHandThumb2": [
            73.94485138613408,
            -23.117883953933624,
            -73.5734218820331
        ],
        "Hips": [
            -2.5750894206307757,
            -6.454544625214263,
            0.790150909550212
        ],
        "RightForeArm": [
            19.309531357592498,
            16.458404056973155,
            85.13314179461874
        ]
    },
    "window_metadata": {
        "start_time_sec": 0.0,
        "end_time_sec": 1.0,
        "duration_sec": 1.0,
        "variance_score": 3329.1689762611854,
        "searched_duration_sec": 5.0,
        "joints_used": [
            "Hips",
            "LeftHand",
            "RightHand"
        ],
        "time_window": [
            0.0,
            1.0
        ],
        "mean_motion": 0.5155912776599662,
        "max_motion": 4.01608001287056,
        "ref_quality_score": 0.0,
        "confidence_level": "LOW",
        "ref_is_fallback": true,
        "detection_method": "first_N_frames_fallback",
        "variance_threshold": 100.0,
        "all_window_scores_min": 3329.1689762611854,
        "all_window_scores_max": 89093.87669780976
    },
    "metadata": {
        "grade": "LOW",
        "status": "LOCKED"
    }
}