{
  "offsets_map": {
    "Spine1": [
      -0.014510898126892493,
      0.014852973281362782,
      -0.01681871584907542,
      0.999642913153213
    ],
    "RightUpLeg": [
      0.06290807176974365,
      0.022550118499522674,
      -0.025779010426310627,
      0.9974314559323415
    ],
    "LeftHandThumb2": [
      -0.29712690936873887,
      0.07661921922902698,
      0.1394434958675675,
      0.9414885057364999
    ],
    "RightForeArm": [
      0.028983013861550146,
      0.003973081469663069,
      -0.1345196106673098,
      0.990479012335472
    ],
    "LeftToeBase": [
      -0.0006279499625005897,
      -0.14432830815001252,
      2.3191663524778025e-05,
      0.9895296582758631
    ],
    "Spine": [
      -0.007253109696984083,
      0.014437777725752944,
      -0.014650652771052663,
      0.9997621223808428
    ],
    "RightToeBase": [
      -0.0020340749673859594,
      0.22119773027905953,
      0.010866991514998939,
      0.9751663115355413
    ],
    "LeftForeArm": [
      -0.034145388583890955,
      0.0663556254442654,
      0.14776892263016528,
      0.9862024989397846
    ],
    "LeftHand": [
      0.13807929793762277,
      -0.12352611699163536,
      0.2055997862289696,
      0.9609391936041656
    ],
    "LeftLeg": [
      -0.22685757613756125,
      0.003863808505689725,
      -0.00735495031032903,
      0.9738925073326905
    ],
    "RightFoot": [
      0.0003196416537592436,
      0.22117084418814137,
      0.01140091636983276,
      0.9751683826992373
    ],
    "RightLeg": [
      -0.24949271077431684,
      0.013444576018276935,
      -0.03150096907736425,
      0.9677707991013982
    ],
    "LeftArm": [
      -0.11075874530623052,
      0.0654076865970648,
      0.1409532705556441,
      0.981624424304875
    ],
    "LeftShoulder": [
      -0.04523533891451306,
      -0.04685613940970364,
      -0.09827840522745297,
      0.9930254887860916
    ],
    "RightHand": [
      0.2545731647566385,
      0.11133126624649542,
      -0.1132413040040854,
      0.953925709900512
    ],
    "LeftHandThumb1": [
      -0.26994365838678497,
      0.14589454006436972,
      -0.09130747735219868,
      0.9473690669721819
    ],
    "RightArm": [
      -0.06922294079091323,
      -0.006589893557576951,
      -0.13406512480443897,
      0.9885298680780099
    ],
    "Head": [
      0.0434932793317566,
      -0.043353262426291256,
      0.0954355724530447,
      0.9935395718342207
    ],
    "Hips": [
      2.8033340529379215e-05,
      0.01404587629703725,
      -0.014138126322480163,
      0.9998013932563157
    ],
    "LeftHandIndex3": [
      0.1222968689153337,
      0.2249199649767547,
      0.058420417621049346,
      0.964904938329856
    ],
    "LeftHandIndex1": [
      0.1027601178966344,
      0.2344906392197749,
      0.14012761768647067,
      0.9564615774037584
    ],
    "RightShoulder": [
      -0.02312749766554381,
      0.1001367456268419,
      0.07783779839564368,
      0.9916546920011595
    ],
    "LeftHandThumb3": [
      -0.2917794322837732,
      0.09497259203462134,
      0.08054788659496692,
      0.9483443507626693
    ],
    "LeftFoot": [
      -0.003876825095541264,
      -0.14432743682634538,
      0.0004970750140424184,
      0.989522265602319
    ],
    "LeftUpLeg": [
      0.027518061034363453,
      0.00560257555002655,
      -0.0061346172732130305,
      0.9995867815927872
    ],
    "LeftHandIndex2": [
      0.11663619882276825,
      0.227906780834589,
      0.08252225382962985,
      0.9631430703673617
    ],
    "Neck": [
      0.01452638711479177,
      -0.014284795229978546,
      0.039404016212204074,
      0.9990156416237822
    ]
  },
  "metadata": {
    "fs": 120.0,
    "window_duration_sec": 1.0,
    "quat_order": "xyzw",
    "hemisphere_alignment_applied": true,
    "v_pose_correction_applied": true,
    "v_pose_correction_quat_xyzw": [
      0.6332458497413949,
      -2.249938910374299e-18,
      0.06741358799612251,
      0.7710091451719544
    ],
    "shoulder_joints": [
      "LeftShoulder",
      "RightShoulder"
    ],
    "time_window": [
      0.2,
      1.2
    ]
  }
}