{
  "offsets_map": {
    "LeftHandIndex2": [
      -0.22988799727382206,
      -0.18722105370332057,
      0.40377606718436,
      -0.8654852242117025
    ],
    "RightHand": [
      0.12571481615422192,
      0.02231242941399241,
      -0.6637623719682019,
      0.7369650290564013
    ],
    "LeftUpLeg": [
      0.03267289048523239,
      0.02176109042537662,
      -0.004943246293790926,
      0.9992169441552308
    ],
    "LeftHandIndex1": [
      -0.2798480182977119,
      0.09790430484178513,
      0.9488095851596783,
      -0.1089045676609097
    ],
    "Neck": [
      0.021007691830963654,
      0.021284835816085028,
      -0.0050417232863673766,
      0.999540001037738
    ],
    "LeftFoot": [
      0.006683300161137372,
      -0.20024748701625253,
      0.004919979020805338,
      0.9797101975834828
    ],
    "Head": [
      0.05532200018083554,
      -0.003958086894306929,
      0.0029126522080991164,
      0.9984564719111412
    ],
    "LeftArm": [
      -0.2953488129797177,
      0.24770133776064757,
      0.5437970418446028,
      0.7454514761029833
    ],
    "LeftHand": [
      -0.1663616126844594,
      0.3732429708987789,
      0.6749659829548005,
      0.6143569160948211
    ],
    "LeftHandThumb3": [
      -0.35230561877952704,
      0.49940632290649895,
      0.33412956165361873,
      0.7175176037189226
    ],
    "RightLeg": [
      -0.240592886464168,
      0.04997141904476924,
      -0.03163743343894865,
      0.9688224775813618
    ],
    "LeftHandThumb1": [
      -0.24155460125461165,
      0.5601831162884824,
      0.18629607248339797,
      0.7701558441090419
    ],
    "RightUpLeg": [
      0.05675402856969946,
      0.057087289598335866,
      -0.015418196079902793,
      0.9966354904562987
    ],
    "RightFoot": [
      0.03866164253197497,
      0.23770350457911232,
      0.1227166115539565,
      0.9627787671922626
    ],
    "LeftHandIndex3": [
      -0.13224170425421106,
      -0.2653532022110576,
      0.010998068342097895,
      -0.9549758385556265
    ],
    "RightArm": [
      -0.1700159851560337,
      -0.14711524098754933,
      -0.6072912118713072,
      0.7620033166886335
    ],
    "Spine": [
      0.0042483152740165715,
      0.051446578350542824,
      -0.007484903627625697,
      0.9986386621851966
    ],
    "LeftToeBase": [
      0.005780923591391816,
      -0.20024284662922318,
      0.005104421812744505,
      0.979715942594696
    ],
    "RightShoulder": [
      -0.12153472845897753,
      0.13630813691112129,
      -0.07879542479543443,
      0.980020756219749
    ],
    "Spine1": [
      -0.013343584068135995,
      0.04649193287329292,
      -0.012985886678805016,
      0.9987451204832428
    ],
    "RightToeBase": [
      -0.023016595481628762,
      0.24506792374870587,
      0.1072569760776705,
      0.9632797569577634
    ],
    "LeftLeg": [
      -0.26384349673562896,
      0.01933032392290242,
      -0.011117531132285868,
      0.9643077041633934
    ],
    "LeftForeArm": [
      -0.28229222693013745,
      0.4425923455683206,
      0.5351548217042894,
      0.6618401854419286
    ],
    "LeftShoulder": [
      -0.13861258648654967,
      -0.016029680819130487,
      -0.002217760591896339,
      0.9902144624970405
    ],
    "LeftHandThumb2": [
      -0.37603407518525384,
      0.4810626401248214,
      0.3722089999685058,
      0.6990261589655659
    ],
    "Hips": [
      0.02204574854948175,
      0.05643588816080756,
      -0.005617681206743266,
      0.9981469917583549
    ],
    "RightForeArm": [
      -0.0267953859734463,
      -0.21620292939897778,
      -0.6423193455027725,
      0.7348225357205131
    ]
  },
  "metadata": {
    "fs": 120.0,
    "window_duration_sec": 1.0,
    "quat_order": "xyzw",
    "hemisphere_alignment_applied": true,
    "v_pose_correction_applied": true,
    "v_pose_correction_quat_xyzw": [
      0.5894426009832794,
      0.0,
      0.24895402880533088,
      0.7684915820538707
    ],
    "shoulder_joints": [
      "LeftShoulder",
      "RightShoulder"
    ],
    "time_window": [
      0.0,
      1.0
    ]
  }
}