{
    "Spine1__qx": 0.014510898126892493,
    "Spine1__qy": -0.014852973281362782,
    "Spine1__qz": 0.01681871584907542,
    "Spine1__qw": 0.999642913153213,
    "RightUpLeg__qx": -0.06290807176974365,
    "RightUpLeg__qy": -0.022550118499522674,
    "RightUpLeg__qz": 0.025779010426310627,
    "RightUpLeg__qw": 0.9974314559323415,
    "LeftHandThumb2__qx": 0.29712690936873887,
    "LeftHandThumb2__qy": -0.07661921922902698,
    "LeftHandThumb2__qz": -0.1394434958675675,
    "LeftHandThumb2__qw": 0.9414885057364999,
    "RightForeArm__qx": -0.028983013861550146,
    "RightForeArm__qy": -0.003973081469663069,
    "RightForeArm__qz": 0.1345196106673098,
    "RightForeArm__qw": 0.990479012335472,
    "LeftToeBase__qx": 0.0006279499625005897,
    "LeftToeBase__qy": 0.14432830815001252,
    "LeftToeBase__qz": -2.3191663524778025e-05,
    "LeftToeBase__qw": 0.9895296582758631,
    "Spine__qx": 0.007253109696984083,
    "Spine__qy": -0.014437777725752944,
    "Spine__qz": 0.014650652771052663,
    "Spine__qw": 0.9997621223808428,
    "RightToeBase__qx": 0.0020340749673859594,
    "RightToeBase__qy": -0.22119773027905953,
    "RightToeBase__qz": -0.010866991514998939,
    "RightToeBase__qw": 0.9751663115355413,
    "LeftForeArm__qx": 0.034145388583890955,
    "LeftForeArm__qy": -0.0663556254442654,
    "LeftForeArm__qz": -0.14776892263016528,
    "LeftForeArm__qw": 0.9862024989397846,
    "LeftHand__qx": -0.13807929793762277,
    "LeftHand__qy": 0.12352611699163536,
    "LeftHand__qz": -0.2055997862289696,
    "LeftHand__qw": 0.9609391936041656,
    "LeftLeg__qx": 0.22685757613756125,
    "LeftLeg__qy": -0.003863808505689725,
    "LeftLeg__qz": 0.00735495031032903,
    "LeftLeg__qw": 0.9738925073326905,
    "RightFoot__qx": -0.0003196416537592436,
    "RightFoot__qy": -0.22117084418814137,
    "RightFoot__qz": -0.01140091636983276,
    "RightFoot__qw": 0.9751683826992373,
    "RightLeg__qx": 0.24949271077431684,
    "RightLeg__qy": -0.013444576018276935,
    "RightLeg__qz": 0.03150096907736425,
    "RightLeg__qw": 0.9677707991013982,
    "LeftArm__qx": 0.11075874530623052,
    "LeftArm__qy": -0.0654076865970648,
    "LeftArm__qz": -0.1409532705556441,
    "LeftArm__qw": 0.981624424304875,
    "LeftShoulder__qx": 0.04523533891451306,
    "LeftShoulder__qy": 0.04685613940970364,
    "LeftShoulder__qz": 0.09827840522745297,
    "LeftShoulder__qw": 0.9930254887860916,
    "RightHand__qx": -0.2545731647566385,
    "RightHand__qy": -0.11133126624649542,
    "RightHand__qz": 0.1132413040040854,
    "RightHand__qw": 0.953925709900512,
    "LeftHandThumb1__qx": 0.26994365838678497,
    "LeftHandThumb1__qy": -0.14589454006436972,
    "LeftHandThumb1__qz": 0.09130747735219868,
    "LeftHandThumb1__qw": 0.9473690669721819,
    "RightArm__qx": 0.06922294079091323,
    "RightArm__qy": 0.006589893557576951,
    "RightArm__qz": 0.13406512480443897,
    "RightArm__qw": 0.9885298680780099,
    "Head__qx": -0.0434932793317566,
    "Head__qy": 0.043353262426291256,
    "Head__qz": -0.0954355724530447,
    "Head__qw": 0.9935395718342207,
    "Hips__qx": -2.8033340529379215e-05,
    "Hips__qy": -0.01404587629703725,
    "Hips__qz": 0.014138126322480163,
    "Hips__qw": 0.9998013932563157,
    "LeftHandIndex3__qx": -0.1222968689153337,
    "LeftHandIndex3__qy": -0.2249199649767547,
    "LeftHandIndex3__qz": -0.058420417621049346,
    "LeftHandIndex3__qw": 0.964904938329856,
    "LeftHandIndex1__qx": -0.1027601178966344,
    "LeftHandIndex1__qy": -0.2344906392197749,
    "LeftHandIndex1__qz": -0.14012761768647067,
    "LeftHandIndex1__qw": 0.9564615774037584,
    "RightShoulder__qx": 0.02312749766554381,
    "RightShoulder__qy": -0.1001367456268419,
    "RightShoulder__qz": -0.07783779839564368,
    "RightShoulder__qw": 0.9916546920011595,
    "LeftHandThumb3__qx": 0.2917794322837732,
    "LeftHandThumb3__qy": -0.09497259203462134,
    "LeftHandThumb3__qz": -0.08054788659496692,
    "LeftHandThumb3__qw": 0.9483443507626693,
    "LeftFoot__qx": 0.003876825095541264,
    "LeftFoot__qy": 0.14432743682634538,
    "LeftFoot__qz": -0.0004970750140424184,
    "LeftFoot__qw": 0.989522265602319,
    "LeftUpLeg__qx": -0.027518061034363453,
    "LeftUpLeg__qy": -0.00560257555002655,
    "LeftUpLeg__qz": 0.0061346172732130305,
    "LeftUpLeg__qw": 0.9995867815927872,
    "LeftHandIndex2__qx": -0.11663619882276825,
    "LeftHandIndex2__qy": -0.227906780834589,
    "LeftHandIndex2__qz": -0.08252225382962985,
    "LeftHandIndex2__qw": 0.9631430703673617,
    "Neck__qx": -0.01452638711479177,
    "Neck__qy": 0.014284795229978546,
    "Neck__qz": -0.039404016212204074,
    "Neck__qw": 0.9990156416237822
}