{
  "offsets_map": {
    "LeftHandIndex1": [
      0.1340204507208296,
      -0.004837984594127697,
      0.12948120824508755,
      0.9824712359173906
    ],
    "Head": [
      0.04420697111659186,
      0.03509993129652768,
      0.07988774785544796,
      0.9952043439767837
    ],
    "Spine": [
      0.007356157687216422,
      0.003559557446266831,
      -0.008252219974891046,
      0.9999325564058577
    ],
    "RightUpLeg": [
      0.04512834983500051,
      0.0027097467410981914,
      -0.025238909037879974,
      0.9986586437739107
    ],
    "LeftArm": [
      -0.08525467445724642,
      0.07916402566721878,
      0.13799680236675554,
      0.9835759147416633
    ],
    "RightHand": [
      0.24128555532580004,
      0.04319439958439171,
      -0.1579790869447487,
      0.9565344388592435
    ],
    "LeftHandIndex3": [
      0.13391719818259404,
      -0.007107465730854643,
      0.11282933345015869,
      0.9845228333944325
    ],
    "RightFoot": [
      -0.0021336971547017344,
      0.12806533047731264,
      0.0004551511133986914,
      0.9917633343210732
    ],
    "RightArm": [
      -0.049134770578507805,
      -0.05549134210966115,
      -0.12259019913316048,
      0.9896858735717905
    ],
    "LeftHandThumb3": [
      -0.21651006444075946,
      0.059483752379351364,
      0.02847716695009731,
      0.9740503714701958
    ],
    "LeftFoot": [
      -0.004428608736839475,
      -0.12801882846757479,
      -0.01333411789711626,
      0.9916722080820616
    ],
    "Hips": [
      0.016278489428527745,
      0.005797133601358157,
      -0.007953573327523576,
      0.9998190559772588
    ],
    "RightForeArm": [
      0.04342590098204027,
      -0.05874276788719832,
      -0.12923161759826077,
      0.9889199499240501
    ],
    "LeftToeBase": [
      -0.001238975048841416,
      -0.12797523908175962,
      -0.013745800617714899,
      0.9916813278912601
    ],
    "LeftShoulder": [
      -0.025646116754647275,
      -0.055632985407882876,
      -0.09190796351141761,
      0.9938813681084867
    ],
    "Neck": [
      0.021352474656651473,
      0.018236652382176963,
      0.03519378887960018,
      0.9989859326137815
    ],
    "LeftHand": [
      0.21470528854764592,
      -0.05054814959343977,
      0.1400195121236537,
      0.9652673514975038
    ],
    "RightLeg": [
      -0.25808106021476673,
      -0.005024010719099966,
      -0.02488006861606573,
      0.9657897845081901
    ],
    "RightShoulder": [
      -0.005698503857653888,
      0.07858872036200182,
      0.07981477183768881,
      0.9936905666665781
    ],
    "LeftHandThumb1": [
      -0.19822521315559344,
      0.10540456033360496,
      -0.18545749260389685,
      0.9566619894024088
    ],
    "LeftLeg": [
      -0.23299404529370055,
      -0.003266290372601893,
      0.0038416513650512477,
      0.9724650882780669
    ],
    "Spine1": [
      -0.0015617609643015905,
      0.0013221426114552106,
      -0.009598708292106321,
      0.9999518376605587
    ],
    "LeftUpLeg": [
      0.02076242451682103,
      -0.004131754707681791,
      0.002890306563347354,
      0.9997717221742115
    ],
    "RightToeBase": [
      -0.0004117262315220636,
      0.1280657027548514,
      0.0006773603684897007,
      0.991765369148544
    ],
    "LeftHandIndex2": [
      0.13395156657443663,
      -0.0064401455033325245,
      0.11773049925652632,
      0.9839486937249113
    ],
    "LeftHandThumb2": [
      -0.21882517178468402,
      0.05024590127055765,
      0.06970088440735853,
      0.9719736006249063
    ],
    "LeftForeArm": [
      -0.0038906759335429215,
      0.07976695314937701,
      0.14596523696858765,
      0.9860609744953652
    ]
  },
  "metadata": {
    "fs": 120.0,
    "window_duration_sec": 1.0,
    "quat_order": "xyzw",
    "hemisphere_alignment_applied": true,
    "v_pose_correction_applied": true,
    "v_pose_correction_quat_xyzw": [
      0.5676946360799121,
      1.7198483623226367e-17,
      -0.16310762048765123,
      0.8069192675261587
    ],
    "shoulder_joints": [
      "LeftShoulder",
      "RightShoulder"
    ],
    "time_window": [
      4.0,
      5.0
    ]
  }
}