{
    "RightUpLeg__qx": -0.011246000851040503,
    "RightUpLeg__qy": -0.0005457265838664715,
    "RightUpLeg__qz": 0.026526780809725203,
    "RightUpLeg__qw": 0.999584693533883,
    "LeftShoulder__qx": -0.002000301065224767,
    "LeftShoulder__qy": 0.053297905343299055,
    "LeftShoulder__qz": 0.11147882895277521,
    "LeftShoulder__qw": 0.9923345216090103,
    "RightArm__qx": 0.017347125252091065,
    "RightArm__qy": 0.05541995234765821,
    "RightArm__qz": 0.07882767018106372,
    "RightArm__qw": 0.9951954102291153,
    "RightHand__qx": -0.24509408624096823,
    "RightHand__qy": -0.061333864176423045,
    "RightHand__qz": 0.10257400720972946,
    "RightHand__qw": 0.9621047858938399,
    "Head__qx": -0.08983600945889593,
    "Head__qy": 0.0970461791229483,
    "Head__qz": -0.054579812122804876,
    "Head__qw": 0.9897133800402909,
    "LeftArm__qx": 0.07165358805324777,
    "LeftArm__qy": -0.0718239583800656,
    "LeftArm__qz": -0.0740869326999151,
    "LeftArm__qw": 0.9920777231269898,
    "LeftHandIndex1__qx": -0.03612005486206601,
    "LeftHandIndex1__qy": -0.012093471857135364,
    "LeftHandIndex1__qz": -0.13500079002371324,
    "LeftHandIndex1__qw": 0.9901130623662004,
    "LeftHandThumb3__qx": 0.30822264627968843,
    "LeftHandThumb3__qy": -0.06828615242032753,
    "LeftHandThumb3__qz": -0.06779107864709835,
    "LeftHandThumb3__qw": 0.9464355082961738,
    "RightForeArm__qx": -0.06290395174243861,
    "RightForeArm__qy": 0.04729114558470408,
    "RightForeArm__qz": 0.08288643868963122,
    "RightForeArm__qw": 0.9934467669109509,
    "RightToeBase__qx": 0.019076574025271315,
    "RightToeBase__qy": -0.1323984261652727,
    "RightToeBase__qz": -0.10161379759475543,
    "RightToeBase__qw": 0.9857897226136968,
    "LeftHandThumb1__qx": 0.2846060322095331,
    "LeftHandThumb1__qy": -0.13661142119954214,
    "LeftHandThumb1__qz": 0.1492850179762965,
    "LeftHandThumb1__qw": 0.9370436006054385,
    "LeftHandIndex2__qx": -0.0365555060763886,
    "LeftHandIndex2__qy": -0.010705805956941093,
    "LeftHandIndex2__qz": -0.09706979559542135,
    "LeftHandIndex2__qw": 0.9945484078099842,
    "Neck__qx": -0.05168027148154566,
    "Neck__qy": 0.04383172919924457,
    "Neck__qz": -0.018153694734888624,
    "Neck__qw": 0.9975361509351279,
    "Spine1__qx": -0.013231412572774846,
    "Spine1__qy": -0.009631235002129604,
    "Spine1__qz": 0.01837553169396484,
    "Spine1__qw": 0.9996972085929954,
    "LeftHand__qx": -0.11587460699897967,
    "LeftHand__qy": 0.05393323647029541,
    "LeftHand__qz": -0.16408395485223967,
    "LeftHand__qw": 0.9781312474390742,
    "LeftHandIndex3__qx": -0.036721178281298894,
    "LeftHandIndex3__qy": -0.010122837412623514,
    "LeftHandIndex3__qz": -0.08122030815533154,
    "LeftHandIndex3__qw": 0.995968044051366,
    "RightLeg__qx": 0.23128786905396095,
    "RightLeg__qy": 0.005898712788739132,
    "RightLeg__qz": 0.025866892535183116,
    "RightLeg__qw": 0.9725235373431778,
    "Spine__qx": -0.022437543841015307,
    "Spine__qy": -0.013421806037546443,
    "Spine__qz": 0.01689102053585775,
    "Spine__qw": 0.9995154351856355,
    "LeftHandThumb2__qx": 0.31059187070500704,
    "LeftHandThumb2__qy": -0.056536726962301616,
    "LeftHandThumb2__qz": -0.10366969925320217,
    "LeftHandThumb2__qw": 0.9431801958338104,
    "RightFoot__qx": -0.03651194863247555,
    "RightFoot__qy": -0.12646106961318393,
    "RightFoot__qz": -0.10891419559162797,
    "RightFoot__qw": 0.9852980125210735,
    "Hips__qx": -0.031660277076203246,
    "Hips__qy": -0.01719626901244482,
    "Hips__qz": 0.016530566408643782,
    "Hips__qw": 0.999214018897713,
    "LeftUpLeg__qx": -6.704189884590421e-05,
    "LeftUpLeg__qy": -0.0030647503735107156,
    "LeftUpLeg__qz": -0.006223884462917299,
    "LeftUpLeg__qw": 0.9999759327467458,
    "LeftFoot__qx": 0.012492031201492369,
    "LeftFoot__qy": 0.11297287234430209,
    "LeftFoot__qz": -0.002951884773721608,
    "LeftFoot__qw": 0.993515156224112,
    "LeftLeg__qx": 0.24164558866834654,
    "LeftLeg__qy": -0.004477621389133857,
    "LeftLeg__qz": -0.005299432128636135,
    "LeftLeg__qw": 0.9703397736890609,
    "LeftToeBase__qx": 0.007508868965976236,
    "LeftToeBase__qy": 0.11298612622704565,
    "LeftToeBase__qz": -0.0023852507290704796,
    "LeftToeBase__qw": 0.9935653288767767,
    "LeftForeArm__qx": 0.03100615476806329,
    "LeftForeArm__qy": -0.07497543416445115,
    "LeftForeArm__qz": -0.07763241060830878,
    "LeftForeArm__qw": 0.9936752545281049,
    "RightShoulder__qx": -0.0300065049396102,
    "RightShoulder__qy": -0.08829605635584058,
    "RightShoulder__qz": -0.08574841061882627,
    "RightShoulder__qw": 0.9919428542863045
}