{
    "LeftHandIndex1__qx": -0.1340204507208296,
    "LeftHandIndex1__qy": 0.004837984594127697,
    "LeftHandIndex1__qz": -0.12948120824508755,
    "LeftHandIndex1__qw": 0.9824712359173906,
    "Head__qx": -0.04420697111659186,
    "Head__qy": -0.03509993129652768,
    "Head__qz": -0.07988774785544796,
    "Head__qw": 0.9952043439767837,
    "Spine__qx": -0.007356157687216422,
    "Spine__qy": -0.003559557446266831,
    "Spine__qz": 0.008252219974891046,
    "Spine__qw": 0.9999325564058577,
    "RightUpLeg__qx": -0.04512834983500051,
    "RightUpLeg__qy": -0.0027097467410981914,
    "RightUpLeg__qz": 0.025238909037879974,
    "RightUpLeg__qw": 0.9986586437739107,
    "LeftArm__qx": 0.08525467445724642,
    "LeftArm__qy": -0.07916402566721878,
    "LeftArm__qz": -0.13799680236675554,
    "LeftArm__qw": 0.9835759147416633,
    "RightHand__qx": -0.24128555532580004,
    "RightHand__qy": -0.04319439958439171,
    "RightHand__qz": 0.1579790869447487,
    "RightHand__qw": 0.9565344388592435,
    "LeftHandIndex3__qx": -0.13391719818259404,
    "LeftHandIndex3__qy": 0.007107465730854643,
    "LeftHandIndex3__qz": -0.11282933345015869,
    "LeftHandIndex3__qw": 0.9845228333944325,
    "RightFoot__qx": 0.0021336971547017344,
    "RightFoot__qy": -0.12806533047731264,
    "RightFoot__qz": -0.0004551511133986914,
    "RightFoot__qw": 0.9917633343210732,
    "RightArm__qx": 0.049134770578507805,
    "RightArm__qy": 0.05549134210966115,
    "RightArm__qz": 0.12259019913316048,
    "RightArm__qw": 0.9896858735717905,
    "LeftHandThumb3__qx": 0.21651006444075946,
    "LeftHandThumb3__qy": -0.059483752379351364,
    "LeftHandThumb3__qz": -0.02847716695009731,
    "LeftHandThumb3__qw": 0.9740503714701958,
    "LeftFoot__qx": 0.004428608736839475,
    "LeftFoot__qy": 0.12801882846757479,
    "LeftFoot__qz": 0.01333411789711626,
    "LeftFoot__qw": 0.9916722080820616,
    "Hips__qx": -0.016278489428527745,
    "Hips__qy": -0.005797133601358157,
    "Hips__qz": 0.007953573327523576,
    "Hips__qw": 0.9998190559772588,
    "RightForeArm__qx": -0.04342590098204027,
    "RightForeArm__qy": 0.05874276788719832,
    "RightForeArm__qz": 0.12923161759826077,
    "RightForeArm__qw": 0.9889199499240501,
    "LeftToeBase__qx": 0.001238975048841416,
    "LeftToeBase__qy": 0.12797523908175962,
    "LeftToeBase__qz": 0.013745800617714899,
    "LeftToeBase__qw": 0.9916813278912601,
    "LeftShoulder__qx": 0.025646116754647275,
    "LeftShoulder__qy": 0.055632985407882876,
    "LeftShoulder__qz": 0.09190796351141761,
    "LeftShoulder__qw": 0.9938813681084867,
    "Neck__qx": -0.021352474656651473,
    "Neck__qy": -0.018236652382176963,
    "Neck__qz": -0.03519378887960018,
    "Neck__qw": 0.9989859326137815,
    "LeftHand__qx": -0.21470528854764592,
    "LeftHand__qy": 0.05054814959343977,
    "LeftHand__qz": -0.1400195121236537,
    "LeftHand__qw": 0.9652673514975038,
    "RightLeg__qx": 0.25808106021476673,
    "RightLeg__qy": 0.005024010719099966,
    "RightLeg__qz": 0.02488006861606573,
    "RightLeg__qw": 0.9657897845081901,
    "RightShoulder__qx": 0.005698503857653888,
    "RightShoulder__qy": -0.07858872036200182,
    "RightShoulder__qz": -0.07981477183768881,
    "RightShoulder__qw": 0.9936905666665781,
    "LeftHandThumb1__qx": 0.19822521315559344,
    "LeftHandThumb1__qy": -0.10540456033360496,
    "LeftHandThumb1__qz": 0.18545749260389685,
    "LeftHandThumb1__qw": 0.9566619894024088,
    "LeftLeg__qx": 0.23299404529370055,
    "LeftLeg__qy": 0.003266290372601893,
    "LeftLeg__qz": -0.0038416513650512477,
    "LeftLeg__qw": 0.9724650882780669,
    "Spine1__qx": 0.0015617609643015905,
    "Spine1__qy": -0.0013221426114552106,
    "Spine1__qz": 0.009598708292106321,
    "Spine1__qw": 0.9999518376605587,
    "LeftUpLeg__qx": -0.02076242451682103,
    "LeftUpLeg__qy": 0.004131754707681791,
    "LeftUpLeg__qz": -0.002890306563347354,
    "LeftUpLeg__qw": 0.9997717221742115,
    "RightToeBase__qx": 0.0004117262315220636,
    "RightToeBase__qy": -0.1280657027548514,
    "RightToeBase__qz": -0.0006773603684897007,
    "RightToeBase__qw": 0.991765369148544,
    "LeftHandIndex2__qx": -0.13395156657443663,
    "LeftHandIndex2__qy": 0.0064401455033325245,
    "LeftHandIndex2__qz": -0.11773049925652632,
    "LeftHandIndex2__qw": 0.9839486937249113,
    "LeftHandThumb2__qx": 0.21882517178468402,
    "LeftHandThumb2__qy": -0.05024590127055765,
    "LeftHandThumb2__qz": -0.06970088440735853,
    "LeftHandThumb2__qw": 0.9719736006249063,
    "LeftForeArm__qx": 0.0038906759335429215,
    "LeftForeArm__qy": -0.07976695314937701,
    "LeftForeArm__qz": -0.14596523696858765,
    "LeftForeArm__qw": 0.9860609744953652
}