{
  "offsets_map": {
    "RightUpLeg": [
      0.011246000851040503,
      0.0005457265838664715,
      -0.026526780809725203,
      0.999584693533883
    ],
    "LeftShoulder": [
      0.002000301065224767,
      -0.053297905343299055,
      -0.11147882895277521,
      0.9923345216090103
    ],
    "RightArm": [
      -0.017347125252091065,
      -0.05541995234765821,
      -0.07882767018106372,
      0.9951954102291153
    ],
    "RightHand": [
      0.24509408624096823,
      0.061333864176423045,
      -0.10257400720972946,
      0.9621047858938399
    ],
    "Head": [
      0.08983600945889593,
      -0.0970461791229483,
      0.054579812122804876,
      0.9897133800402909
    ],
    "LeftArm": [
      -0.07165358805324777,
      0.0718239583800656,
      0.0740869326999151,
      0.9920777231269898
    ],
    "LeftHandIndex1": [
      0.03612005486206601,
      0.012093471857135364,
      0.13500079002371324,
      0.9901130623662004
    ],
    "LeftHandThumb3": [
      -0.30822264627968843,
      0.06828615242032753,
      0.06779107864709835,
      0.9464355082961738
    ],
    "RightForeArm": [
      0.06290395174243861,
      -0.04729114558470408,
      -0.08288643868963122,
      0.9934467669109509
    ],
    "RightToeBase": [
      -0.019076574025271315,
      0.1323984261652727,
      0.10161379759475543,
      0.9857897226136968
    ],
    "LeftHandThumb1": [
      -0.2846060322095331,
      0.13661142119954214,
      -0.1492850179762965,
      0.9370436006054385
    ],
    "LeftHandIndex2": [
      0.0365555060763886,
      0.010705805956941093,
      0.09706979559542135,
      0.9945484078099842
    ],
    "Neck": [
      0.05168027148154566,
      -0.04383172919924457,
      0.018153694734888624,
      0.9975361509351279
    ],
    "Spine1": [
      0.013231412572774846,
      0.009631235002129604,
      -0.01837553169396484,
      0.9996972085929954
    ],
    "LeftHand": [
      0.11587460699897967,
      -0.05393323647029541,
      0.16408395485223967,
      0.9781312474390742
    ],
    "LeftHandIndex3": [
      0.036721178281298894,
      0.010122837412623514,
      0.08122030815533154,
      0.995968044051366
    ],
    "RightLeg": [
      -0.23128786905396095,
      -0.005898712788739132,
      -0.025866892535183116,
      0.9725235373431778
    ],
    "Spine": [
      0.022437543841015307,
      0.013421806037546443,
      -0.01689102053585775,
      0.9995154351856355
    ],
    "LeftHandThumb2": [
      -0.31059187070500704,
      0.056536726962301616,
      0.10366969925320217,
      0.9431801958338104
    ],
    "RightFoot": [
      0.03651194863247555,
      0.12646106961318393,
      0.10891419559162797,
      0.9852980125210735
    ],
    "Hips": [
      0.031660277076203246,
      0.01719626901244482,
      -0.016530566408643782,
      0.999214018897713
    ],
    "LeftUpLeg": [
      6.704189884590421e-05,
      0.0030647503735107156,
      0.006223884462917299,
      0.9999759327467458
    ],
    "LeftFoot": [
      -0.012492031201492369,
      -0.11297287234430209,
      0.002951884773721608,
      0.993515156224112
    ],
    "LeftLeg": [
      -0.24164558866834654,
      0.004477621389133857,
      0.005299432128636135,
      0.9703397736890609
    ],
    "LeftToeBase": [
      -0.007508868965976236,
      -0.11298612622704565,
      0.0023852507290704796,
      0.9935653288767767
    ],
    "LeftForeArm": [
      -0.03100615476806329,
      0.07497543416445115,
      0.07763241060830878,
      0.9936752545281049
    ],
    "RightShoulder": [
      0.0300065049396102,
      0.08829605635584058,
      0.08574841061882627,
      0.9919428542863045
    ]
  },
  "metadata": {
    "fs": 120.0,
    "window_duration_sec": 1.0,
    "quat_order": "xyzw",
    "hemisphere_alignment_applied": true,
    "v_pose_correction_applied": true,
    "v_pose_correction_quat_xyzw": [
      0.6712708105175457,
      0.0,
      -0.09588158187890619,
      0.7349845040567291
    ],
    "shoulder_joints": [
      "LeftShoulder",
      "RightShoulder"
    ],
    "time_window": [
      0.6,
      1.6
    ]
  }
}