{
    "Hips__qx": 0.053289857164515654,
    "Hips__qy": -0.007620082792546542,
    "Hips__qz": 0.0005499720132989603,
    "Hips__qw": 0.9985493297251278,
    "Spine__qx": 0.04298628942008075,
    "Spine__qy": -0.007581071148077469,
    "Spine__qz": 0.001011590562279721,
    "Spine__qw": 0.9990456857550299,
    "Spine1__qx": 0.03266149895519199,
    "Spine1__qy": -0.0076115136656762904,
    "Spine1__qz": 0.003622688825318936,
    "Spine1__qw": 0.9994292644729269,
    "Neck__qx": 0.07608396571596962,
    "Neck__qy": -0.0311452882430079,
    "Neck__qz": -0.006587011914951126,
    "Neck__qw": 0.9965855706088576,
    "Head__qx": 0.11931089844443671,
    "Head__qy": -0.05459906252811735,
    "Head__qz": -0.01677981439751943,
    "Head__qw": 0.9911886808223626,
    "LeftShoulder__qx": 0.08249980195823452,
    "LeftShoulder__qy": 0.0824072571391889,
    "LeftShoulder__qz": 0.019706228975033505,
    "LeftShoulder__qw": 0.9929678698113448,
    "LeftArm__qx": 0.14126401639807099,
    "LeftArm__qy": -0.16291091674185978,
    "LeftArm__qz": -0.33717686797352187,
    "LeftArm__qw": 0.9162850122735708,
    "LeftForeArm__qx": -0.005955876727648944,
    "LeftForeArm__qy": -0.20257124661262169,
    "LeftForeArm__qz": -0.37764647794982564,
    "LeftForeArm__qw": 0.9030831476963739,
    "LeftHand__qx": 0.020292512965361262,
    "LeftHand__qy": -0.11484641287036636,
    "LeftHand__qz": -0.4094240617590485,
    "LeftHand__qw": 0.9044975986260764,
    "RightShoulder__qx": 0.08719445400444804,
    "RightShoulder__qy": -0.05286035730374939,
    "RightShoulder__qz": -0.007368665903583949,
    "RightShoulder__qw": 0.9947484055978306,
    "RightArm__qx": 0.15683395543518383,
    "RightArm__qy": 0.17313550923010743,
    "RightArm__qz": 0.3144890118661736,
    "RightArm__qw": 0.9199640618608421,
    "RightForeArm__qx": 0.0653457243163752,
    "RightForeArm__qy": 0.22025711860579564,
    "RightForeArm__qz": 0.3426067656623997,
    "RightForeArm__qw": 0.9104831758218116,
    "RightHand__qx": -0.11506668613254548,
    "RightHand__qy": 0.02926707327286962,
    "RightHand__qz": 0.4274268753032565,
    "RightHand__qw": 0.8956750554009952,
    "LeftUpLeg__qx": 0.06206587301099429,
    "LeftUpLeg__qy": -0.019417130233994013,
    "LeftUpLeg__qz": 0.014484566145245683,
    "LeftUpLeg__qw": 0.9977759489295167,
    "LeftLeg__qx": -0.005770111035640256,
    "LeftLeg__qy": -0.02035500381846158,
    "LeftLeg__qz": 0.013133884887874401,
    "LeftLeg__qw": 0.9996874752010603,
    "LeftFoot__qx": 0.003382156685860824,
    "LeftFoot__qy": -0.038258412160214125,
    "LeftFoot__qz": -0.026021836839178775,
    "LeftFoot__qw": 0.9989227961559903,
    "LeftToeBase__qx": 0.00931946379909294,
    "LeftToeBase__qy": -0.03841263885338365,
    "LeftToeBase__qz": -0.025793881069307762,
    "LeftToeBase__qw": 0.9988850444439327,
    "RightUpLeg__qx": 0.06910313674006711,
    "RightUpLeg__qy": -0.007133468909536097,
    "RightUpLeg__qz": -0.01607166287548158,
    "RightUpLeg__qw": 0.9974525385546333,
    "RightLeg__qx": 0.036439068267362255,
    "RightLeg__qy": -0.006603985190375583,
    "RightLeg__qz": -0.01629650720955074,
    "RightLeg__qw": 0.9991790481181744,
    "RightFoot__qx": 0.02182863078317331,
    "RightFoot__qy": -0.0961671028710757,
    "RightFoot__qz": 0.021915763902273906,
    "RightFoot__qw": 0.994884103605951,
    "RightToeBase__qx": -0.012785473907691792,
    "RightToeBase__qy": -0.09687116435940119,
    "RightToeBase__qz": 0.01855797430921932,
    "RightToeBase__qw": 0.9950415463119261
}