{
    "omega_method": "sg_dqdt_quat_internal_only",
    "sg_window_sec": 0.175,
    "sg_polyorder": 3,
    "fs": 120.0,
    "quat_order": "xyzw",
    "Pelvis_Global_Orientation (World Space)_hemisphere_flips": 0,
    "Pelvis_Global_Orientation (World Space)_quat_norm_err": 2.220446049250313e-16,
    "Pelvis_Global_Orientation (World Space)_vel_residual_rms": 18.251403865065537,
    "Pelvis_Global_Orientation (World Space)_dom_freq": 0.008215239268843705,
    "Lumbar_Angle_hemisphere_flips": 0,
    "Lumbar_Angle_quat_norm_err": 1.1102230246251565e-16,
    "Lumbar_Angle_vel_residual_rms": 9.456295663793217,
    "Lumbar_Angle_dom_freq": 0.008215239268843705,
    "Thoracic_Angle_hemisphere_flips": 0,
    "Thoracic_Angle_quat_norm_err": 2.220446049250313e-16,
    "Thoracic_Angle_vel_residual_rms": 12.959633370787147,
    "Thoracic_Angle_dom_freq": 0.008215239268843705,
    "Neck_Base_Angle_hemisphere_flips": 0,
    "Neck_Base_Angle_quat_norm_err": 2.220446049250313e-16,
    "Neck_Base_Angle_vel_residual_rms": 17.265121099989216,
    "Neck_Base_Angle_dom_freq": 0.01643047853768741,
    "Head_Angle_hemisphere_flips": 0,
    "Head_Angle_quat_norm_err": 1.1102230246251565e-16,
    "Head_Angle_vel_residual_rms": 17.265058440961493,
    "Head_Angle_dom_freq": 0.01643047853768741,
    "LeftHip_Angle_hemisphere_flips": 0,
    "LeftHip_Angle_quat_norm_err": 2.220446049250313e-16,
    "LeftHip_Angle_vel_residual_rms": 24.98952378620545,
    "LeftHip_Angle_dom_freq": 0.008215239268843705,
    "LeftKnee_Angle_hemisphere_flips": 0,
    "LeftKnee_Angle_quat_norm_err": 2.220446049250313e-16,
    "LeftKnee_Angle_vel_residual_rms": 15.365746535613333,
    "LeftKnee_Angle_dom_freq": 0.049291435613062234,
    "LeftAnkle_Angle_hemisphere_flips": 0,
    "LeftAnkle_Angle_quat_norm_err": 1.1102230246251565e-16,
    "LeftAnkle_Angle_vel_residual_rms": 26.569344807754334,
    "LeftAnkle_Angle_dom_freq": 0.024645717806531117,
    "LeftToe_Angle_hemisphere_flips": 0,
    "LeftToe_Angle_quat_norm_err": 1.1102230246251565e-16,
    "LeftToe_Angle_vel_residual_rms": 14.699734723180008,
    "LeftToe_Angle_dom_freq": 0.024645717806531117,
    "RightHip_Angle_hemisphere_flips": 0,
    "RightHip_Angle_quat_norm_err": 2.220446049250313e-16,
    "RightHip_Angle_vel_residual_rms": 23.147589577826096,
    "RightHip_Angle_dom_freq": 0.008215239268843705,
    "RightKnee_Angle_hemisphere_flips": 0,
    "RightKnee_Angle_quat_norm_err": 1.1102230246251565e-16,
    "RightKnee_Angle_vel_residual_rms": 15.539295886371292,
    "RightKnee_Angle_dom_freq": 0.07393715341959335,
    "RightAnkle_Angle_hemisphere_flips": 0,
    "RightAnkle_Angle_quat_norm_err": 2.220446049250313e-16,
    "RightAnkle_Angle_vel_residual_rms": 30.02048402010503,
    "RightAnkle_Angle_dom_freq": 0.008215239268843705,
    "RightToe_Angle_hemisphere_flips": 0,
    "RightToe_Angle_quat_norm_err": 1.1102230246251565e-16,
    "RightToe_Angle_vel_residual_rms": 15.546975333310003,
    "RightToe_Angle_dom_freq": 0.008215239268843705,
    "LeftClavicle_Angle_hemisphere_flips": 0,
    "LeftClavicle_Angle_quat_norm_err": 2.220446049250313e-16,
    "LeftClavicle_Angle_vel_residual_rms": 31.801740681816643,
    "LeftClavicle_Angle_dom_freq": 0.008215239268843705,
    "LeftShoulder_Joint_Angle_hemisphere_flips": 0,
    "LeftShoulder_Joint_Angle_quat_norm_err": 1.1102230246251565e-16,
    "LeftShoulder_Joint_Angle_vel_residual_rms": 52.853895468344476,
    "LeftShoulder_Joint_Angle_dom_freq": 0.008215239268843705,
    "LeftElbow_Angle_hemisphere_flips": 0,
    "LeftElbow_Angle_quat_norm_err": 2.220446049250313e-16,
    "LeftElbow_Angle_vel_residual_rms": 134.91561918330171,
    "LeftElbow_Angle_dom_freq": 0.01643047853768741,
    "LeftWrist_Angle_hemisphere_flips": 2,
    "LeftWrist_Angle_quat_norm_err": 2.220446049250313e-16,
    "LeftWrist_Angle_vel_residual_rms": 163.389548477807,
    "LeftWrist_Angle_dom_freq": 0.01643047853768741,
    "RightClavicle_Angle_hemisphere_flips": 0,
    "RightClavicle_Angle_quat_norm_err": 2.220446049250313e-16,
    "RightClavicle_Angle_vel_residual_rms": 27.74557797678968,
    "RightClavicle_Angle_dom_freq": 0.008215239268843705,
    "RightShoulder_Joint_Angle_hemisphere_flips": 0,
    "RightShoulder_Joint_Angle_quat_norm_err": 2.220446049250313e-16,
    "RightShoulder_Joint_Angle_vel_residual_rms": 44.163339178794494,
    "RightShoulder_Joint_Angle_dom_freq": 0.008215239268843705,
    "RightElbow_Angle_hemisphere_flips": 0,
    "RightElbow_Angle_quat_norm_err": 2.220446049250313e-16,
    "RightElbow_Angle_vel_residual_rms": 119.48721860203912,
    "RightElbow_Angle_dom_freq": 0.008215239268843705,
    "RightWrist_Angle_hemisphere_flips": 0,
    "RightWrist_Angle_quat_norm_err": 2.220446049250313e-16,
    "RightWrist_Angle_vel_residual_rms": 136.02907726059405,
    "RightWrist_Angle_dom_freq": 0.07393715341959335,
    "L_Thumb1_hemisphere_flips": 0,
    "L_Thumb1_quat_norm_err": 1.1102230246251565e-16,
    "L_Thumb1_vel_residual_rms": 0.008026309592509242,
    "L_Thumb1_dom_freq": 13.957691517765456,
    "L_Thumb2_hemisphere_flips": 0,
    "L_Thumb2_quat_norm_err": 1.1102230246251565e-16,
    "L_Thumb2_vel_residual_rms": 0.007960699863003965,
    "L_Thumb2_dom_freq": 0.5339905524748408,
    "L_Thumb3_hemisphere_flips": 0,
    "L_Thumb3_quat_norm_err": 1.1102230246251565e-16,
    "L_Thumb3_vel_residual_rms": 0.0012411380655119224,
    "L_Thumb3_dom_freq": 0.1725200246457178,
    "L_Index1_hemisphere_flips": 0,
    "L_Index1_quat_norm_err": 1.1102230246251565e-16,
    "L_Index1_vel_residual_rms": 0.007961052950512894,
    "L_Index1_dom_freq": 0.6818648593140275,
    "L_Index2_hemisphere_flips": 0,
    "L_Index2_quat_norm_err": 1.1102230246251565e-16,
    "L_Index2_vel_residual_rms": 0.001112994810454991,
    "L_Index2_dom_freq": 0.9693982337235572,
    "L_Index3_hemisphere_flips": 0,
    "L_Index3_quat_norm_err": 1.1102230246251565e-16,
    "L_Index3_vel_residual_rms": 0.0010721252086379348,
    "L_Index3_dom_freq": 0.8133086876155268
}