{
    "omega_method": "sg_dqdt_quat_internal_only",
    "sg_window_sec": 0.175,
    "sg_polyorder": 3,
    "fs": 120.0,
    "quat_order": "xyzw",
    "Pelvis_Global_Orientation (World Space)_hemisphere_flips": 0,
    "Pelvis_Global_Orientation (World Space)_quat_norm_err": 2.220446049250313e-16,
    "Pelvis_Global_Orientation (World Space)_vel_residual_rms": 18.598997207059817,
    "Pelvis_Global_Orientation (World Space)_dom_freq": 0.008158270446665308,
    "Lumbar_Angle_hemisphere_flips": 0,
    "Lumbar_Angle_quat_norm_err": 2.220446049250313e-16,
    "Lumbar_Angle_vel_residual_rms": 10.081176326313578,
    "Lumbar_Angle_dom_freq": 0.008158270446665308,
    "Thoracic_Angle_hemisphere_flips": 0,
    "Thoracic_Angle_quat_norm_err": 1.1102230246251565e-16,
    "Thoracic_Angle_vel_residual_rms": 12.771146179100258,
    "Thoracic_Angle_dom_freq": 0.008158270446665308,
    "Neck_Base_Angle_hemisphere_flips": 0,
    "Neck_Base_Angle_quat_norm_err": 1.1102230246251565e-16,
    "Neck_Base_Angle_vel_residual_rms": 17.355659456197227,
    "Neck_Base_Angle_dom_freq": 0.008158270446665308,
    "Head_Angle_hemisphere_flips": 0,
    "Head_Angle_quat_norm_err": 1.1102230246251565e-16,
    "Head_Angle_vel_residual_rms": 17.35567965128219,
    "Head_Angle_dom_freq": 0.008158270446665308,
    "LeftHip_Angle_hemisphere_flips": 0,
    "LeftHip_Angle_quat_norm_err": 2.220446049250313e-16,
    "LeftHip_Angle_vel_residual_rms": 26.137615713742495,
    "LeftHip_Angle_dom_freq": 0.008158270446665308,
    "LeftKnee_Angle_hemisphere_flips": 0,
    "LeftKnee_Angle_quat_norm_err": 1.1102230246251565e-16,
    "LeftKnee_Angle_vel_residual_rms": 17.750446055555745,
    "LeftKnee_Angle_dom_freq": 0.008158270446665308,
    "LeftAnkle_Angle_hemisphere_flips": 0,
    "LeftAnkle_Angle_quat_norm_err": 1.1102230246251565e-16,
    "LeftAnkle_Angle_vel_residual_rms": 26.913642316869012,
    "LeftAnkle_Angle_dom_freq": 0.008158270446665308,
    "LeftToe_Angle_hemisphere_flips": 0,
    "LeftToe_Angle_quat_norm_err": 1.1102230246251565e-16,
    "LeftToe_Angle_vel_residual_rms": 9.173369321285675,
    "LeftToe_Angle_dom_freq": 0.008158270446665308,
    "RightHip_Angle_hemisphere_flips": 0,
    "RightHip_Angle_quat_norm_err": 2.220446049250313e-16,
    "RightHip_Angle_vel_residual_rms": 26.673272932528263,
    "RightHip_Angle_dom_freq": 0.008158270446665308,
    "RightKnee_Angle_hemisphere_flips": 0,
    "RightKnee_Angle_quat_norm_err": 2.220446049250313e-16,
    "RightKnee_Angle_vel_residual_rms": 17.567144732426335,
    "RightKnee_Angle_dom_freq": 0.008158270446665308,
    "RightAnkle_Angle_hemisphere_flips": 0,
    "RightAnkle_Angle_quat_norm_err": 2.220446049250313e-16,
    "RightAnkle_Angle_vel_residual_rms": 30.526530917679647,
    "RightAnkle_Angle_dom_freq": 0.008158270446665308,
    "RightToe_Angle_hemisphere_flips": 0,
    "RightToe_Angle_quat_norm_err": 1.1102230246251565e-16,
    "RightToe_Angle_vel_residual_rms": 16.855596868319065,
    "RightToe_Angle_dom_freq": 0.008158270446665308,
    "LeftClavicle_Angle_hemisphere_flips": 0,
    "LeftClavicle_Angle_quat_norm_err": 1.1102230246251565e-16,
    "LeftClavicle_Angle_vel_residual_rms": 36.72350739546003,
    "LeftClavicle_Angle_dom_freq": 0.008158270446665308,
    "LeftShoulder_Joint_Angle_hemisphere_flips": 0,
    "LeftShoulder_Joint_Angle_quat_norm_err": 2.220446049250313e-16,
    "LeftShoulder_Joint_Angle_vel_residual_rms": 52.96768926826872,
    "LeftShoulder_Joint_Angle_dom_freq": 0.08158270446665308,
    "LeftElbow_Angle_hemisphere_flips": 0,
    "LeftElbow_Angle_quat_norm_err": 2.220446049250313e-16,
    "LeftElbow_Angle_vel_residual_rms": 119.33034846226961,
    "LeftElbow_Angle_dom_freq": 0.03263308178666123,
    "LeftWrist_Angle_hemisphere_flips": 0,
    "LeftWrist_Angle_quat_norm_err": 2.220446049250313e-16,
    "LeftWrist_Angle_vel_residual_rms": 160.9758408802041,
    "LeftWrist_Angle_dom_freq": 0.048949622679991846,
    "RightClavicle_Angle_hemisphere_flips": 0,
    "RightClavicle_Angle_quat_norm_err": 1.1102230246251565e-16,
    "RightClavicle_Angle_vel_residual_rms": 31.692638029428544,
    "RightClavicle_Angle_dom_freq": 0.024474811339995923,
    "RightShoulder_Joint_Angle_hemisphere_flips": 0,
    "RightShoulder_Joint_Angle_quat_norm_err": 2.220446049250313e-16,
    "RightShoulder_Joint_Angle_vel_residual_rms": 54.81602369946576,
    "RightShoulder_Joint_Angle_dom_freq": 0.008158270446665308,
    "RightElbow_Angle_hemisphere_flips": 0,
    "RightElbow_Angle_quat_norm_err": 2.220446049250313e-16,
    "RightElbow_Angle_vel_residual_rms": 152.57404984112083,
    "RightElbow_Angle_dom_freq": 0.03263308178666123,
    "RightWrist_Angle_hemisphere_flips": 1,
    "RightWrist_Angle_quat_norm_err": 2.220446049250313e-16,
    "RightWrist_Angle_vel_residual_rms": 176.21477558882236,
    "RightWrist_Angle_dom_freq": 0.3589638996532735,
    "L_Thumb1_hemisphere_flips": 0,
    "L_Thumb1_quat_norm_err": 1.1102230246251565e-16,
    "L_Thumb1_vel_residual_rms": 0.008089222608230896,
    "L_Thumb1_dom_freq": 1.191107485213135,
    "L_Thumb2_hemisphere_flips": 0,
    "L_Thumb2_quat_norm_err": 1.1102230246251565e-16,
    "L_Thumb2_vel_residual_rms": 0.00801066511934977,
    "L_Thumb2_dom_freq": 0.717927799306547,
    "L_Thumb3_hemisphere_flips": 0,
    "L_Thumb3_quat_norm_err": 1.1102230246251565e-16,
    "L_Thumb3_vel_residual_rms": 0.001194492768900749,
    "L_Thumb3_dom_freq": 0.37528044054660414,
    "L_Index1_hemisphere_flips": 0,
    "L_Index1_quat_norm_err": 1.1102230246251565e-16,
    "L_Index1_vel_residual_rms": 0.007997333805654969,
    "L_Index1_dom_freq": 0.8647766673465226,
    "L_Index2_hemisphere_flips": 0,
    "L_Index2_quat_norm_err": 1.1102230246251565e-16,
    "L_Index2_vel_residual_rms": 0.0011664548161063018,
    "L_Index2_dom_freq": 0.03263308178666123,
    "L_Index3_hemisphere_flips": 0,
    "L_Index3_quat_norm_err": 1.1102230246251565e-16,
    "L_Index3_vel_residual_rms": 0.0011340895439258254,
    "L_Index3_dom_freq": 0.13869059759331023
}