{
    "omega_method": "sg_dqdt_quat_internal_only",
    "sg_window_sec": 0.175,
    "sg_polyorder": 3,
    "fs": 120.0,
    "quat_order": "xyzw",
    "Pelvis_Global_Orientation (World Space)_hemisphere_flips": 0,
    "Pelvis_Global_Orientation (World Space)_quat_norm_err": 2.220446049250313e-16,
    "Pelvis_Global_Orientation (World Space)_vel_residual_rms": 6.032724809609002,
    "Pelvis_Global_Orientation (World Space)_dom_freq": 0.003956478733926805,
    "Lumbar_Angle_hemisphere_flips": 0,
    "Lumbar_Angle_quat_norm_err": 1.1102230246251565e-16,
    "Lumbar_Angle_vel_residual_rms": 4.299180229553106,
    "Lumbar_Angle_dom_freq": 0.003956478733926805,
    "Thoracic_Angle_hemisphere_flips": 0,
    "Thoracic_Angle_quat_norm_err": 1.1102230246251565e-16,
    "Thoracic_Angle_vel_residual_rms": 5.061349023561152,
    "Thoracic_Angle_dom_freq": 0.003956478733926805,
    "Neck_Base_Angle_hemisphere_flips": 0,
    "Neck_Base_Angle_quat_norm_err": 1.1102230246251565e-16,
    "Neck_Base_Angle_vel_residual_rms": 6.392548062724692,
    "Neck_Base_Angle_dom_freq": 0.003956478733926805,
    "Head_Angle_hemisphere_flips": 0,
    "Head_Angle_quat_norm_err": 1.1102230246251565e-16,
    "Head_Angle_vel_residual_rms": 6.392616858340664,
    "Head_Angle_dom_freq": 0.003956478733926805,
    "LeftHip_Angle_hemisphere_flips": 0,
    "LeftHip_Angle_quat_norm_err": 2.220446049250313e-16,
    "LeftHip_Angle_vel_residual_rms": 9.338624253069517,
    "LeftHip_Angle_dom_freq": 0.003956478733926805,
    "LeftKnee_Angle_hemisphere_flips": 0,
    "LeftKnee_Angle_quat_norm_err": 2.220446049250313e-16,
    "LeftKnee_Angle_vel_residual_rms": 8.036401145701012,
    "LeftKnee_Angle_dom_freq": 0.003956478733926805,
    "LeftAnkle_Angle_hemisphere_flips": 0,
    "LeftAnkle_Angle_quat_norm_err": 2.220446049250313e-16,
    "LeftAnkle_Angle_vel_residual_rms": 16.289080664779856,
    "LeftAnkle_Angle_dom_freq": 0.003956478733926805,
    "LeftToe_Angle_hemisphere_flips": 0,
    "LeftToe_Angle_quat_norm_err": 1.1102230246251565e-16,
    "LeftToe_Angle_vel_residual_rms": 3.352603300222685,
    "LeftToe_Angle_dom_freq": 0.003956478733926805,
    "RightHip_Angle_hemisphere_flips": 0,
    "RightHip_Angle_quat_norm_err": 2.220446049250313e-16,
    "RightHip_Angle_vel_residual_rms": 8.946247102502499,
    "RightHip_Angle_dom_freq": 0.003956478733926805,
    "RightKnee_Angle_hemisphere_flips": 0,
    "RightKnee_Angle_quat_norm_err": 1.1102230246251565e-16,
    "RightKnee_Angle_vel_residual_rms": 6.97693040241357,
    "RightKnee_Angle_dom_freq": 0.003956478733926805,
    "RightAnkle_Angle_hemisphere_flips": 0,
    "RightAnkle_Angle_quat_norm_err": 1.1102230246251565e-16,
    "RightAnkle_Angle_vel_residual_rms": 13.826329284081375,
    "RightAnkle_Angle_dom_freq": 0.003956478733926805,
    "RightToe_Angle_hemisphere_flips": 0,
    "RightToe_Angle_quat_norm_err": 1.1102230246251565e-16,
    "RightToe_Angle_vel_residual_rms": 3.9077645886812067,
    "RightToe_Angle_dom_freq": 0.003956478733926805,
    "LeftClavicle_Angle_hemisphere_flips": 0,
    "LeftClavicle_Angle_quat_norm_err": 1.1102230246251565e-16,
    "LeftClavicle_Angle_vel_residual_rms": 10.837331077460814,
    "LeftClavicle_Angle_dom_freq": 0.003956478733926805,
    "LeftShoulder_Joint_Angle_hemisphere_flips": 0,
    "LeftShoulder_Joint_Angle_quat_norm_err": 2.220446049250313e-16,
    "LeftShoulder_Joint_Angle_vel_residual_rms": 16.816786803099497,
    "LeftShoulder_Joint_Angle_dom_freq": 0.003956478733926805,
    "LeftElbow_Angle_hemisphere_flips": 0,
    "LeftElbow_Angle_quat_norm_err": 2.220446049250313e-16,
    "LeftElbow_Angle_vel_residual_rms": 35.51678858603998,
    "LeftElbow_Angle_dom_freq": 0.003956478733926805,
    "LeftWrist_Angle_hemisphere_flips": 0,
    "LeftWrist_Angle_quat_norm_err": 2.220446049250313e-16,
    "LeftWrist_Angle_vel_residual_rms": 45.283133133074394,
    "LeftWrist_Angle_dom_freq": 0.003956478733926805,
    "RightClavicle_Angle_hemisphere_flips": 0,
    "RightClavicle_Angle_quat_norm_err": 2.220446049250313e-16,
    "RightClavicle_Angle_vel_residual_rms": 10.48122693756306,
    "RightClavicle_Angle_dom_freq": 0.003956478733926805,
    "RightShoulder_Joint_Angle_hemisphere_flips": 0,
    "RightShoulder_Joint_Angle_quat_norm_err": 2.220446049250313e-16,
    "RightShoulder_Joint_Angle_vel_residual_rms": 18.462765465188042,
    "RightShoulder_Joint_Angle_dom_freq": 0.003956478733926805,
    "RightElbow_Angle_hemisphere_flips": 0,
    "RightElbow_Angle_quat_norm_err": 2.220446049250313e-16,
    "RightElbow_Angle_vel_residual_rms": 32.219063743376154,
    "RightElbow_Angle_dom_freq": 0.003956478733926805,
    "RightWrist_Angle_hemisphere_flips": 0,
    "RightWrist_Angle_quat_norm_err": 2.220446049250313e-16,
    "RightWrist_Angle_vel_residual_rms": 44.14847725921748,
    "RightWrist_Angle_dom_freq": 0.003956478733926805,
    "L_Thumb1_hemisphere_flips": 0,
    "L_Thumb1_quat_norm_err": 2.220446049250313e-16,
    "L_Thumb1_vel_residual_rms": 29.2693078504459,
    "L_Thumb1_dom_freq": 0.003956478733926805,
    "L_Thumb2_hemisphere_flips": 0,
    "L_Thumb2_quat_norm_err": 1.1102230246251565e-16,
    "L_Thumb2_vel_residual_rms": 25.59474766081754,
    "L_Thumb2_dom_freq": 0.003956478733926805,
    "L_Thumb3_hemisphere_flips": 0,
    "L_Thumb3_quat_norm_err": 2.220446049250313e-16,
    "L_Thumb3_vel_residual_rms": 25.594820353819873,
    "L_Thumb3_dom_freq": 0.003956478733926805,
    "L_Index1_hemisphere_flips": 0,
    "L_Index1_quat_norm_err": 1.1102230246251565e-16,
    "L_Index1_vel_residual_rms": 16.43595415547291,
    "L_Index1_dom_freq": 0.003956478733926805,
    "L_Index2_hemisphere_flips": 0,
    "L_Index2_quat_norm_err": 2.220446049250313e-16,
    "L_Index2_vel_residual_rms": 16.83707247294889,
    "L_Index2_dom_freq": 0.003956478733926805,
    "L_Index3_hemisphere_flips": 0,
    "L_Index3_quat_norm_err": 2.220446049250313e-16,
    "L_Index3_vel_residual_rms": 7.009716410493097,
    "L_Index3_dom_freq": 0.003956478733926805
}