{
    "omega_method": "sg_dqdt_quat_internal_only",
    "sg_window_sec": 0.175,
    "sg_polyorder": 3,
    "fs": 120.0,
    "quat_order": "xyzw",
    "Pelvis_Global_Orientation (World Space)_hemisphere_flips": 0,
    "Pelvis_Global_Orientation (World Space)_quat_norm_err": 2.220446049250313e-16,
    "Pelvis_Global_Orientation (World Space)_vel_residual_rms": 6.777700733749544,
    "Pelvis_Global_Orientation (World Space)_dom_freq": 0.003957522590858123,
    "Lumbar_Angle_hemisphere_flips": 0,
    "Lumbar_Angle_quat_norm_err": 2.220446049250313e-16,
    "Lumbar_Angle_vel_residual_rms": 4.259874344915618,
    "Lumbar_Angle_dom_freq": 0.003957522590858123,
    "Thoracic_Angle_hemisphere_flips": 0,
    "Thoracic_Angle_quat_norm_err": 1.1102230246251565e-16,
    "Thoracic_Angle_vel_residual_rms": 5.08119072688864,
    "Thoracic_Angle_dom_freq": 0.003957522590858123,
    "Neck_Base_Angle_hemisphere_flips": 0,
    "Neck_Base_Angle_quat_norm_err": 1.1102230246251565e-16,
    "Neck_Base_Angle_vel_residual_rms": 6.986493744640245,
    "Neck_Base_Angle_dom_freq": 0.003957522590858123,
    "Head_Angle_hemisphere_flips": 0,
    "Head_Angle_quat_norm_err": 2.220446049250313e-16,
    "Head_Angle_vel_residual_rms": 6.986491446865188,
    "Head_Angle_dom_freq": 0.003957522590858123,
    "LeftHip_Angle_hemisphere_flips": 0,
    "LeftHip_Angle_quat_norm_err": 2.220446049250313e-16,
    "LeftHip_Angle_vel_residual_rms": 9.690751182448558,
    "LeftHip_Angle_dom_freq": 0.003957522590858123,
    "LeftKnee_Angle_hemisphere_flips": 0,
    "LeftKnee_Angle_quat_norm_err": 2.220446049250313e-16,
    "LeftKnee_Angle_vel_residual_rms": 8.871680803215227,
    "LeftKnee_Angle_dom_freq": 0.003957522590858123,
    "LeftAnkle_Angle_hemisphere_flips": 0,
    "LeftAnkle_Angle_quat_norm_err": 2.220446049250313e-16,
    "LeftAnkle_Angle_vel_residual_rms": 17.83172448671898,
    "LeftAnkle_Angle_dom_freq": 0.003957522590858123,
    "LeftToe_Angle_hemisphere_flips": 0,
    "LeftToe_Angle_quat_norm_err": 1.1102230246251565e-16,
    "LeftToe_Angle_vel_residual_rms": 4.057449624441514,
    "LeftToe_Angle_dom_freq": 0.003957522590858123,
    "RightHip_Angle_hemisphere_flips": 0,
    "RightHip_Angle_quat_norm_err": 2.220446049250313e-16,
    "RightHip_Angle_vel_residual_rms": 10.075562209564863,
    "RightHip_Angle_dom_freq": 0.003957522590858123,
    "RightKnee_Angle_hemisphere_flips": 0,
    "RightKnee_Angle_quat_norm_err": 2.220446049250313e-16,
    "RightKnee_Angle_vel_residual_rms": 8.969544632629153,
    "RightKnee_Angle_dom_freq": 0.003957522590858123,
    "RightAnkle_Angle_hemisphere_flips": 0,
    "RightAnkle_Angle_quat_norm_err": 2.220446049250313e-16,
    "RightAnkle_Angle_vel_residual_rms": 14.81429687019001,
    "RightAnkle_Angle_dom_freq": 0.003957522590858123,
    "RightToe_Angle_hemisphere_flips": 0,
    "RightToe_Angle_quat_norm_err": 1.1102230246251565e-16,
    "RightToe_Angle_vel_residual_rms": 4.091020040085411,
    "RightToe_Angle_dom_freq": 0.003957522590858123,
    "LeftClavicle_Angle_hemisphere_flips": 0,
    "LeftClavicle_Angle_quat_norm_err": 1.1102230246251565e-16,
    "LeftClavicle_Angle_vel_residual_rms": 11.963473944266005,
    "LeftClavicle_Angle_dom_freq": 0.003957522590858123,
    "LeftShoulder_Joint_Angle_hemisphere_flips": 0,
    "LeftShoulder_Joint_Angle_quat_norm_err": 2.220446049250313e-16,
    "LeftShoulder_Joint_Angle_vel_residual_rms": 20.158903214447232,
    "LeftShoulder_Joint_Angle_dom_freq": 0.003957522590858123,
    "LeftElbow_Angle_hemisphere_flips": 0,
    "LeftElbow_Angle_quat_norm_err": 2.220446049250313e-16,
    "LeftElbow_Angle_vel_residual_rms": 42.54582187989823,
    "LeftElbow_Angle_dom_freq": 0.003957522590858123,
    "LeftWrist_Angle_hemisphere_flips": 0,
    "LeftWrist_Angle_quat_norm_err": 2.220446049250313e-16,
    "LeftWrist_Angle_vel_residual_rms": 68.61576901732131,
    "LeftWrist_Angle_dom_freq": 0.003957522590858123,
    "RightClavicle_Angle_hemisphere_flips": 0,
    "RightClavicle_Angle_quat_norm_err": 2.220446049250313e-16,
    "RightClavicle_Angle_vel_residual_rms": 12.441214198212926,
    "RightClavicle_Angle_dom_freq": 0.003957522590858123,
    "RightShoulder_Joint_Angle_hemisphere_flips": 0,
    "RightShoulder_Joint_Angle_quat_norm_err": 2.220446049250313e-16,
    "RightShoulder_Joint_Angle_vel_residual_rms": 21.443568772739287,
    "RightShoulder_Joint_Angle_dom_freq": 0.011872567772574368,
    "RightElbow_Angle_hemisphere_flips": 0,
    "RightElbow_Angle_quat_norm_err": 2.220446049250313e-16,
    "RightElbow_Angle_vel_residual_rms": 42.22957475307733,
    "RightElbow_Angle_dom_freq": 0.003957522590858123,
    "RightWrist_Angle_hemisphere_flips": 0,
    "RightWrist_Angle_quat_norm_err": 2.220446049250313e-16,
    "RightWrist_Angle_vel_residual_rms": 58.06817006073053,
    "RightWrist_Angle_dom_freq": 0.003957522590858123,
    "L_Thumb1_hemisphere_flips": 0,
    "L_Thumb1_quat_norm_err": 1.1102230246251565e-16,
    "L_Thumb1_vel_residual_rms": 37.67417285482228,
    "L_Thumb1_dom_freq": 0.003957522590858123,
    "L_Thumb2_hemisphere_flips": 0,
    "L_Thumb2_quat_norm_err": 1.1102230246251565e-16,
    "L_Thumb2_vel_residual_rms": 32.13840165410622,
    "L_Thumb2_dom_freq": 0.003957522590858123,
    "L_Thumb3_hemisphere_flips": 0,
    "L_Thumb3_quat_norm_err": 1.1102230246251565e-16,
    "L_Thumb3_vel_residual_rms": 32.13845116848511,
    "L_Thumb3_dom_freq": 0.003957522590858123,
    "L_Index1_hemisphere_flips": 0,
    "L_Index1_quat_norm_err": 2.220446049250313e-16,
    "L_Index1_vel_residual_rms": 37.72790637765125,
    "L_Index1_dom_freq": 0.003957522590858123,
    "L_Index2_hemisphere_flips": 0,
    "L_Index2_quat_norm_err": 2.220446049250313e-16,
    "L_Index2_vel_residual_rms": 41.15528378057606,
    "L_Index2_dom_freq": 0.003957522590858123,
    "L_Index3_hemisphere_flips": 0,
    "L_Index3_quat_norm_err": 2.220446049250313e-16,
    "L_Index3_vel_residual_rms": 17.121315368430434,
    "L_Index3_dom_freq": 0.003957522590858123
}