{
    "omega_method": "sg_dqdt_quat_internal_only",
    "sg_window_sec": 0.175,
    "sg_polyorder": 3,
    "fs": 120.0,
    "quat_order": "xyzw",
    "Pelvis_Global_Orientation (World Space)_hemisphere_flips": 0,
    "Pelvis_Global_Orientation (World Space)_quat_norm_err": 2.220446049250313e-16,
    "Pelvis_Global_Orientation (World Space)_vel_residual_rms": 11.069598303326307,
    "Pelvis_Global_Orientation (World Space)_dom_freq": 0.016040636278572384,
    "Lumbar_Angle_hemisphere_flips": 0,
    "Lumbar_Angle_quat_norm_err": 1.1102230246251565e-16,
    "Lumbar_Angle_vel_residual_rms": 6.109946240480663,
    "Lumbar_Angle_dom_freq": 0.17644699906429623,
    "Thoracic_Angle_hemisphere_flips": 0,
    "Thoracic_Angle_quat_norm_err": 2.220446049250313e-16,
    "Thoracic_Angle_vel_residual_rms": 7.635952123530023,
    "Thoracic_Angle_dom_freq": 0.17644699906429623,
    "Neck_Base_Angle_hemisphere_flips": 0,
    "Neck_Base_Angle_quat_norm_err": 2.220446049250313e-16,
    "Neck_Base_Angle_vel_residual_rms": 10.488160459916804,
    "Neck_Base_Angle_dom_freq": 0.016040636278572384,
    "Head_Angle_hemisphere_flips": 0,
    "Head_Angle_quat_norm_err": 1.1102230246251565e-16,
    "Head_Angle_vel_residual_rms": 10.488142488829356,
    "Head_Angle_dom_freq": 0.016040636278572384,
    "LeftHip_Angle_hemisphere_flips": 0,
    "LeftHip_Angle_quat_norm_err": 2.220446049250313e-16,
    "LeftHip_Angle_vel_residual_rms": 16.316460123416377,
    "LeftHip_Angle_dom_freq": 0.1042641358107205,
    "LeftKnee_Angle_hemisphere_flips": 0,
    "LeftKnee_Angle_quat_norm_err": 2.220446049250313e-16,
    "LeftKnee_Angle_vel_residual_rms": 13.166744865380366,
    "LeftKnee_Angle_dom_freq": 0.03208127255714477,
    "LeftAnkle_Angle_hemisphere_flips": 0,
    "LeftAnkle_Angle_quat_norm_err": 1.1102230246251565e-16,
    "LeftAnkle_Angle_vel_residual_rms": 27.046690216504896,
    "LeftAnkle_Angle_dom_freq": 0.03208127255714477,
    "LeftToe_Angle_hemisphere_flips": 0,
    "LeftToe_Angle_quat_norm_err": 1.1102230246251565e-16,
    "LeftToe_Angle_vel_residual_rms": 5.72385075846436,
    "LeftToe_Angle_dom_freq": 0.1042641358107205,
    "RightHip_Angle_hemisphere_flips": 0,
    "RightHip_Angle_quat_norm_err": 2.220446049250313e-16,
    "RightHip_Angle_vel_residual_rms": 17.404139251912245,
    "RightHip_Angle_dom_freq": 0.1042641358107205,
    "RightKnee_Angle_hemisphere_flips": 0,
    "RightKnee_Angle_quat_norm_err": 1.1102230246251565e-16,
    "RightKnee_Angle_vel_residual_rms": 14.659942567986933,
    "RightKnee_Angle_dom_freq": 0.016040636278572384,
    "RightAnkle_Angle_hemisphere_flips": 0,
    "RightAnkle_Angle_quat_norm_err": 1.1102230246251565e-16,
    "RightAnkle_Angle_vel_residual_rms": 26.41807213758713,
    "RightAnkle_Angle_dom_freq": 0.016040636278572384,
    "RightToe_Angle_hemisphere_flips": 0,
    "RightToe_Angle_quat_norm_err": 1.1102230246251565e-16,
    "RightToe_Angle_vel_residual_rms": 8.319089552272496,
    "RightToe_Angle_dom_freq": 0.17644699906429623,
    "LeftClavicle_Angle_hemisphere_flips": 0,
    "LeftClavicle_Angle_quat_norm_err": 2.220446049250313e-16,
    "LeftClavicle_Angle_vel_residual_rms": 16.684072683672174,
    "LeftClavicle_Angle_dom_freq": 0.016040636278572384,
    "LeftShoulder_Joint_Angle_hemisphere_flips": 0,
    "LeftShoulder_Joint_Angle_quat_norm_err": 2.220446049250313e-16,
    "LeftShoulder_Joint_Angle_vel_residual_rms": 24.528691166841487,
    "LeftShoulder_Joint_Angle_dom_freq": 0.2005079534821548,
    "LeftElbow_Angle_hemisphere_flips": 0,
    "LeftElbow_Angle_quat_norm_err": 2.220446049250313e-16,
    "LeftElbow_Angle_vel_residual_rms": 50.32317659403814,
    "LeftElbow_Angle_dom_freq": 0.1042641358107205,
    "LeftWrist_Angle_hemisphere_flips": 0,
    "LeftWrist_Angle_quat_norm_err": 2.220446049250313e-16,
    "LeftWrist_Angle_vel_residual_rms": 63.898601551121914,
    "LeftWrist_Angle_dom_freq": 0.08822349953214811,
    "RightClavicle_Angle_hemisphere_flips": 0,
    "RightClavicle_Angle_quat_norm_err": 1.1102230246251565e-16,
    "RightClavicle_Angle_vel_residual_rms": 16.86684017141807,
    "RightClavicle_Angle_dom_freq": 0.016040636278572384,
    "RightShoulder_Joint_Angle_hemisphere_flips": 0,
    "RightShoulder_Joint_Angle_quat_norm_err": 2.220446049250313e-16,
    "RightShoulder_Joint_Angle_vel_residual_rms": 24.551490994628683,
    "RightShoulder_Joint_Angle_dom_freq": 0.024060954417858577,
    "RightElbow_Angle_hemisphere_flips": 0,
    "RightElbow_Angle_quat_norm_err": 2.220446049250313e-16,
    "RightElbow_Angle_vel_residual_rms": 45.14099806245444,
    "RightElbow_Angle_dom_freq": 0.08020318139286192,
    "RightWrist_Angle_hemisphere_flips": 0,
    "RightWrist_Angle_quat_norm_err": 2.220446049250313e-16,
    "RightWrist_Angle_vel_residual_rms": 62.49219116159111,
    "RightWrist_Angle_dom_freq": 0.08020318139286192,
    "L_Thumb1_hemisphere_flips": 0,
    "L_Thumb1_quat_norm_err": 1.1102230246251565e-16,
    "L_Thumb1_vel_residual_rms": 31.706548243106518,
    "L_Thumb1_dom_freq": 0.008020318139286192,
    "L_Thumb2_hemisphere_flips": 0,
    "L_Thumb2_quat_norm_err": 1.1102230246251565e-16,
    "L_Thumb2_vel_residual_rms": 24.499345691203775,
    "L_Thumb2_dom_freq": 0.6897473599786126,
    "L_Thumb3_hemisphere_flips": 0,
    "L_Thumb3_quat_norm_err": 2.220446049250313e-16,
    "L_Thumb3_vel_residual_rms": 24.49935442016314,
    "L_Thumb3_dom_freq": 0.6897473599786126,
    "L_Index1_hemisphere_flips": 0,
    "L_Index1_quat_norm_err": 2.220446049250313e-16,
    "L_Index1_vel_residual_rms": 33.207376378613105,
    "L_Index1_dom_freq": 0.03208127255714477,
    "L_Index2_hemisphere_flips": 0,
    "L_Index2_quat_norm_err": 2.220446049250313e-16,
    "L_Index2_vel_residual_rms": 33.8998101557297,
    "L_Index2_dom_freq": 0.03208127255714477,
    "L_Index3_hemisphere_flips": 0,
    "L_Index3_quat_norm_err": 1.1102230246251565e-16,
    "L_Index3_vel_residual_rms": 14.111845433926412,
    "L_Index3_dom_freq": 0.03208127255714477
}