{
    "omega_method": "sg_dqdt_quat_internal_only",
    "sg_window_sec": 0.175,
    "sg_polyorder": 3,
    "fs": 120.0,
    "quat_order": "xyzw",
    "Pelvis_Global_Orientation (World Space)_hemisphere_flips": 0,
    "Pelvis_Global_Orientation (World Space)_quat_norm_err": 1.1102230246251565e-16,
    "Pelvis_Global_Orientation (World Space)_vel_residual_rms": 9.22335414753376,
    "Pelvis_Global_Orientation (World Space)_dom_freq": 0.0028907303912121796,
    "Lumbar_Angle_hemisphere_flips": 0,
    "Lumbar_Angle_quat_norm_err": 1.1102230246251565e-16,
    "Lumbar_Angle_vel_residual_rms": 6.624877556638116,
    "Lumbar_Angle_dom_freq": 0.0028907303912121796,
    "Thoracic_Angle_hemisphere_flips": 0,
    "Thoracic_Angle_quat_norm_err": 2.220446049250313e-16,
    "Thoracic_Angle_vel_residual_rms": 7.797340636236878,
    "Thoracic_Angle_dom_freq": 0.0028907303912121796,
    "Neck_Base_Angle_hemisphere_flips": 0,
    "Neck_Base_Angle_quat_norm_err": 2.220446049250313e-16,
    "Neck_Base_Angle_vel_residual_rms": 11.401414634359126,
    "Neck_Base_Angle_dom_freq": 0.0028907303912121796,
    "Head_Angle_hemisphere_flips": 0,
    "Head_Angle_quat_norm_err": 1.1102230246251565e-16,
    "Head_Angle_vel_residual_rms": 11.401430060302923,
    "Head_Angle_dom_freq": 0.0028907303912121796,
    "LeftHip_Angle_hemisphere_flips": 0,
    "LeftHip_Angle_quat_norm_err": 2.220446049250313e-16,
    "LeftHip_Angle_vel_residual_rms": 10.843931361552817,
    "LeftHip_Angle_dom_freq": 0.0028907303912121796,
    "LeftKnee_Angle_hemisphere_flips": 0,
    "LeftKnee_Angle_quat_norm_err": 2.220446049250313e-16,
    "LeftKnee_Angle_vel_residual_rms": 7.143519615379263,
    "LeftKnee_Angle_dom_freq": 0.0028907303912121796,
    "LeftAnkle_Angle_hemisphere_flips": 0,
    "LeftAnkle_Angle_quat_norm_err": 1.1102230246251565e-16,
    "LeftAnkle_Angle_vel_residual_rms": 12.21243763140183,
    "LeftAnkle_Angle_dom_freq": 0.0028907303912121796,
    "LeftToe_Angle_hemisphere_flips": 0,
    "LeftToe_Angle_quat_norm_err": 2.220446049250313e-16,
    "LeftToe_Angle_vel_residual_rms": 12.683639291965234,
    "LeftToe_Angle_dom_freq": 0.0028907303912121796,
    "RightHip_Angle_hemisphere_flips": 0,
    "RightHip_Angle_quat_norm_err": 2.220446049250313e-16,
    "RightHip_Angle_vel_residual_rms": 11.70186322406158,
    "RightHip_Angle_dom_freq": 0.0028907303912121796,
    "RightKnee_Angle_hemisphere_flips": 0,
    "RightKnee_Angle_quat_norm_err": 2.220446049250313e-16,
    "RightKnee_Angle_vel_residual_rms": 8.292020951462073,
    "RightKnee_Angle_dom_freq": 0.0028907303912121796,
    "RightAnkle_Angle_hemisphere_flips": 0,
    "RightAnkle_Angle_quat_norm_err": 2.220446049250313e-16,
    "RightAnkle_Angle_vel_residual_rms": 15.939193013404774,
    "RightAnkle_Angle_dom_freq": 0.0028907303912121796,
    "RightToe_Angle_hemisphere_flips": 0,
    "RightToe_Angle_quat_norm_err": 1.1102230246251565e-16,
    "RightToe_Angle_vel_residual_rms": 9.838114985339073,
    "RightToe_Angle_dom_freq": 0.0028907303912121796,
    "LeftClavicle_Angle_hemisphere_flips": 0,
    "LeftClavicle_Angle_quat_norm_err": 2.220446049250313e-16,
    "LeftClavicle_Angle_vel_residual_rms": 21.157081079588963,
    "LeftClavicle_Angle_dom_freq": 0.0028907303912121796,
    "LeftShoulder_Joint_Angle_hemisphere_flips": 0,
    "LeftShoulder_Joint_Angle_quat_norm_err": 2.220446049250313e-16,
    "LeftShoulder_Joint_Angle_vel_residual_rms": 46.4836903163928,
    "LeftShoulder_Joint_Angle_dom_freq": 0.0028907303912121796,
    "LeftElbow_Angle_hemisphere_flips": 0,
    "LeftElbow_Angle_quat_norm_err": 2.220446049250313e-16,
    "LeftElbow_Angle_vel_residual_rms": 117.4144794785299,
    "LeftElbow_Angle_dom_freq": 0.0028907303912121796,
    "LeftWrist_Angle_hemisphere_flips": 1,
    "LeftWrist_Angle_quat_norm_err": 2.220446049250313e-16,
    "LeftWrist_Angle_vel_residual_rms": 129.44548520718536,
    "LeftWrist_Angle_dom_freq": 0.0028907303912121796,
    "RightClavicle_Angle_hemisphere_flips": 0,
    "RightClavicle_Angle_quat_norm_err": 2.220446049250313e-16,
    "RightClavicle_Angle_vel_residual_rms": 25.741768329699745,
    "RightClavicle_Angle_dom_freq": 0.0028907303912121796,
    "RightShoulder_Joint_Angle_hemisphere_flips": 0,
    "RightShoulder_Joint_Angle_quat_norm_err": 2.220446049250313e-16,
    "RightShoulder_Joint_Angle_vel_residual_rms": 48.489541533080185,
    "RightShoulder_Joint_Angle_dom_freq": 0.0028907303912121796,
    "RightElbow_Angle_hemisphere_flips": 0,
    "RightElbow_Angle_quat_norm_err": 2.220446049250313e-16,
    "RightElbow_Angle_vel_residual_rms": 91.4896435466186,
    "RightElbow_Angle_dom_freq": 0.0028907303912121796,
    "RightWrist_Angle_hemisphere_flips": 0,
    "RightWrist_Angle_quat_norm_err": 2.220446049250313e-16,
    "RightWrist_Angle_vel_residual_rms": 75.38455202427949,
    "RightWrist_Angle_dom_freq": 0.0028907303912121796,
    "L_Thumb1_hemisphere_flips": 0,
    "L_Thumb1_quat_norm_err": 1.1102230246251565e-16,
    "L_Thumb1_vel_residual_rms": 0.008026989565221342,
    "L_Thumb1_dom_freq": 0.7602620928888032,
    "L_Thumb2_hemisphere_flips": 0,
    "L_Thumb2_quat_norm_err": 1.1102230246251565e-16,
    "L_Thumb2_vel_residual_rms": 0.007957376601650457,
    "L_Thumb2_dom_freq": 1.2459047986124494,
    "L_Thumb3_hemisphere_flips": 0,
    "L_Thumb3_quat_norm_err": 1.1102230246251565e-16,
    "L_Thumb3_vel_residual_rms": 0.0012664301256873941,
    "L_Thumb3_dom_freq": 0.0028907303912121796,
    "L_Index1_hemisphere_flips": 0,
    "L_Index1_quat_norm_err": 1.1102230246251565e-16,
    "L_Index1_vel_residual_rms": 0.007944117851590193,
    "L_Index1_dom_freq": 0.028907303912121797,
    "L_Index2_hemisphere_flips": 0,
    "L_Index2_quat_norm_err": 0.0,
    "L_Index2_vel_residual_rms": 0.00130964003528149,
    "L_Index2_dom_freq": 0.0028907303912121796,
    "L_Index3_hemisphere_flips": 0,
    "L_Index3_quat_norm_err": 0.0,
    "L_Index3_vel_residual_rms": 0.0012929603443195604,
    "L_Index3_dom_freq": 0.0028907303912121796
}