{
    "omega_method": "sg_dqdt_quat_internal_only",
    "sg_window_sec": 0.175,
    "sg_polyorder": 3,
    "fs": 120.0,
    "quat_order": "xyzw",
    "Pelvis_Global_Orientation (World Space)_hemisphere_flips": 0,
    "Pelvis_Global_Orientation (World Space)_quat_norm_err": 2.220446049250313e-16,
    "Pelvis_Global_Orientation (World Space)_vel_residual_rms": 9.33901937919908,
    "Pelvis_Global_Orientation (World Space)_dom_freq": 0.008140008140008141,
    "Lumbar_Angle_hemisphere_flips": 0,
    "Lumbar_Angle_quat_norm_err": 2.220446049250313e-16,
    "Lumbar_Angle_vel_residual_rms": 5.14439503487418,
    "Lumbar_Angle_dom_freq": 0.016280016280016282,
    "Thoracic_Angle_hemisphere_flips": 0,
    "Thoracic_Angle_quat_norm_err": 2.220446049250313e-16,
    "Thoracic_Angle_vel_residual_rms": 6.522960900121821,
    "Thoracic_Angle_dom_freq": 0.016280016280016282,
    "Neck_Base_Angle_hemisphere_flips": 0,
    "Neck_Base_Angle_quat_norm_err": 1.1102230246251565e-16,
    "Neck_Base_Angle_vel_residual_rms": 8.034835409779847,
    "Neck_Base_Angle_dom_freq": 0.008140008140008141,
    "Head_Angle_hemisphere_flips": 0,
    "Head_Angle_quat_norm_err": 1.1102230246251565e-16,
    "Head_Angle_vel_residual_rms": 8.034695033802837,
    "Head_Angle_dom_freq": 0.008140008140008141,
    "LeftHip_Angle_hemisphere_flips": 0,
    "LeftHip_Angle_quat_norm_err": 2.220446049250313e-16,
    "LeftHip_Angle_vel_residual_rms": 14.086240279614975,
    "LeftHip_Angle_dom_freq": 0.016280016280016282,
    "LeftKnee_Angle_hemisphere_flips": 0,
    "LeftKnee_Angle_quat_norm_err": 2.220446049250313e-16,
    "LeftKnee_Angle_vel_residual_rms": 12.149144738868976,
    "LeftKnee_Angle_dom_freq": 0.016280016280016282,
    "LeftAnkle_Angle_hemisphere_flips": 0,
    "LeftAnkle_Angle_quat_norm_err": 2.220446049250313e-16,
    "LeftAnkle_Angle_vel_residual_rms": 23.5329211472545,
    "LeftAnkle_Angle_dom_freq": 0.040700040700040706,
    "LeftToe_Angle_hemisphere_flips": 0,
    "LeftToe_Angle_quat_norm_err": 2.220446049250313e-16,
    "LeftToe_Angle_vel_residual_rms": 5.225224782609593,
    "LeftToe_Angle_dom_freq": 0.032560032560032565,
    "RightHip_Angle_hemisphere_flips": 0,
    "RightHip_Angle_quat_norm_err": 2.220446049250313e-16,
    "RightHip_Angle_vel_residual_rms": 13.708214762322072,
    "RightHip_Angle_dom_freq": 0.024420024420024423,
    "RightKnee_Angle_hemisphere_flips": 0,
    "RightKnee_Angle_quat_norm_err": 2.220446049250313e-16,
    "RightKnee_Angle_vel_residual_rms": 13.128637128278672,
    "RightKnee_Angle_dom_freq": 0.008140008140008141,
    "RightAnkle_Angle_hemisphere_flips": 0,
    "RightAnkle_Angle_quat_norm_err": 2.220446049250313e-16,
    "RightAnkle_Angle_vel_residual_rms": 22.120961377660713,
    "RightAnkle_Angle_dom_freq": 0.016280016280016282,
    "RightToe_Angle_hemisphere_flips": 0,
    "RightToe_Angle_quat_norm_err": 1.1102230246251565e-16,
    "RightToe_Angle_vel_residual_rms": 8.283808113666572,
    "RightToe_Angle_dom_freq": 0.040700040700040706,
    "LeftClavicle_Angle_hemisphere_flips": 0,
    "LeftClavicle_Angle_quat_norm_err": 2.220446049250313e-16,
    "LeftClavicle_Angle_vel_residual_rms": 14.687915737207888,
    "LeftClavicle_Angle_dom_freq": 0.008140008140008141,
    "LeftShoulder_Joint_Angle_hemisphere_flips": 0,
    "LeftShoulder_Joint_Angle_quat_norm_err": 1.1102230246251565e-16,
    "LeftShoulder_Joint_Angle_vel_residual_rms": 22.430380308245223,
    "LeftShoulder_Joint_Angle_dom_freq": 0.008140008140008141,
    "LeftElbow_Angle_hemisphere_flips": 0,
    "LeftElbow_Angle_quat_norm_err": 2.220446049250313e-16,
    "LeftElbow_Angle_vel_residual_rms": 46.45388929544989,
    "LeftElbow_Angle_dom_freq": 0.008140008140008141,
    "LeftWrist_Angle_hemisphere_flips": 0,
    "LeftWrist_Angle_quat_norm_err": 2.220446049250313e-16,
    "LeftWrist_Angle_vel_residual_rms": 58.01358848494847,
    "LeftWrist_Angle_dom_freq": 0.008140008140008141,
    "RightClavicle_Angle_hemisphere_flips": 0,
    "RightClavicle_Angle_quat_norm_err": 2.220446049250313e-16,
    "RightClavicle_Angle_vel_residual_rms": 13.915591413949327,
    "RightClavicle_Angle_dom_freq": 0.008140008140008141,
    "RightShoulder_Joint_Angle_hemisphere_flips": 0,
    "RightShoulder_Joint_Angle_quat_norm_err": 2.220446049250313e-16,
    "RightShoulder_Joint_Angle_vel_residual_rms": 21.875898917564932,
    "RightShoulder_Joint_Angle_dom_freq": 0.008140008140008141,
    "RightElbow_Angle_hemisphere_flips": 0,
    "RightElbow_Angle_quat_norm_err": 2.220446049250313e-16,
    "RightElbow_Angle_vel_residual_rms": 41.15792207640574,
    "RightElbow_Angle_dom_freq": 0.008140008140008141,
    "RightWrist_Angle_hemisphere_flips": 0,
    "RightWrist_Angle_quat_norm_err": 2.220446049250313e-16,
    "RightWrist_Angle_vel_residual_rms": 56.73974900789953,
    "RightWrist_Angle_dom_freq": 0.008140008140008141,
    "L_Thumb1_hemisphere_flips": 0,
    "L_Thumb1_quat_norm_err": 2.220446049250313e-16,
    "L_Thumb1_vel_residual_rms": 43.59588763017867,
    "L_Thumb1_dom_freq": 0.008140008140008141,
    "L_Thumb2_hemisphere_flips": 0,
    "L_Thumb2_quat_norm_err": 1.1102230246251565e-16,
    "L_Thumb2_vel_residual_rms": 21.037303005055954,
    "L_Thumb2_dom_freq": 0.008140008140008141,
    "L_Thumb3_hemisphere_flips": 0,
    "L_Thumb3_quat_norm_err": 2.220446049250313e-16,
    "L_Thumb3_vel_residual_rms": 21.037346460909315,
    "L_Thumb3_dom_freq": 0.008140008140008141,
    "L_Index1_hemisphere_flips": 0,
    "L_Index1_quat_norm_err": 2.220446049250313e-16,
    "L_Index1_vel_residual_rms": 23.44665627681778,
    "L_Index1_dom_freq": 0.008140008140008141,
    "L_Index2_hemisphere_flips": 0,
    "L_Index2_quat_norm_err": 2.220446049250313e-16,
    "L_Index2_vel_residual_rms": 22.79737550910381,
    "L_Index2_dom_freq": 0.008140008140008141,
    "L_Index3_hemisphere_flips": 0,
    "L_Index3_quat_norm_err": 1.1102230246251565e-16,
    "L_Index3_vel_residual_rms": 9.49322886717218,
    "L_Index3_dom_freq": 0.008140008140008141
}