{
    "omega_method": "sg_dqdt_quat_internal_only",
    "sg_window_sec": 0.175,
    "sg_polyorder": 3,
    "fs": 120.0,
    "quat_order": "xyzw",
    "Pelvis_Global_Orientation (World Space)_hemisphere_flips": 0,
    "Pelvis_Global_Orientation (World Space)_quat_norm_err": 2.220446049250313e-16,
    "Pelvis_Global_Orientation (World Space)_vel_residual_rms": 8.33768907758873,
    "Pelvis_Global_Orientation (World Space)_dom_freq": 0.007271405199054717,
    "Lumbar_Angle_hemisphere_flips": 0,
    "Lumbar_Angle_quat_norm_err": 2.220446049250313e-16,
    "Lumbar_Angle_vel_residual_rms": 4.516358409397919,
    "Lumbar_Angle_dom_freq": 0.007271405199054717,
    "Thoracic_Angle_hemisphere_flips": 0,
    "Thoracic_Angle_quat_norm_err": 1.1102230246251565e-16,
    "Thoracic_Angle_vel_residual_rms": 5.632472509385644,
    "Thoracic_Angle_dom_freq": 0.007271405199054717,
    "Neck_Base_Angle_hemisphere_flips": 0,
    "Neck_Base_Angle_quat_norm_err": 1.1102230246251565e-16,
    "Neck_Base_Angle_vel_residual_rms": 5.407746650539609,
    "Neck_Base_Angle_dom_freq": 0.007271405199054717,
    "Head_Angle_hemisphere_flips": 0,
    "Head_Angle_quat_norm_err": 1.1102230246251565e-16,
    "Head_Angle_vel_residual_rms": 5.407723673255181,
    "Head_Angle_dom_freq": 0.007271405199054717,
    "LeftHip_Angle_hemisphere_flips": 0,
    "LeftHip_Angle_quat_norm_err": 2.220446049250313e-16,
    "LeftHip_Angle_vel_residual_rms": 18.96001859253649,
    "LeftHip_Angle_dom_freq": 0.007271405199054717,
    "LeftKnee_Angle_hemisphere_flips": 0,
    "LeftKnee_Angle_quat_norm_err": 2.220446049250313e-16,
    "LeftKnee_Angle_vel_residual_rms": 31.75844266127553,
    "LeftKnee_Angle_dom_freq": 0.02181421559716415,
    "LeftAnkle_Angle_hemisphere_flips": 0,
    "LeftAnkle_Angle_quat_norm_err": 2.220446049250313e-16,
    "LeftAnkle_Angle_vel_residual_rms": 22.504113933919992,
    "LeftAnkle_Angle_dom_freq": 0.014542810398109434,
    "LeftToe_Angle_hemisphere_flips": 0,
    "LeftToe_Angle_quat_norm_err": 2.220446049250313e-16,
    "LeftToe_Angle_vel_residual_rms": 7.342407863195714,
    "LeftToe_Angle_dom_freq": 0.014542810398109434,
    "RightHip_Angle_hemisphere_flips": 0,
    "RightHip_Angle_quat_norm_err": 1.1102230246251565e-16,
    "RightHip_Angle_vel_residual_rms": 10.844098303571865,
    "RightHip_Angle_dom_freq": 0.007271405199054717,
    "RightKnee_Angle_hemisphere_flips": 0,
    "RightKnee_Angle_quat_norm_err": 2.220446049250313e-16,
    "RightKnee_Angle_vel_residual_rms": 7.437439174953774,
    "RightKnee_Angle_dom_freq": 0.007271405199054717,
    "RightAnkle_Angle_hemisphere_flips": 0,
    "RightAnkle_Angle_quat_norm_err": 1.1102230246251565e-16,
    "RightAnkle_Angle_vel_residual_rms": 17.06131583315261,
    "RightAnkle_Angle_dom_freq": 0.014542810398109434,
    "RightToe_Angle_hemisphere_flips": 0,
    "RightToe_Angle_quat_norm_err": 1.1102230246251565e-16,
    "RightToe_Angle_vel_residual_rms": 6.693163960722113,
    "RightToe_Angle_dom_freq": 0.014542810398109434,
    "LeftClavicle_Angle_hemisphere_flips": 0,
    "LeftClavicle_Angle_quat_norm_err": 1.1102230246251565e-16,
    "LeftClavicle_Angle_vel_residual_rms": 9.98257047442156,
    "LeftClavicle_Angle_dom_freq": 0.007271405199054717,
    "LeftShoulder_Joint_Angle_hemisphere_flips": 0,
    "LeftShoulder_Joint_Angle_quat_norm_err": 2.220446049250313e-16,
    "LeftShoulder_Joint_Angle_vel_residual_rms": 15.7197890689064,
    "LeftShoulder_Joint_Angle_dom_freq": 0.007271405199054717,
    "LeftElbow_Angle_hemisphere_flips": 0,
    "LeftElbow_Angle_quat_norm_err": 2.220446049250313e-16,
    "LeftElbow_Angle_vel_residual_rms": 24.666898964276875,
    "LeftElbow_Angle_dom_freq": 0.007271405199054717,
    "LeftWrist_Angle_hemisphere_flips": 0,
    "LeftWrist_Angle_quat_norm_err": 2.220446049250313e-16,
    "LeftWrist_Angle_vel_residual_rms": 35.233957394048005,
    "LeftWrist_Angle_dom_freq": 0.007271405199054717,
    "RightClavicle_Angle_hemisphere_flips": 0,
    "RightClavicle_Angle_quat_norm_err": 1.1102230246251565e-16,
    "RightClavicle_Angle_vel_residual_rms": 12.077064709279817,
    "RightClavicle_Angle_dom_freq": 0.007271405199054717,
    "RightShoulder_Joint_Angle_hemisphere_flips": 0,
    "RightShoulder_Joint_Angle_quat_norm_err": 2.220446049250313e-16,
    "RightShoulder_Joint_Angle_vel_residual_rms": 19.121480287281123,
    "RightShoulder_Joint_Angle_dom_freq": 0.007271405199054717,
    "RightElbow_Angle_hemisphere_flips": 0,
    "RightElbow_Angle_quat_norm_err": 2.220446049250313e-16,
    "RightElbow_Angle_vel_residual_rms": 27.654749896266622,
    "RightElbow_Angle_dom_freq": 0.007271405199054717,
    "RightWrist_Angle_hemisphere_flips": 0,
    "RightWrist_Angle_quat_norm_err": 2.220446049250313e-16,
    "RightWrist_Angle_vel_residual_rms": 35.23869151830119,
    "RightWrist_Angle_dom_freq": 0.007271405199054717,
    "L_Thumb1_hemisphere_flips": 0,
    "L_Thumb1_quat_norm_err": 1.1102230246251565e-16,
    "L_Thumb1_vel_residual_rms": 11.273059312322367,
    "L_Thumb1_dom_freq": 0.007271405199054717,
    "L_Thumb2_hemisphere_flips": 0,
    "L_Thumb2_quat_norm_err": 1.1102230246251565e-16,
    "L_Thumb2_vel_residual_rms": 8.588736673942655,
    "L_Thumb2_dom_freq": 0.007271405199054717,
    "L_Thumb3_hemisphere_flips": 0,
    "L_Thumb3_quat_norm_err": 1.1102230246251565e-16,
    "L_Thumb3_vel_residual_rms": 8.588813534594792,
    "L_Thumb3_dom_freq": 0.007271405199054717,
    "L_Index1_hemisphere_flips": 0,
    "L_Index1_quat_norm_err": 1.1102230246251565e-16,
    "L_Index1_vel_residual_rms": 21.085491368043105,
    "L_Index1_dom_freq": 0.007271405199054717,
    "L_Index2_hemisphere_flips": 0,
    "L_Index2_quat_norm_err": 1.1102230246251565e-16,
    "L_Index2_vel_residual_rms": 21.637874876862504,
    "L_Index2_dom_freq": 0.007271405199054717,
    "L_Index3_hemisphere_flips": 0,
    "L_Index3_quat_norm_err": 2.220446049250313e-16,
    "L_Index3_vel_residual_rms": 9.011421196278244,
    "L_Index3_dom_freq": 0.007271405199054717
}