{
    "omega_method": "sg_dqdt_quat_internal_only",
    "sg_window_sec": 0.175,
    "sg_polyorder": 3,
    "fs": 120.0,
    "quat_order": "xyzw",
    "Pelvis_Global_Orientation (World Space)_hemisphere_flips": 0,
    "Pelvis_Global_Orientation (World Space)_quat_norm_err": 2.220446049250313e-16,
    "Pelvis_Global_Orientation (World Space)_vel_residual_rms": 3.6306952557549343,
    "Pelvis_Global_Orientation (World Space)_dom_freq": 0.01835142988224499,
    "Lumbar_Angle_hemisphere_flips": 0,
    "Lumbar_Angle_quat_norm_err": 1.1102230246251565e-16,
    "Lumbar_Angle_vel_residual_rms": 1.9404910076817203,
    "Lumbar_Angle_dom_freq": 0.01835142988224499,
    "Thoracic_Angle_hemisphere_flips": 0,
    "Thoracic_Angle_quat_norm_err": 1.1102230246251565e-16,
    "Thoracic_Angle_vel_residual_rms": 3.276986880015218,
    "Thoracic_Angle_dom_freq": 0.01835142988224499,
    "Neck_Base_Angle_hemisphere_flips": 0,
    "Neck_Base_Angle_quat_norm_err": 2.220446049250313e-16,
    "Neck_Base_Angle_vel_residual_rms": 2.8648033937940274,
    "Neck_Base_Angle_dom_freq": 0.03058571647040832,
    "Head_Angle_hemisphere_flips": 0,
    "Head_Angle_quat_norm_err": 2.220446049250313e-16,
    "Head_Angle_vel_residual_rms": 2.8648133396104805,
    "Head_Angle_dom_freq": 0.03058571647040832,
    "LeftHip_Angle_hemisphere_flips": 0,
    "LeftHip_Angle_quat_norm_err": 2.220446049250313e-16,
    "LeftHip_Angle_vel_residual_rms": 5.195771542812405,
    "LeftHip_Angle_dom_freq": 0.01835142988224499,
    "LeftKnee_Angle_hemisphere_flips": 0,
    "LeftKnee_Angle_quat_norm_err": 1.1102230246251565e-16,
    "LeftKnee_Angle_vel_residual_rms": 5.216330924467564,
    "LeftKnee_Angle_dom_freq": 0.012234286588163328,
    "LeftAnkle_Angle_hemisphere_flips": 0,
    "LeftAnkle_Angle_quat_norm_err": 2.220446049250313e-16,
    "LeftAnkle_Angle_vel_residual_rms": 9.146266334151385,
    "LeftAnkle_Angle_dom_freq": 0.012234286588163328,
    "LeftToe_Angle_hemisphere_flips": 0,
    "LeftToe_Angle_quat_norm_err": 1.1102230246251565e-16,
    "LeftToe_Angle_vel_residual_rms": 4.139407968123614,
    "LeftToe_Angle_dom_freq": 0.012234286588163328,
    "RightHip_Angle_hemisphere_flips": 0,
    "RightHip_Angle_quat_norm_err": 1.1102230246251565e-16,
    "RightHip_Angle_vel_residual_rms": 4.75742762121472,
    "RightHip_Angle_dom_freq": 0.01835142988224499,
    "RightKnee_Angle_hemisphere_flips": 0,
    "RightKnee_Angle_quat_norm_err": 1.1102230246251565e-16,
    "RightKnee_Angle_vel_residual_rms": 4.3263834905756955,
    "RightKnee_Angle_dom_freq": 0.04893714635265331,
    "RightAnkle_Angle_hemisphere_flips": 0,
    "RightAnkle_Angle_quat_norm_err": 2.220446049250313e-16,
    "RightAnkle_Angle_vel_residual_rms": 8.266762661895614,
    "RightAnkle_Angle_dom_freq": 0.006117143294081664,
    "RightToe_Angle_hemisphere_flips": 0,
    "RightToe_Angle_quat_norm_err": 1.1102230246251565e-16,
    "RightToe_Angle_vel_residual_rms": 3.7983773364947973,
    "RightToe_Angle_dom_freq": 0.012234286588163328,
    "LeftClavicle_Angle_hemisphere_flips": 0,
    "LeftClavicle_Angle_quat_norm_err": 1.1102230246251565e-16,
    "LeftClavicle_Angle_vel_residual_rms": 5.6037428452880595,
    "LeftClavicle_Angle_dom_freq": 0.01835142988224499,
    "LeftShoulder_Joint_Angle_hemisphere_flips": 0,
    "LeftShoulder_Joint_Angle_quat_norm_err": 2.220446049250313e-16,
    "LeftShoulder_Joint_Angle_vel_residual_rms": 9.929174977954013,
    "LeftShoulder_Joint_Angle_dom_freq": 0.01835142988224499,
    "LeftElbow_Angle_hemisphere_flips": 0,
    "LeftElbow_Angle_quat_norm_err": 2.220446049250313e-16,
    "LeftElbow_Angle_vel_residual_rms": 20.492684677635335,
    "LeftElbow_Angle_dom_freq": 0.012234286588163328,
    "LeftWrist_Angle_hemisphere_flips": 0,
    "LeftWrist_Angle_quat_norm_err": 2.220446049250313e-16,
    "LeftWrist_Angle_vel_residual_rms": 26.130296113654747,
    "LeftWrist_Angle_dom_freq": 0.012234286588163328,
    "RightClavicle_Angle_hemisphere_flips": 0,
    "RightClavicle_Angle_quat_norm_err": 2.220446049250313e-16,
    "RightClavicle_Angle_vel_residual_rms": 6.460972063930343,
    "RightClavicle_Angle_dom_freq": 0.01835142988224499,
    "RightShoulder_Joint_Angle_hemisphere_flips": 0,
    "RightShoulder_Joint_Angle_quat_norm_err": 2.220446049250313e-16,
    "RightShoulder_Joint_Angle_vel_residual_rms": 11.58852051437211,
    "RightShoulder_Joint_Angle_dom_freq": 0.01835142988224499,
    "RightElbow_Angle_hemisphere_flips": 0,
    "RightElbow_Angle_quat_norm_err": 2.220446049250313e-16,
    "RightElbow_Angle_vel_residual_rms": 24.28276465001674,
    "RightElbow_Angle_dom_freq": 0.012234286588163328,
    "RightWrist_Angle_hemisphere_flips": 0,
    "RightWrist_Angle_quat_norm_err": 2.220446049250313e-16,
    "RightWrist_Angle_vel_residual_rms": 36.21918316268121,
    "RightWrist_Angle_dom_freq": 0.012234286588163328,
    "L_Thumb1_hemisphere_flips": 0,
    "L_Thumb1_quat_norm_err": 2.220446049250313e-16,
    "L_Thumb1_vel_residual_rms": 27.11770944273293,
    "L_Thumb1_dom_freq": 0.012234286588163328,
    "L_Thumb2_hemisphere_flips": 0,
    "L_Thumb2_quat_norm_err": 1.1102230246251565e-16,
    "L_Thumb2_vel_residual_rms": 26.338580859296705,
    "L_Thumb2_dom_freq": 0.012234286588163328,
    "L_Thumb3_hemisphere_flips": 0,
    "L_Thumb3_quat_norm_err": 2.220446049250313e-16,
    "L_Thumb3_vel_residual_rms": 26.338656157304477,
    "L_Thumb3_dom_freq": 0.012234286588163328,
    "L_Index1_hemisphere_flips": 0,
    "L_Index1_quat_norm_err": 2.220446049250313e-16,
    "L_Index1_vel_residual_rms": 18.021020709995756,
    "L_Index1_dom_freq": 0.012234286588163328,
    "L_Index2_hemisphere_flips": 0,
    "L_Index2_quat_norm_err": 1.1102230246251565e-16,
    "L_Index2_vel_residual_rms": 20.9641000181813,
    "L_Index2_dom_freq": 0.012234286588163328,
    "L_Index3_hemisphere_flips": 0,
    "L_Index3_quat_norm_err": 1.1102230246251565e-16,
    "L_Index3_vel_residual_rms": 8.728767200386322,
    "L_Index3_dom_freq": 0.012234286588163328
}