{
    "omega_method": "sg_dqdt_quat_internal_only",
    "sg_window_sec": 0.175,
    "sg_polyorder": 3,
    "fs": 120.0,
    "quat_order": "xyzw",
    "Pelvis_Global_Orientation (World Space)_hemisphere_flips": 0,
    "Pelvis_Global_Orientation (World Space)_quat_norm_err": 2.220446049250313e-16,
    "Pelvis_Global_Orientation (World Space)_vel_residual_rms": 7.262756648991782,
    "Pelvis_Global_Orientation (World Space)_dom_freq": 0.0035337770186701215,
    "Lumbar_Angle_hemisphere_flips": 0,
    "Lumbar_Angle_quat_norm_err": 1.1102230246251565e-16,
    "Lumbar_Angle_vel_residual_rms": 3.77541428318176,
    "Lumbar_Angle_dom_freq": 0.0035337770186701215,
    "Thoracic_Angle_hemisphere_flips": 0,
    "Thoracic_Angle_quat_norm_err": 1.1102230246251565e-16,
    "Thoracic_Angle_vel_residual_rms": 4.683049783135714,
    "Thoracic_Angle_dom_freq": 0.0035337770186701215,
    "Neck_Base_Angle_hemisphere_flips": 0,
    "Neck_Base_Angle_quat_norm_err": 2.220446049250313e-16,
    "Neck_Base_Angle_vel_residual_rms": 4.792407945543608,
    "Neck_Base_Angle_dom_freq": 0.0035337770186701215,
    "Head_Angle_hemisphere_flips": 0,
    "Head_Angle_quat_norm_err": 2.220446049250313e-16,
    "Head_Angle_vel_residual_rms": 4.792455002697123,
    "Head_Angle_dom_freq": 0.0035337770186701215,
    "LeftHip_Angle_hemisphere_flips": 0,
    "LeftHip_Angle_quat_norm_err": 2.220446049250313e-16,
    "LeftHip_Angle_vel_residual_rms": 19.27942582922566,
    "LeftHip_Angle_dom_freq": 0.0035337770186701215,
    "LeftKnee_Angle_hemisphere_flips": 0,
    "LeftKnee_Angle_quat_norm_err": 2.220446049250313e-16,
    "LeftKnee_Angle_vel_residual_rms": 33.54226138269801,
    "LeftKnee_Angle_dom_freq": 0.0035337770186701215,
    "LeftAnkle_Angle_hemisphere_flips": 0,
    "LeftAnkle_Angle_quat_norm_err": 1.1102230246251565e-16,
    "LeftAnkle_Angle_vel_residual_rms": 20.56697647848524,
    "LeftAnkle_Angle_dom_freq": 0.0035337770186701215,
    "LeftToe_Angle_hemisphere_flips": 0,
    "LeftToe_Angle_quat_norm_err": 2.220446049250313e-16,
    "LeftToe_Angle_vel_residual_rms": 4.643991998598842,
    "LeftToe_Angle_dom_freq": 0.0035337770186701215,
    "RightHip_Angle_hemisphere_flips": 0,
    "RightHip_Angle_quat_norm_err": 2.220446049250313e-16,
    "RightHip_Angle_vel_residual_rms": 8.745146647692163,
    "RightHip_Angle_dom_freq": 0.0035337770186701215,
    "RightKnee_Angle_hemisphere_flips": 0,
    "RightKnee_Angle_quat_norm_err": 2.220446049250313e-16,
    "RightKnee_Angle_vel_residual_rms": 4.9583001148233725,
    "RightKnee_Angle_dom_freq": 0.0035337770186701215,
    "RightAnkle_Angle_hemisphere_flips": 0,
    "RightAnkle_Angle_quat_norm_err": 1.1102230246251565e-16,
    "RightAnkle_Angle_vel_residual_rms": 10.984733635754846,
    "RightAnkle_Angle_dom_freq": 0.0035337770186701215,
    "RightToe_Angle_hemisphere_flips": 0,
    "RightToe_Angle_quat_norm_err": 2.220446049250313e-16,
    "RightToe_Angle_vel_residual_rms": 3.082904098705417,
    "RightToe_Angle_dom_freq": 0.0035337770186701215,
    "LeftClavicle_Angle_hemisphere_flips": 0,
    "LeftClavicle_Angle_quat_norm_err": 2.220446049250313e-16,
    "LeftClavicle_Angle_vel_residual_rms": 9.150143931366197,
    "LeftClavicle_Angle_dom_freq": 0.0035337770186701215,
    "LeftShoulder_Joint_Angle_hemisphere_flips": 0,
    "LeftShoulder_Joint_Angle_quat_norm_err": 2.220446049250313e-16,
    "LeftShoulder_Joint_Angle_vel_residual_rms": 14.536269600339784,
    "LeftShoulder_Joint_Angle_dom_freq": 0.0035337770186701215,
    "LeftElbow_Angle_hemisphere_flips": 0,
    "LeftElbow_Angle_quat_norm_err": 2.220446049250313e-16,
    "LeftElbow_Angle_vel_residual_rms": 25.74448703864173,
    "LeftElbow_Angle_dom_freq": 0.0035337770186701215,
    "LeftWrist_Angle_hemisphere_flips": 0,
    "LeftWrist_Angle_quat_norm_err": 2.220446049250313e-16,
    "LeftWrist_Angle_vel_residual_rms": 41.350353567981486,
    "LeftWrist_Angle_dom_freq": 0.0035337770186701215,
    "RightClavicle_Angle_hemisphere_flips": 0,
    "RightClavicle_Angle_quat_norm_err": 1.1102230246251565e-16,
    "RightClavicle_Angle_vel_residual_rms": 9.768728618126879,
    "RightClavicle_Angle_dom_freq": 0.0035337770186701215,
    "RightShoulder_Joint_Angle_hemisphere_flips": 0,
    "RightShoulder_Joint_Angle_quat_norm_err": 2.220446049250313e-16,
    "RightShoulder_Joint_Angle_vel_residual_rms": 15.548086658254787,
    "RightShoulder_Joint_Angle_dom_freq": 0.0035337770186701215,
    "RightElbow_Angle_hemisphere_flips": 0,
    "RightElbow_Angle_quat_norm_err": 2.220446049250313e-16,
    "RightElbow_Angle_vel_residual_rms": 26.690856058349308,
    "RightElbow_Angle_dom_freq": 0.0035337770186701215,
    "RightWrist_Angle_hemisphere_flips": 0,
    "RightWrist_Angle_quat_norm_err": 2.220446049250313e-16,
    "RightWrist_Angle_vel_residual_rms": 35.98777407540874,
    "RightWrist_Angle_dom_freq": 0.0035337770186701215,
    "L_Thumb1_hemisphere_flips": 0,
    "L_Thumb1_quat_norm_err": 1.1102230246251565e-16,
    "L_Thumb1_vel_residual_rms": 14.966123601009068,
    "L_Thumb1_dom_freq": 0.0035337770186701215,
    "L_Thumb2_hemisphere_flips": 0,
    "L_Thumb2_quat_norm_err": 1.1102230246251565e-16,
    "L_Thumb2_vel_residual_rms": 11.613952116933785,
    "L_Thumb2_dom_freq": 0.0035337770186701215,
    "L_Thumb3_hemisphere_flips": 0,
    "L_Thumb3_quat_norm_err": 1.1102230246251565e-16,
    "L_Thumb3_vel_residual_rms": 11.613920694864566,
    "L_Thumb3_dom_freq": 0.0035337770186701215,
    "L_Index1_hemisphere_flips": 0,
    "L_Index1_quat_norm_err": 2.220446049250313e-16,
    "L_Index1_vel_residual_rms": 19.560081722577582,
    "L_Index1_dom_freq": 0.0035337770186701215,
    "L_Index2_hemisphere_flips": 0,
    "L_Index2_quat_norm_err": 2.220446049250313e-16,
    "L_Index2_vel_residual_rms": 18.871384301128238,
    "L_Index2_dom_freq": 0.0035337770186701215,
    "L_Index3_hemisphere_flips": 0,
    "L_Index3_quat_norm_err": 1.1102230246251565e-16,
    "L_Index3_vel_residual_rms": 7.858624592999948,
    "L_Index3_dom_freq": 0.0035337770186701215
}