{
    "omega_method": "sg_dqdt_quat_internal_only",
    "sg_window_sec": 0.175,
    "sg_polyorder": 3,
    "fs": 120.0,
    "quat_order": "xyzw",
    "Pelvis_Global_Orientation (World Space)_hemisphere_flips": 0,
    "Pelvis_Global_Orientation (World Space)_quat_norm_err": 1.1102230246251565e-16,
    "Pelvis_Global_Orientation (World Space)_vel_residual_rms": 3.9601170390343334,
    "Pelvis_Global_Orientation (World Space)_dom_freq": 0.003932749975420312,
    "Lumbar_Angle_hemisphere_flips": 0,
    "Lumbar_Angle_quat_norm_err": 1.1102230246251565e-16,
    "Lumbar_Angle_vel_residual_rms": 2.067079070447001,
    "Lumbar_Angle_dom_freq": 0.003932749975420312,
    "Thoracic_Angle_hemisphere_flips": 0,
    "Thoracic_Angle_quat_norm_err": 1.1102230246251565e-16,
    "Thoracic_Angle_vel_residual_rms": 2.7293700124409597,
    "Thoracic_Angle_dom_freq": 0.003932749975420312,
    "Neck_Base_Angle_hemisphere_flips": 0,
    "Neck_Base_Angle_quat_norm_err": 1.1102230246251565e-16,
    "Neck_Base_Angle_vel_residual_rms": 3.1585955262644263,
    "Neck_Base_Angle_dom_freq": 0.003932749975420312,
    "Head_Angle_hemisphere_flips": 0,
    "Head_Angle_quat_norm_err": 2.220446049250313e-16,
    "Head_Angle_vel_residual_rms": 3.158637068878586,
    "Head_Angle_dom_freq": 0.003932749975420312,
    "LeftHip_Angle_hemisphere_flips": 0,
    "LeftHip_Angle_quat_norm_err": 2.220446049250313e-16,
    "LeftHip_Angle_vel_residual_rms": 5.006168757850061,
    "LeftHip_Angle_dom_freq": 0.003932749975420312,
    "LeftKnee_Angle_hemisphere_flips": 0,
    "LeftKnee_Angle_quat_norm_err": 2.220446049250313e-16,
    "LeftKnee_Angle_vel_residual_rms": 4.941722191226551,
    "LeftKnee_Angle_dom_freq": 0.003932749975420312,
    "LeftAnkle_Angle_hemisphere_flips": 0,
    "LeftAnkle_Angle_quat_norm_err": 1.1102230246251565e-16,
    "LeftAnkle_Angle_vel_residual_rms": 7.439033824911808,
    "LeftAnkle_Angle_dom_freq": 0.003932749975420312,
    "LeftToe_Angle_hemisphere_flips": 0,
    "LeftToe_Angle_quat_norm_err": 1.1102230246251565e-16,
    "LeftToe_Angle_vel_residual_rms": 2.0684871680138532,
    "LeftToe_Angle_dom_freq": 0.003932749975420312,
    "RightHip_Angle_hemisphere_flips": 0,
    "RightHip_Angle_quat_norm_err": 2.220446049250313e-16,
    "RightHip_Angle_vel_residual_rms": 4.8757991190921555,
    "RightHip_Angle_dom_freq": 0.003932749975420312,
    "RightKnee_Angle_hemisphere_flips": 0,
    "RightKnee_Angle_quat_norm_err": 2.220446049250313e-16,
    "RightKnee_Angle_vel_residual_rms": 4.314556261290605,
    "RightKnee_Angle_dom_freq": 0.003932749975420312,
    "RightAnkle_Angle_hemisphere_flips": 0,
    "RightAnkle_Angle_quat_norm_err": 2.220446049250313e-16,
    "RightAnkle_Angle_vel_residual_rms": 7.6629271104964785,
    "RightAnkle_Angle_dom_freq": 0.003932749975420312,
    "RightToe_Angle_hemisphere_flips": 0,
    "RightToe_Angle_quat_norm_err": 1.1102230246251565e-16,
    "RightToe_Angle_vel_residual_rms": 2.4593601926478064,
    "RightToe_Angle_dom_freq": 0.003932749975420312,
    "LeftClavicle_Angle_hemisphere_flips": 0,
    "LeftClavicle_Angle_quat_norm_err": 1.1102230246251565e-16,
    "LeftClavicle_Angle_vel_residual_rms": 6.710825618104024,
    "LeftClavicle_Angle_dom_freq": 0.003932749975420312,
    "LeftShoulder_Joint_Angle_hemisphere_flips": 0,
    "LeftShoulder_Joint_Angle_quat_norm_err": 2.220446049250313e-16,
    "LeftShoulder_Joint_Angle_vel_residual_rms": 10.516292560714362,
    "LeftShoulder_Joint_Angle_dom_freq": 0.003932749975420312,
    "LeftElbow_Angle_hemisphere_flips": 0,
    "LeftElbow_Angle_quat_norm_err": 2.220446049250313e-16,
    "LeftElbow_Angle_vel_residual_rms": 23.70097346798475,
    "LeftElbow_Angle_dom_freq": 0.003932749975420312,
    "LeftWrist_Angle_hemisphere_flips": 0,
    "LeftWrist_Angle_quat_norm_err": 2.220446049250313e-16,
    "LeftWrist_Angle_vel_residual_rms": 32.09230272588814,
    "LeftWrist_Angle_dom_freq": 0.003932749975420312,
    "RightClavicle_Angle_hemisphere_flips": 0,
    "RightClavicle_Angle_quat_norm_err": 2.220446049250313e-16,
    "RightClavicle_Angle_vel_residual_rms": 6.686275819268725,
    "RightClavicle_Angle_dom_freq": 0.003932749975420312,
    "RightShoulder_Joint_Angle_hemisphere_flips": 0,
    "RightShoulder_Joint_Angle_quat_norm_err": 2.220446049250313e-16,
    "RightShoulder_Joint_Angle_vel_residual_rms": 10.281703576914555,
    "RightShoulder_Joint_Angle_dom_freq": 0.003932749975420312,
    "RightElbow_Angle_hemisphere_flips": 0,
    "RightElbow_Angle_quat_norm_err": 2.220446049250313e-16,
    "RightElbow_Angle_vel_residual_rms": 18.54041090249499,
    "RightElbow_Angle_dom_freq": 0.003932749975420312,
    "RightWrist_Angle_hemisphere_flips": 0,
    "RightWrist_Angle_quat_norm_err": 2.220446049250313e-16,
    "RightWrist_Angle_vel_residual_rms": 26.74342940032759,
    "RightWrist_Angle_dom_freq": 0.003932749975420312,
    "L_Thumb1_hemisphere_flips": 0,
    "L_Thumb1_quat_norm_err": 1.1102230246251565e-16,
    "L_Thumb1_vel_residual_rms": 9.96058011674322,
    "L_Thumb1_dom_freq": 0.003932749975420312,
    "L_Thumb2_hemisphere_flips": 0,
    "L_Thumb2_quat_norm_err": 2.220446049250313e-16,
    "L_Thumb2_vel_residual_rms": 8.21271874856316,
    "L_Thumb2_dom_freq": 0.003932749975420312,
    "L_Thumb3_hemisphere_flips": 0,
    "L_Thumb3_quat_norm_err": 2.220446049250313e-16,
    "L_Thumb3_vel_residual_rms": 8.212696104803113,
    "L_Thumb3_dom_freq": 0.003932749975420312,
    "L_Index1_hemisphere_flips": 0,
    "L_Index1_quat_norm_err": 1.1102230246251565e-16,
    "L_Index1_vel_residual_rms": 11.233539111285427,
    "L_Index1_dom_freq": 0.003932749975420312,
    "L_Index2_hemisphere_flips": 0,
    "L_Index2_quat_norm_err": 2.220446049250313e-16,
    "L_Index2_vel_residual_rms": 11.165225865777773,
    "L_Index2_dom_freq": 0.003932749975420312,
    "L_Index3_hemisphere_flips": 0,
    "L_Index3_quat_norm_err": 2.220446049250313e-16,
    "L_Index3_vel_residual_rms": 4.650080785640869,
    "L_Index3_dom_freq": 0.003932749975420312
}