{
    "omega_method": "sg_dqdt_quat_internal_only",
    "sg_window_sec": 0.175,
    "sg_polyorder": 3,
    "fs": 120.0,
    "quat_order": "xyzw",
    "Pelvis_Global_Orientation (World Space)_hemisphere_flips": 0,
    "Pelvis_Global_Orientation (World Space)_quat_norm_err": 1.1102230246251565e-16,
    "Pelvis_Global_Orientation (World Space)_vel_residual_rms": 16.35763303709339,
    "Pelvis_Global_Orientation (World Space)_dom_freq": 0.0141718334809566,
    "Lumbar_Angle_hemisphere_flips": 0,
    "Lumbar_Angle_quat_norm_err": 1.1102230246251565e-16,
    "Lumbar_Angle_vel_residual_rms": 7.168733734288429,
    "Lumbar_Angle_dom_freq": 0.021257750221434897,
    "Thoracic_Angle_hemisphere_flips": 0,
    "Thoracic_Angle_quat_norm_err": 1.1102230246251565e-16,
    "Thoracic_Angle_vel_residual_rms": 7.9889821192415695,
    "Thoracic_Angle_dom_freq": 0.021257750221434897,
    "Neck_Base_Angle_hemisphere_flips": 0,
    "Neck_Base_Angle_quat_norm_err": 2.220446049250313e-16,
    "Neck_Base_Angle_vel_residual_rms": 6.654465315546631,
    "Neck_Base_Angle_dom_freq": 0.0283436669619132,
    "Head_Angle_hemisphere_flips": 0,
    "Head_Angle_quat_norm_err": 2.220446049250313e-16,
    "Head_Angle_vel_residual_rms": 6.654513854839366,
    "Head_Angle_dom_freq": 0.0283436669619132,
    "LeftHip_Angle_hemisphere_flips": 0,
    "LeftHip_Angle_quat_norm_err": 2.220446049250313e-16,
    "LeftHip_Angle_vel_residual_rms": 17.295193391248432,
    "LeftHip_Angle_dom_freq": 0.0070859167404783,
    "LeftKnee_Angle_hemisphere_flips": 0,
    "LeftKnee_Angle_quat_norm_err": 2.220446049250313e-16,
    "LeftKnee_Angle_vel_residual_rms": 17.838635054210076,
    "LeftKnee_Angle_dom_freq": 0.0070859167404783,
    "LeftAnkle_Angle_hemisphere_flips": 0,
    "LeftAnkle_Angle_quat_norm_err": 2.220446049250313e-16,
    "LeftAnkle_Angle_vel_residual_rms": 19.22905902374098,
    "LeftAnkle_Angle_dom_freq": 0.0070859167404783,
    "LeftToe_Angle_hemisphere_flips": 0,
    "LeftToe_Angle_quat_norm_err": 1.1102230246251565e-16,
    "LeftToe_Angle_vel_residual_rms": 6.341649888721104,
    "LeftToe_Angle_dom_freq": 0.0354295837023915,
    "RightHip_Angle_hemisphere_flips": 0,
    "RightHip_Angle_quat_norm_err": 2.220446049250313e-16,
    "RightHip_Angle_vel_residual_rms": 15.045770274032808,
    "RightHip_Angle_dom_freq": 0.0070859167404783,
    "RightKnee_Angle_hemisphere_flips": 0,
    "RightKnee_Angle_quat_norm_err": 2.220446049250313e-16,
    "RightKnee_Angle_vel_residual_rms": 9.282237690474641,
    "RightKnee_Angle_dom_freq": 0.0070859167404783,
    "RightAnkle_Angle_hemisphere_flips": 0,
    "RightAnkle_Angle_quat_norm_err": 2.220446049250313e-16,
    "RightAnkle_Angle_vel_residual_rms": 16.1383777718365,
    "RightAnkle_Angle_dom_freq": 0.0070859167404783,
    "RightToe_Angle_hemisphere_flips": 0,
    "RightToe_Angle_quat_norm_err": 1.1102230246251565e-16,
    "RightToe_Angle_vel_residual_rms": 5.271255406944989,
    "RightToe_Angle_dom_freq": 0.0141718334809566,
    "LeftClavicle_Angle_hemisphere_flips": 0,
    "LeftClavicle_Angle_quat_norm_err": 1.1102230246251565e-16,
    "LeftClavicle_Angle_vel_residual_rms": 10.617047789684742,
    "LeftClavicle_Angle_dom_freq": 0.021257750221434897,
    "LeftShoulder_Joint_Angle_hemisphere_flips": 0,
    "LeftShoulder_Joint_Angle_quat_norm_err": 2.220446049250313e-16,
    "LeftShoulder_Joint_Angle_vel_residual_rms": 12.573522012725261,
    "LeftShoulder_Joint_Angle_dom_freq": 0.0070859167404783,
    "LeftElbow_Angle_hemisphere_flips": 0,
    "LeftElbow_Angle_quat_norm_err": 2.220446049250313e-16,
    "LeftElbow_Angle_vel_residual_rms": 23.41043618855947,
    "LeftElbow_Angle_dom_freq": 0.1488042515500443,
    "LeftWrist_Angle_hemisphere_flips": 0,
    "LeftWrist_Angle_quat_norm_err": 1.1102230246251565e-16,
    "LeftWrist_Angle_vel_residual_rms": 31.533277469647718,
    "LeftWrist_Angle_dom_freq": 0.070859167404783,
    "RightClavicle_Angle_hemisphere_flips": 0,
    "RightClavicle_Angle_quat_norm_err": 1.1102230246251565e-16,
    "RightClavicle_Angle_vel_residual_rms": 10.66479996732234,
    "RightClavicle_Angle_dom_freq": 0.021257750221434897,
    "RightShoulder_Joint_Angle_hemisphere_flips": 0,
    "RightShoulder_Joint_Angle_quat_norm_err": 2.220446049250313e-16,
    "RightShoulder_Joint_Angle_vel_residual_rms": 19.292704656228388,
    "RightShoulder_Joint_Angle_dom_freq": 0.021257750221434897,
    "RightElbow_Angle_hemisphere_flips": 0,
    "RightElbow_Angle_quat_norm_err": 2.220446049250313e-16,
    "RightElbow_Angle_vel_residual_rms": 29.62587825258401,
    "RightElbow_Angle_dom_freq": 0.0283436669619132,
    "RightWrist_Angle_hemisphere_flips": 0,
    "RightWrist_Angle_quat_norm_err": 2.220446049250313e-16,
    "RightWrist_Angle_vel_residual_rms": 40.220840403767674,
    "RightWrist_Angle_dom_freq": 0.0141718334809566,
    "L_Thumb1_hemisphere_flips": 0,
    "L_Thumb1_quat_norm_err": 1.1102230246251565e-16,
    "L_Thumb1_vel_residual_rms": 11.37333530756513,
    "L_Thumb1_dom_freq": 0.042515500442869794,
    "L_Thumb2_hemisphere_flips": 0,
    "L_Thumb2_quat_norm_err": 1.1102230246251565e-16,
    "L_Thumb2_vel_residual_rms": 10.230551855544666,
    "L_Thumb2_dom_freq": 0.042515500442869794,
    "L_Thumb3_hemisphere_flips": 0,
    "L_Thumb3_quat_norm_err": 2.220446049250313e-16,
    "L_Thumb3_vel_residual_rms": 10.23050514243047,
    "L_Thumb3_dom_freq": 0.042515500442869794,
    "L_Index1_hemisphere_flips": 0,
    "L_Index1_quat_norm_err": 2.220446049250313e-16,
    "L_Index1_vel_residual_rms": 51.19763644844241,
    "L_Index1_dom_freq": 0.042515500442869794,
    "L_Index2_hemisphere_flips": 0,
    "L_Index2_quat_norm_err": 1.1102230246251565e-16,
    "L_Index2_vel_residual_rms": 58.72641761145772,
    "L_Index2_dom_freq": 0.042515500442869794,
    "L_Index3_hemisphere_flips": 0,
    "L_Index3_quat_norm_err": 1.1102230246251565e-16,
    "L_Index3_vel_residual_rms": 24.406341411427512,
    "L_Index3_dom_freq": 0.042515500442869794
}