{
    "omega_method": "sg_dqdt_quat_internal_only",
    "sg_window_sec": 0.175,
    "sg_polyorder": 3,
    "fs": 120.0,
    "quat_order": "xyzw",
    "Pelvis_Global_Orientation (World Space)_hemisphere_flips": 0,
    "Pelvis_Global_Orientation (World Space)_quat_norm_err": 2.220446049250313e-16,
    "Pelvis_Global_Orientation (World Space)_vel_residual_rms": 7.735111760653449,
    "Pelvis_Global_Orientation (World Space)_dom_freq": 0.00392349190779794,
    "Lumbar_Angle_hemisphere_flips": 0,
    "Lumbar_Angle_quat_norm_err": 2.220446049250313e-16,
    "Lumbar_Angle_vel_residual_rms": 3.654942722042912,
    "Lumbar_Angle_dom_freq": 0.00392349190779794,
    "Thoracic_Angle_hemisphere_flips": 0,
    "Thoracic_Angle_quat_norm_err": 1.1102230246251565e-16,
    "Thoracic_Angle_vel_residual_rms": 4.318192981258137,
    "Thoracic_Angle_dom_freq": 0.00392349190779794,
    "Neck_Base_Angle_hemisphere_flips": 0,
    "Neck_Base_Angle_quat_norm_err": 1.1102230246251565e-16,
    "Neck_Base_Angle_vel_residual_rms": 4.655443114847889,
    "Neck_Base_Angle_dom_freq": 0.00392349190779794,
    "Head_Angle_hemisphere_flips": 0,
    "Head_Angle_quat_norm_err": 2.220446049250313e-16,
    "Head_Angle_vel_residual_rms": 4.655481868844595,
    "Head_Angle_dom_freq": 0.00392349190779794,
    "LeftHip_Angle_hemisphere_flips": 0,
    "LeftHip_Angle_quat_norm_err": 2.220446049250313e-16,
    "LeftHip_Angle_vel_residual_rms": 13.160769069779594,
    "LeftHip_Angle_dom_freq": 0.00392349190779794,
    "LeftKnee_Angle_hemisphere_flips": 0,
    "LeftKnee_Angle_quat_norm_err": 2.220446049250313e-16,
    "LeftKnee_Angle_vel_residual_rms": 25.687832749907656,
    "LeftKnee_Angle_dom_freq": 0.00392349190779794,
    "LeftAnkle_Angle_hemisphere_flips": 0,
    "LeftAnkle_Angle_quat_norm_err": 1.1102230246251565e-16,
    "LeftAnkle_Angle_vel_residual_rms": 17.718997749435342,
    "LeftAnkle_Angle_dom_freq": 0.00392349190779794,
    "LeftToe_Angle_hemisphere_flips": 0,
    "LeftToe_Angle_quat_norm_err": 1.1102230246251565e-16,
    "LeftToe_Angle_vel_residual_rms": 3.7536911158247768,
    "LeftToe_Angle_dom_freq": 0.00392349190779794,
    "RightHip_Angle_hemisphere_flips": 0,
    "RightHip_Angle_quat_norm_err": 2.220446049250313e-16,
    "RightHip_Angle_vel_residual_rms": 8.273258806639372,
    "RightHip_Angle_dom_freq": 0.00392349190779794,
    "RightKnee_Angle_hemisphere_flips": 0,
    "RightKnee_Angle_quat_norm_err": 1.1102230246251565e-16,
    "RightKnee_Angle_vel_residual_rms": 4.113191238125937,
    "RightKnee_Angle_dom_freq": 0.00392349190779794,
    "RightAnkle_Angle_hemisphere_flips": 0,
    "RightAnkle_Angle_quat_norm_err": 2.220446049250313e-16,
    "RightAnkle_Angle_vel_residual_rms": 10.610074148125882,
    "RightAnkle_Angle_dom_freq": 0.00392349190779794,
    "RightToe_Angle_hemisphere_flips": 0,
    "RightToe_Angle_quat_norm_err": 2.220446049250313e-16,
    "RightToe_Angle_vel_residual_rms": 2.84951561848078,
    "RightToe_Angle_dom_freq": 0.00392349190779794,
    "LeftClavicle_Angle_hemisphere_flips": 0,
    "LeftClavicle_Angle_quat_norm_err": 2.220446049250313e-16,
    "LeftClavicle_Angle_vel_residual_rms": 7.713507230353799,
    "LeftClavicle_Angle_dom_freq": 0.00392349190779794,
    "LeftShoulder_Joint_Angle_hemisphere_flips": 0,
    "LeftShoulder_Joint_Angle_quat_norm_err": 2.220446049250313e-16,
    "LeftShoulder_Joint_Angle_vel_residual_rms": 11.92112414479293,
    "LeftShoulder_Joint_Angle_dom_freq": 0.00392349190779794,
    "LeftElbow_Angle_hemisphere_flips": 0,
    "LeftElbow_Angle_quat_norm_err": 2.220446049250313e-16,
    "LeftElbow_Angle_vel_residual_rms": 24.249636506944828,
    "LeftElbow_Angle_dom_freq": 0.011770475723393821,
    "LeftWrist_Angle_hemisphere_flips": 0,
    "LeftWrist_Angle_quat_norm_err": 2.220446049250313e-16,
    "LeftWrist_Angle_vel_residual_rms": 33.315533130848934,
    "LeftWrist_Angle_dom_freq": 0.011770475723393821,
    "RightClavicle_Angle_hemisphere_flips": 0,
    "RightClavicle_Angle_quat_norm_err": 1.1102230246251565e-16,
    "RightClavicle_Angle_vel_residual_rms": 8.790273882045588,
    "RightClavicle_Angle_dom_freq": 0.00392349190779794,
    "RightShoulder_Joint_Angle_hemisphere_flips": 0,
    "RightShoulder_Joint_Angle_quat_norm_err": 2.220446049250313e-16,
    "RightShoulder_Joint_Angle_vel_residual_rms": 14.542346701222383,
    "RightShoulder_Joint_Angle_dom_freq": 0.00392349190779794,
    "RightElbow_Angle_hemisphere_flips": 0,
    "RightElbow_Angle_quat_norm_err": 2.220446049250313e-16,
    "RightElbow_Angle_vel_residual_rms": 24.537335508112363,
    "RightElbow_Angle_dom_freq": 0.00392349190779794,
    "RightWrist_Angle_hemisphere_flips": 0,
    "RightWrist_Angle_quat_norm_err": 2.220446049250313e-16,
    "RightWrist_Angle_vel_residual_rms": 34.02292561385556,
    "RightWrist_Angle_dom_freq": 0.011770475723393821,
    "L_Thumb1_hemisphere_flips": 0,
    "L_Thumb1_quat_norm_err": 1.1102230246251565e-16,
    "L_Thumb1_vel_residual_rms": 8.348422516685774,
    "L_Thumb1_dom_freq": 0.00392349190779794,
    "L_Thumb2_hemisphere_flips": 0,
    "L_Thumb2_quat_norm_err": 2.220446049250313e-16,
    "L_Thumb2_vel_residual_rms": 5.803007135322725,
    "L_Thumb2_dom_freq": 0.00392349190779794,
    "L_Thumb3_hemisphere_flips": 0,
    "L_Thumb3_quat_norm_err": 2.220446049250313e-16,
    "L_Thumb3_vel_residual_rms": 5.80299704242897,
    "L_Thumb3_dom_freq": 0.00392349190779794,
    "L_Index1_hemisphere_flips": 0,
    "L_Index1_quat_norm_err": 2.220446049250313e-16,
    "L_Index1_vel_residual_rms": 21.61652138828897,
    "L_Index1_dom_freq": 0.00392349190779794,
    "L_Index2_hemisphere_flips": 0,
    "L_Index2_quat_norm_err": 1.1102230246251565e-16,
    "L_Index2_vel_residual_rms": 23.254063982897808,
    "L_Index2_dom_freq": 0.00392349190779794,
    "L_Index3_hemisphere_flips": 0,
    "L_Index3_quat_norm_err": 2.220446049250313e-16,
    "L_Index3_vel_residual_rms": 9.680370138174906,
    "L_Index3_dom_freq": 0.00392349190779794
}