{
    "omega_method": "sg_dqdt_quat_internal_only",
    "sg_window_sec": 0.175,
    "sg_polyorder": 3,
    "fs": 120.0,
    "quat_order": "xyzw",
    "Pelvis_Global_Orientation (World Space)_hemisphere_flips": 0,
    "Pelvis_Global_Orientation (World Space)_quat_norm_err": 1.1102230246251565e-16,
    "Pelvis_Global_Orientation (World Space)_vel_residual_rms": 4.124071604162715,
    "Pelvis_Global_Orientation (World Space)_dom_freq": 0.0038963569062926166,
    "Lumbar_Angle_hemisphere_flips": 0,
    "Lumbar_Angle_quat_norm_err": 1.1102230246251565e-16,
    "Lumbar_Angle_vel_residual_rms": 2.2015511127558027,
    "Lumbar_Angle_dom_freq": 0.0038963569062926166,
    "Thoracic_Angle_hemisphere_flips": 0,
    "Thoracic_Angle_quat_norm_err": 1.1102230246251565e-16,
    "Thoracic_Angle_vel_residual_rms": 2.8566573851649295,
    "Thoracic_Angle_dom_freq": 0.0038963569062926166,
    "Neck_Base_Angle_hemisphere_flips": 0,
    "Neck_Base_Angle_quat_norm_err": 2.220446049250313e-16,
    "Neck_Base_Angle_vel_residual_rms": 3.3519053325411803,
    "Neck_Base_Angle_dom_freq": 0.0038963569062926166,
    "Head_Angle_hemisphere_flips": 0,
    "Head_Angle_quat_norm_err": 1.1102230246251565e-16,
    "Head_Angle_vel_residual_rms": 3.351888381118939,
    "Head_Angle_dom_freq": 0.0038963569062926166,
    "LeftHip_Angle_hemisphere_flips": 0,
    "LeftHip_Angle_quat_norm_err": 2.220446049250313e-16,
    "LeftHip_Angle_vel_residual_rms": 5.194937973865958,
    "LeftHip_Angle_dom_freq": 0.0038963569062926166,
    "LeftKnee_Angle_hemisphere_flips": 0,
    "LeftKnee_Angle_quat_norm_err": 1.1102230246251565e-16,
    "LeftKnee_Angle_vel_residual_rms": 5.192228035831827,
    "LeftKnee_Angle_dom_freq": 0.0038963569062926166,
    "LeftAnkle_Angle_hemisphere_flips": 0,
    "LeftAnkle_Angle_quat_norm_err": 2.220446049250313e-16,
    "LeftAnkle_Angle_vel_residual_rms": 8.425592256930504,
    "LeftAnkle_Angle_dom_freq": 0.0038963569062926166,
    "LeftToe_Angle_hemisphere_flips": 0,
    "LeftToe_Angle_quat_norm_err": 2.220446049250313e-16,
    "LeftToe_Angle_vel_residual_rms": 2.4404288567070367,
    "LeftToe_Angle_dom_freq": 0.0038963569062926166,
    "RightHip_Angle_hemisphere_flips": 0,
    "RightHip_Angle_quat_norm_err": 1.1102230246251565e-16,
    "RightHip_Angle_vel_residual_rms": 4.7943925832950915,
    "RightHip_Angle_dom_freq": 0.0038963569062926166,
    "RightKnee_Angle_hemisphere_flips": 0,
    "RightKnee_Angle_quat_norm_err": 2.220446049250313e-16,
    "RightKnee_Angle_vel_residual_rms": 4.444398794436337,
    "RightKnee_Angle_dom_freq": 0.0038963569062926166,
    "RightAnkle_Angle_hemisphere_flips": 0,
    "RightAnkle_Angle_quat_norm_err": 2.220446049250313e-16,
    "RightAnkle_Angle_vel_residual_rms": 8.01767881669215,
    "RightAnkle_Angle_dom_freq": 0.0038963569062926166,
    "RightToe_Angle_hemisphere_flips": 0,
    "RightToe_Angle_quat_norm_err": 1.1102230246251565e-16,
    "RightToe_Angle_vel_residual_rms": 2.6248808104270194,
    "RightToe_Angle_dom_freq": 0.0038963569062926166,
    "LeftClavicle_Angle_hemisphere_flips": 0,
    "LeftClavicle_Angle_quat_norm_err": 1.1102230246251565e-16,
    "LeftClavicle_Angle_vel_residual_rms": 7.105552927147111,
    "LeftClavicle_Angle_dom_freq": 0.0038963569062926166,
    "LeftShoulder_Joint_Angle_hemisphere_flips": 0,
    "LeftShoulder_Joint_Angle_quat_norm_err": 2.220446049250313e-16,
    "LeftShoulder_Joint_Angle_vel_residual_rms": 13.959284893805142,
    "LeftShoulder_Joint_Angle_dom_freq": 0.0038963569062926166,
    "LeftElbow_Angle_hemisphere_flips": 0,
    "LeftElbow_Angle_quat_norm_err": 2.220446049250313e-16,
    "LeftElbow_Angle_vel_residual_rms": 23.258391045715637,
    "LeftElbow_Angle_dom_freq": 0.0038963569062926166,
    "LeftWrist_Angle_hemisphere_flips": 0,
    "LeftWrist_Angle_quat_norm_err": 2.220446049250313e-16,
    "LeftWrist_Angle_vel_residual_rms": 26.48840014205785,
    "LeftWrist_Angle_dom_freq": 0.0038963569062926166,
    "RightClavicle_Angle_hemisphere_flips": 0,
    "RightClavicle_Angle_quat_norm_err": 1.1102230246251565e-16,
    "RightClavicle_Angle_vel_residual_rms": 7.193096088424445,
    "RightClavicle_Angle_dom_freq": 0.0038963569062926166,
    "RightShoulder_Joint_Angle_hemisphere_flips": 0,
    "RightShoulder_Joint_Angle_quat_norm_err": 2.220446049250313e-16,
    "RightShoulder_Joint_Angle_vel_residual_rms": 13.154795750185954,
    "RightShoulder_Joint_Angle_dom_freq": 0.0038963569062926166,
    "RightElbow_Angle_hemisphere_flips": 0,
    "RightElbow_Angle_quat_norm_err": 2.220446049250313e-16,
    "RightElbow_Angle_vel_residual_rms": 24.964435784508456,
    "RightElbow_Angle_dom_freq": 0.0038963569062926166,
    "RightWrist_Angle_hemisphere_flips": 0,
    "RightWrist_Angle_quat_norm_err": 2.220446049250313e-16,
    "RightWrist_Angle_vel_residual_rms": 30.017279420061005,
    "RightWrist_Angle_dom_freq": 0.0038963569062926166,
    "L_Thumb1_hemisphere_flips": 0,
    "L_Thumb1_quat_norm_err": 2.220446049250313e-16,
    "L_Thumb1_vel_residual_rms": 18.053915860121155,
    "L_Thumb1_dom_freq": 0.0038963569062926166,
    "L_Thumb2_hemisphere_flips": 0,
    "L_Thumb2_quat_norm_err": 1.1102230246251565e-16,
    "L_Thumb2_vel_residual_rms": 10.138865270630728,
    "L_Thumb2_dom_freq": 0.0038963569062926166,
    "L_Thumb3_hemisphere_flips": 0,
    "L_Thumb3_quat_norm_err": 2.220446049250313e-16,
    "L_Thumb3_vel_residual_rms": 10.138898960997848,
    "L_Thumb3_dom_freq": 0.0038963569062926166,
    "L_Index1_hemisphere_flips": 0,
    "L_Index1_quat_norm_err": 2.220446049250313e-16,
    "L_Index1_vel_residual_rms": 20.79048637982578,
    "L_Index1_dom_freq": 0.0038963569062926166,
    "L_Index2_hemisphere_flips": 0,
    "L_Index2_quat_norm_err": 2.220446049250313e-16,
    "L_Index2_vel_residual_rms": 19.14282939256646,
    "L_Index2_dom_freq": 0.0038963569062926166,
    "L_Index3_hemisphere_flips": 0,
    "L_Index3_quat_norm_err": 2.220446049250313e-16,
    "L_Index3_vel_residual_rms": 7.955631462395033,
    "L_Index3_dom_freq": 0.0038963569062926166
}