{
    "omega_method": "sg_dqdt_quat_internal_only",
    "sg_window_sec": 0.175,
    "sg_polyorder": 3,
    "fs": 120.0,
    "quat_order": "xyzw",
    "Pelvis_Global_Orientation (World Space)_hemisphere_flips": 0,
    "Pelvis_Global_Orientation (World Space)_quat_norm_err": 2.220446049250313e-16,
    "Pelvis_Global_Orientation (World Space)_vel_residual_rms": 4.246131971381647,
    "Pelvis_Global_Orientation (World Space)_dom_freq": 0.0055309734513274336,
    "Lumbar_Angle_hemisphere_flips": 0,
    "Lumbar_Angle_quat_norm_err": 2.220446049250313e-16,
    "Lumbar_Angle_vel_residual_rms": 2.076459433524811,
    "Lumbar_Angle_dom_freq": 0.0055309734513274336,
    "Thoracic_Angle_hemisphere_flips": 0,
    "Thoracic_Angle_quat_norm_err": 1.1102230246251565e-16,
    "Thoracic_Angle_vel_residual_rms": 2.977909251902549,
    "Thoracic_Angle_dom_freq": 0.0055309734513274336,
    "Neck_Base_Angle_hemisphere_flips": 0,
    "Neck_Base_Angle_quat_norm_err": 2.220446049250313e-16,
    "Neck_Base_Angle_vel_residual_rms": 3.415470164102264,
    "Neck_Base_Angle_dom_freq": 0.0331858407079646,
    "Head_Angle_hemisphere_flips": 0,
    "Head_Angle_quat_norm_err": 1.1102230246251565e-16,
    "Head_Angle_vel_residual_rms": 3.4154286122341615,
    "Head_Angle_dom_freq": 0.0331858407079646,
    "LeftHip_Angle_hemisphere_flips": 0,
    "LeftHip_Angle_quat_norm_err": 1.1102230246251565e-16,
    "LeftHip_Angle_vel_residual_rms": 6.476870980578558,
    "LeftHip_Angle_dom_freq": 0.011061946902654867,
    "LeftKnee_Angle_hemisphere_flips": 0,
    "LeftKnee_Angle_quat_norm_err": 2.220446049250313e-16,
    "LeftKnee_Angle_vel_residual_rms": 8.376672744397522,
    "LeftKnee_Angle_dom_freq": 0.011061946902654867,
    "LeftAnkle_Angle_hemisphere_flips": 0,
    "LeftAnkle_Angle_quat_norm_err": 2.220446049250313e-16,
    "LeftAnkle_Angle_vel_residual_rms": 11.623116664718872,
    "LeftAnkle_Angle_dom_freq": 0.0165929203539823,
    "LeftToe_Angle_hemisphere_flips": 0,
    "LeftToe_Angle_quat_norm_err": 1.1102230246251565e-16,
    "LeftToe_Angle_vel_residual_rms": 5.325948920274473,
    "LeftToe_Angle_dom_freq": 0.0165929203539823,
    "RightHip_Angle_hemisphere_flips": 0,
    "RightHip_Angle_quat_norm_err": 2.220446049250313e-16,
    "RightHip_Angle_vel_residual_rms": 5.869139773315142,
    "RightHip_Angle_dom_freq": 0.011061946902654867,
    "RightKnee_Angle_hemisphere_flips": 0,
    "RightKnee_Angle_quat_norm_err": 1.1102230246251565e-16,
    "RightKnee_Angle_vel_residual_rms": 7.188486951796352,
    "RightKnee_Angle_dom_freq": 0.011061946902654867,
    "RightAnkle_Angle_hemisphere_flips": 0,
    "RightAnkle_Angle_quat_norm_err": 2.220446049250313e-16,
    "RightAnkle_Angle_vel_residual_rms": 11.090482184874524,
    "RightAnkle_Angle_dom_freq": 0.0165929203539823,
    "RightToe_Angle_hemisphere_flips": 0,
    "RightToe_Angle_quat_norm_err": 1.1102230246251565e-16,
    "RightToe_Angle_vel_residual_rms": 5.576372418663076,
    "RightToe_Angle_dom_freq": 0.0165929203539823,
    "LeftClavicle_Angle_hemisphere_flips": 0,
    "LeftClavicle_Angle_quat_norm_err": 2.220446049250313e-16,
    "LeftClavicle_Angle_vel_residual_rms": 6.916980887858441,
    "LeftClavicle_Angle_dom_freq": 0.0165929203539823,
    "LeftShoulder_Joint_Angle_hemisphere_flips": 0,
    "LeftShoulder_Joint_Angle_quat_norm_err": 2.220446049250313e-16,
    "LeftShoulder_Joint_Angle_vel_residual_rms": 11.661860338595142,
    "LeftShoulder_Joint_Angle_dom_freq": 0.0165929203539823,
    "LeftElbow_Angle_hemisphere_flips": 0,
    "LeftElbow_Angle_quat_norm_err": 2.220446049250313e-16,
    "LeftElbow_Angle_vel_residual_rms": 31.22342910702557,
    "LeftElbow_Angle_dom_freq": 0.0165929203539823,
    "LeftWrist_Angle_hemisphere_flips": 0,
    "LeftWrist_Angle_quat_norm_err": 1.1102230246251565e-16,
    "LeftWrist_Angle_vel_residual_rms": 36.29489600731435,
    "LeftWrist_Angle_dom_freq": 0.0165929203539823,
    "RightClavicle_Angle_hemisphere_flips": 0,
    "RightClavicle_Angle_quat_norm_err": 2.220446049250313e-16,
    "RightClavicle_Angle_vel_residual_rms": 7.452115299255532,
    "RightClavicle_Angle_dom_freq": 0.011061946902654867,
    "RightShoulder_Joint_Angle_hemisphere_flips": 0,
    "RightShoulder_Joint_Angle_quat_norm_err": 2.220446049250313e-16,
    "RightShoulder_Joint_Angle_vel_residual_rms": 11.854442344982834,
    "RightShoulder_Joint_Angle_dom_freq": 0.0055309734513274336,
    "RightElbow_Angle_hemisphere_flips": 0,
    "RightElbow_Angle_quat_norm_err": 2.220446049250313e-16,
    "RightElbow_Angle_vel_residual_rms": 25.685863434240794,
    "RightElbow_Angle_dom_freq": 0.0165929203539823,
    "RightWrist_Angle_hemisphere_flips": 0,
    "RightWrist_Angle_quat_norm_err": 2.220446049250313e-16,
    "RightWrist_Angle_vel_residual_rms": 35.87300650991948,
    "RightWrist_Angle_dom_freq": 0.0165929203539823,
    "L_Thumb1_hemisphere_flips": 0,
    "L_Thumb1_quat_norm_err": 1.1102230246251565e-16,
    "L_Thumb1_vel_residual_rms": 36.635380057842944,
    "L_Thumb1_dom_freq": 0.0165929203539823,
    "L_Thumb2_hemisphere_flips": 0,
    "L_Thumb2_quat_norm_err": 1.1102230246251565e-16,
    "L_Thumb2_vel_residual_rms": 28.81840147185807,
    "L_Thumb2_dom_freq": 0.0165929203539823,
    "L_Thumb3_hemisphere_flips": 0,
    "L_Thumb3_quat_norm_err": 1.1102230246251565e-16,
    "L_Thumb3_vel_residual_rms": 28.81829594325495,
    "L_Thumb3_dom_freq": 0.0165929203539823,
    "L_Index1_hemisphere_flips": 0,
    "L_Index1_quat_norm_err": 1.1102230246251565e-16,
    "L_Index1_vel_residual_rms": 12.361536321532093,
    "L_Index1_dom_freq": 0.0165929203539823,
    "L_Index2_hemisphere_flips": 0,
    "L_Index2_quat_norm_err": 2.220446049250313e-16,
    "L_Index2_vel_residual_rms": 11.662109528779617,
    "L_Index2_dom_freq": 0.0165929203539823,
    "L_Index3_hemisphere_flips": 0,
    "L_Index3_quat_norm_err": 2.220446049250313e-16,
    "L_Index3_vel_residual_rms": 4.856504930224051,
    "L_Index3_dom_freq": 0.0165929203539823
}