{
    "omega_method": "sg_dqdt_quat_internal_only",
    "sg_window_sec": 0.175,
    "sg_polyorder": 3,
    "fs": 120.0,
    "quat_order": "xyzw",
    "Pelvis_Global_Orientation (World Space)_hemisphere_flips": 0,
    "Pelvis_Global_Orientation (World Space)_quat_norm_err": 2.220446049250313e-16,
    "Pelvis_Global_Orientation (World Space)_vel_residual_rms": 11.986277432563142,
    "Pelvis_Global_Orientation (World Space)_dom_freq": 0.007478965409784979,
    "Lumbar_Angle_hemisphere_flips": 0,
    "Lumbar_Angle_quat_norm_err": 1.1102230246251565e-16,
    "Lumbar_Angle_vel_residual_rms": 6.537093364896787,
    "Lumbar_Angle_dom_freq": 0.007478965409784979,
    "Thoracic_Angle_hemisphere_flips": 0,
    "Thoracic_Angle_quat_norm_err": 2.220446049250313e-16,
    "Thoracic_Angle_vel_residual_rms": 7.580783155997795,
    "Thoracic_Angle_dom_freq": 0.007478965409784979,
    "Neck_Base_Angle_hemisphere_flips": 0,
    "Neck_Base_Angle_quat_norm_err": 2.220446049250313e-16,
    "Neck_Base_Angle_vel_residual_rms": 7.779156860696319,
    "Neck_Base_Angle_dom_freq": 0.007478965409784979,
    "Head_Angle_hemisphere_flips": 0,
    "Head_Angle_quat_norm_err": 1.1102230246251565e-16,
    "Head_Angle_vel_residual_rms": 7.7790388253900975,
    "Head_Angle_dom_freq": 0.007478965409784979,
    "LeftHip_Angle_hemisphere_flips": 0,
    "LeftHip_Angle_quat_norm_err": 2.220446049250313e-16,
    "LeftHip_Angle_vel_residual_rms": 17.979813190782522,
    "LeftHip_Angle_dom_freq": 0.007478965409784979,
    "LeftKnee_Angle_hemisphere_flips": 0,
    "LeftKnee_Angle_quat_norm_err": 2.220446049250313e-16,
    "LeftKnee_Angle_vel_residual_rms": 26.26326863212731,
    "LeftKnee_Angle_dom_freq": 0.007478965409784979,
    "LeftAnkle_Angle_hemisphere_flips": 0,
    "LeftAnkle_Angle_quat_norm_err": 1.1102230246251565e-16,
    "LeftAnkle_Angle_vel_residual_rms": 29.493913427301926,
    "LeftAnkle_Angle_dom_freq": 0.007478965409784979,
    "LeftToe_Angle_hemisphere_flips": 0,
    "LeftToe_Angle_quat_norm_err": 1.1102230246251565e-16,
    "LeftToe_Angle_vel_residual_rms": 12.233637881931042,
    "LeftToe_Angle_dom_freq": 0.007478965409784979,
    "RightHip_Angle_hemisphere_flips": 0,
    "RightHip_Angle_quat_norm_err": 2.220446049250313e-16,
    "RightHip_Angle_vel_residual_rms": 14.925189972710086,
    "RightHip_Angle_dom_freq": 0.007478965409784979,
    "RightKnee_Angle_hemisphere_flips": 0,
    "RightKnee_Angle_quat_norm_err": 2.220446049250313e-16,
    "RightKnee_Angle_vel_residual_rms": 15.224023851037705,
    "RightKnee_Angle_dom_freq": 0.007478965409784979,
    "RightAnkle_Angle_hemisphere_flips": 0,
    "RightAnkle_Angle_quat_norm_err": 2.220446049250313e-16,
    "RightAnkle_Angle_vel_residual_rms": 23.69897538479521,
    "RightAnkle_Angle_dom_freq": 0.007478965409784979,
    "RightToe_Angle_hemisphere_flips": 0,
    "RightToe_Angle_quat_norm_err": 1.1102230246251565e-16,
    "RightToe_Angle_vel_residual_rms": 9.296782165331331,
    "RightToe_Angle_dom_freq": 0.007478965409784979,
    "LeftClavicle_Angle_hemisphere_flips": 0,
    "LeftClavicle_Angle_quat_norm_err": 1.1102230246251565e-16,
    "LeftClavicle_Angle_vel_residual_rms": 11.799198717224655,
    "LeftClavicle_Angle_dom_freq": 0.007478965409784979,
    "LeftShoulder_Joint_Angle_hemisphere_flips": 0,
    "LeftShoulder_Joint_Angle_quat_norm_err": 2.220446049250313e-16,
    "LeftShoulder_Joint_Angle_vel_residual_rms": 15.2843380038917,
    "LeftShoulder_Joint_Angle_dom_freq": 0.007478965409784979,
    "LeftElbow_Angle_hemisphere_flips": 0,
    "LeftElbow_Angle_quat_norm_err": 2.220446049250313e-16,
    "LeftElbow_Angle_vel_residual_rms": 25.70094476121114,
    "LeftElbow_Angle_dom_freq": 0.007478965409784979,
    "LeftWrist_Angle_hemisphere_flips": 0,
    "LeftWrist_Angle_quat_norm_err": 2.220446049250313e-16,
    "LeftWrist_Angle_vel_residual_rms": 42.54038268713264,
    "LeftWrist_Angle_dom_freq": 0.007478965409784979,
    "RightClavicle_Angle_hemisphere_flips": 0,
    "RightClavicle_Angle_quat_norm_err": 2.220446049250313e-16,
    "RightClavicle_Angle_vel_residual_rms": 14.555894664099503,
    "RightClavicle_Angle_dom_freq": 0.007478965409784979,
    "RightShoulder_Joint_Angle_hemisphere_flips": 0,
    "RightShoulder_Joint_Angle_quat_norm_err": 2.220446049250313e-16,
    "RightShoulder_Joint_Angle_vel_residual_rms": 23.675861684750952,
    "RightShoulder_Joint_Angle_dom_freq": 0.007478965409784979,
    "RightElbow_Angle_hemisphere_flips": 0,
    "RightElbow_Angle_quat_norm_err": 2.220446049250313e-16,
    "RightElbow_Angle_vel_residual_rms": 35.216254789384486,
    "RightElbow_Angle_dom_freq": 0.007478965409784979,
    "RightWrist_Angle_hemisphere_flips": 0,
    "RightWrist_Angle_quat_norm_err": 2.220446049250313e-16,
    "RightWrist_Angle_vel_residual_rms": 64.40891662960678,
    "RightWrist_Angle_dom_freq": 0.007478965409784979,
    "L_Thumb1_hemisphere_flips": 0,
    "L_Thumb1_quat_norm_err": 1.1102230246251565e-16,
    "L_Thumb1_vel_residual_rms": 21.12132702324767,
    "L_Thumb1_dom_freq": 0.007478965409784979,
    "L_Thumb2_hemisphere_flips": 0,
    "L_Thumb2_quat_norm_err": 1.1102230246251565e-16,
    "L_Thumb2_vel_residual_rms": 18.39369842310689,
    "L_Thumb2_dom_freq": 0.007478965409784979,
    "L_Thumb3_hemisphere_flips": 0,
    "L_Thumb3_quat_norm_err": 1.1102230246251565e-16,
    "L_Thumb3_vel_residual_rms": 18.393675759826127,
    "L_Thumb3_dom_freq": 0.007478965409784979,
    "L_Index1_hemisphere_flips": 0,
    "L_Index1_quat_norm_err": 1.1102230246251565e-16,
    "L_Index1_vel_residual_rms": 12.497894151770753,
    "L_Index1_dom_freq": 0.007478965409784979,
    "L_Index2_hemisphere_flips": 0,
    "L_Index2_quat_norm_err": 1.1102230246251565e-16,
    "L_Index2_vel_residual_rms": 8.90667950680056,
    "L_Index2_dom_freq": 0.014957930819569958,
    "L_Index3_hemisphere_flips": 0,
    "L_Index3_quat_norm_err": 2.220446049250313e-16,
    "L_Index3_vel_residual_rms": 3.7102998230882247,
    "L_Index3_dom_freq": 0.014957930819569958
}