{
    "omega_method": "sg_dqdt_quat_internal_only",
    "sg_window_sec": 0.175,
    "sg_polyorder": 3,
    "fs": 120.0,
    "quat_order": "xyzw",
    "Pelvis_Global_Orientation (World Space)_hemisphere_flips": 0,
    "Pelvis_Global_Orientation (World Space)_quat_norm_err": 2.220446049250313e-16,
    "Pelvis_Global_Orientation (World Space)_vel_residual_rms": 7.348100077648313,
    "Pelvis_Global_Orientation (World Space)_dom_freq": 0.003929916489274603,
    "Lumbar_Angle_hemisphere_flips": 0,
    "Lumbar_Angle_quat_norm_err": 1.1102230246251565e-16,
    "Lumbar_Angle_vel_residual_rms": 4.480000717839472,
    "Lumbar_Angle_dom_freq": 0.003929916489274603,
    "Thoracic_Angle_hemisphere_flips": 0,
    "Thoracic_Angle_quat_norm_err": 2.220446049250313e-16,
    "Thoracic_Angle_vel_residual_rms": 5.094899518157883,
    "Thoracic_Angle_dom_freq": 0.003929916489274603,
    "Neck_Base_Angle_hemisphere_flips": 0,
    "Neck_Base_Angle_quat_norm_err": 1.1102230246251565e-16,
    "Neck_Base_Angle_vel_residual_rms": 6.799450002025274,
    "Neck_Base_Angle_dom_freq": 0.003929916489274603,
    "Head_Angle_hemisphere_flips": 0,
    "Head_Angle_quat_norm_err": 1.1102230246251565e-16,
    "Head_Angle_vel_residual_rms": 6.799406697766938,
    "Head_Angle_dom_freq": 0.003929916489274603,
    "LeftHip_Angle_hemisphere_flips": 0,
    "LeftHip_Angle_quat_norm_err": 2.220446049250313e-16,
    "LeftHip_Angle_vel_residual_rms": 9.058001898372599,
    "LeftHip_Angle_dom_freq": 0.003929916489274603,
    "LeftKnee_Angle_hemisphere_flips": 0,
    "LeftKnee_Angle_quat_norm_err": 1.1102230246251565e-16,
    "LeftKnee_Angle_vel_residual_rms": 10.72255387194608,
    "LeftKnee_Angle_dom_freq": 0.003929916489274603,
    "LeftAnkle_Angle_hemisphere_flips": 0,
    "LeftAnkle_Angle_quat_norm_err": 2.220446049250313e-16,
    "LeftAnkle_Angle_vel_residual_rms": 15.91096145174828,
    "LeftAnkle_Angle_dom_freq": 0.003929916489274603,
    "LeftToe_Angle_hemisphere_flips": 0,
    "LeftToe_Angle_quat_norm_err": 1.1102230246251565e-16,
    "LeftToe_Angle_vel_residual_rms": 5.110978918913517,
    "LeftToe_Angle_dom_freq": 0.003929916489274603,
    "RightHip_Angle_hemisphere_flips": 0,
    "RightHip_Angle_quat_norm_err": 2.220446049250313e-16,
    "RightHip_Angle_vel_residual_rms": 8.280693627936,
    "RightHip_Angle_dom_freq": 0.003929916489274603,
    "RightKnee_Angle_hemisphere_flips": 0,
    "RightKnee_Angle_quat_norm_err": 2.220446049250313e-16,
    "RightKnee_Angle_vel_residual_rms": 9.021612375931944,
    "RightKnee_Angle_dom_freq": 0.003929916489274603,
    "RightAnkle_Angle_hemisphere_flips": 0,
    "RightAnkle_Angle_quat_norm_err": 2.220446049250313e-16,
    "RightAnkle_Angle_vel_residual_rms": 15.87008849081526,
    "RightAnkle_Angle_dom_freq": 0.003929916489274603,
    "RightToe_Angle_hemisphere_flips": 0,
    "RightToe_Angle_quat_norm_err": 1.1102230246251565e-16,
    "RightToe_Angle_vel_residual_rms": 5.173463946496941,
    "RightToe_Angle_dom_freq": 0.003929916489274603,
    "LeftClavicle_Angle_hemisphere_flips": 0,
    "LeftClavicle_Angle_quat_norm_err": 1.1102230246251565e-16,
    "LeftClavicle_Angle_vel_residual_rms": 11.36073670331649,
    "LeftClavicle_Angle_dom_freq": 0.003929916489274603,
    "LeftShoulder_Joint_Angle_hemisphere_flips": 0,
    "LeftShoulder_Joint_Angle_quat_norm_err": 2.220446049250313e-16,
    "LeftShoulder_Joint_Angle_vel_residual_rms": 16.21294948234263,
    "LeftShoulder_Joint_Angle_dom_freq": 0.003929916489274603,
    "LeftElbow_Angle_hemisphere_flips": 0,
    "LeftElbow_Angle_quat_norm_err": 2.220446049250313e-16,
    "LeftElbow_Angle_vel_residual_rms": 27.939892979679534,
    "LeftElbow_Angle_dom_freq": 0.003929916489274603,
    "LeftWrist_Angle_hemisphere_flips": 0,
    "LeftWrist_Angle_quat_norm_err": 2.220446049250313e-16,
    "LeftWrist_Angle_vel_residual_rms": 51.06327328130781,
    "LeftWrist_Angle_dom_freq": 0.01178974946782381,
    "RightClavicle_Angle_hemisphere_flips": 0,
    "RightClavicle_Angle_quat_norm_err": 1.1102230246251565e-16,
    "RightClavicle_Angle_vel_residual_rms": 13.443894043831444,
    "RightClavicle_Angle_dom_freq": 0.003929916489274603,
    "RightShoulder_Joint_Angle_hemisphere_flips": 0,
    "RightShoulder_Joint_Angle_quat_norm_err": 2.220446049250313e-16,
    "RightShoulder_Joint_Angle_vel_residual_rms": 23.29969653582221,
    "RightShoulder_Joint_Angle_dom_freq": 0.003929916489274603,
    "RightElbow_Angle_hemisphere_flips": 0,
    "RightElbow_Angle_quat_norm_err": 2.220446049250313e-16,
    "RightElbow_Angle_vel_residual_rms": 37.370140438668166,
    "RightElbow_Angle_dom_freq": 0.003929916489274603,
    "RightWrist_Angle_hemisphere_flips": 0,
    "RightWrist_Angle_quat_norm_err": 2.220446049250313e-16,
    "RightWrist_Angle_vel_residual_rms": 62.92809909751584,
    "RightWrist_Angle_dom_freq": 0.003929916489274603,
    "L_Thumb1_hemisphere_flips": 0,
    "L_Thumb1_quat_norm_err": 1.1102230246251565e-16,
    "L_Thumb1_vel_residual_rms": 21.418599036251305,
    "L_Thumb1_dom_freq": 0.007859832978549206,
    "L_Thumb2_hemisphere_flips": 0,
    "L_Thumb2_quat_norm_err": 1.1102230246251565e-16,
    "L_Thumb2_vel_residual_rms": 18.996051719643585,
    "L_Thumb2_dom_freq": 0.007859832978549206,
    "L_Thumb3_hemisphere_flips": 0,
    "L_Thumb3_quat_norm_err": 2.220446049250313e-16,
    "L_Thumb3_vel_residual_rms": 18.996012412506794,
    "L_Thumb3_dom_freq": 0.007859832978549206,
    "L_Index1_hemisphere_flips": 0,
    "L_Index1_quat_norm_err": 2.220446049250313e-16,
    "L_Index1_vel_residual_rms": 11.494532027443398,
    "L_Index1_dom_freq": 0.007859832978549206,
    "L_Index2_hemisphere_flips": 0,
    "L_Index2_quat_norm_err": 1.1102230246251565e-16,
    "L_Index2_vel_residual_rms": 10.382819348343633,
    "L_Index2_dom_freq": 0.007859832978549206,
    "L_Index3_hemisphere_flips": 0,
    "L_Index3_quat_norm_err": 1.1102230246251565e-16,
    "L_Index3_vel_residual_rms": 4.3256555051614205,
    "L_Index3_dom_freq": 0.007859832978549206
}