{
    "omega_method": "sg_dqdt_quat_internal_only",
    "sg_window_sec": 0.175,
    "sg_polyorder": 3,
    "fs": 120.0,
    "quat_order": "xyzw",
    "Pelvis_Global_Orientation (World Space)_hemisphere_flips": 0,
    "Pelvis_Global_Orientation (World Space)_quat_norm_err": 2.220446049250313e-16,
    "Pelvis_Global_Orientation (World Space)_vel_residual_rms": 22.259479798162563,
    "Pelvis_Global_Orientation (World Space)_dom_freq": 0.05610847638768286,
    "Lumbar_Angle_hemisphere_flips": 0,
    "Lumbar_Angle_quat_norm_err": 2.220446049250313e-16,
    "Lumbar_Angle_vel_residual_rms": 11.366441461075148,
    "Lumbar_Angle_dom_freq": 0.05610847638768286,
    "Thoracic_Angle_hemisphere_flips": 0,
    "Thoracic_Angle_quat_norm_err": 2.220446049250313e-16,
    "Thoracic_Angle_vel_residual_rms": 15.382816458527524,
    "Thoracic_Angle_dom_freq": 0.05610847638768286,
    "Neck_Base_Angle_hemisphere_flips": 0,
    "Neck_Base_Angle_quat_norm_err": 1.1102230246251565e-16,
    "Neck_Base_Angle_vel_residual_rms": 38.17782412517932,
    "Neck_Base_Angle_dom_freq": 0.016030993253623674,
    "Head_Angle_hemisphere_flips": 0,
    "Head_Angle_quat_norm_err": 1.1102230246251565e-16,
    "Head_Angle_vel_residual_rms": 38.177942917852675,
    "Head_Angle_dom_freq": 0.016030993253623674,
    "LeftHip_Angle_hemisphere_flips": 0,
    "LeftHip_Angle_quat_norm_err": 2.220446049250313e-16,
    "LeftHip_Angle_vel_residual_rms": 28.322619341022595,
    "LeftHip_Angle_dom_freq": 0.016030993253623674,
    "LeftKnee_Angle_hemisphere_flips": 0,
    "LeftKnee_Angle_quat_norm_err": 2.220446049250313e-16,
    "LeftKnee_Angle_vel_residual_rms": 22.059657197297952,
    "LeftKnee_Angle_dom_freq": 0.008015496626811837,
    "LeftAnkle_Angle_hemisphere_flips": 0,
    "LeftAnkle_Angle_quat_norm_err": 2.220446049250313e-16,
    "LeftAnkle_Angle_vel_residual_rms": 33.36813192797972,
    "LeftAnkle_Angle_dom_freq": 0.040077483134059184,
    "LeftToe_Angle_hemisphere_flips": 0,
    "LeftToe_Angle_quat_norm_err": 2.220446049250313e-16,
    "LeftToe_Angle_vel_residual_rms": 11.720472954716367,
    "LeftToe_Angle_dom_freq": 0.040077483134059184,
    "RightHip_Angle_hemisphere_flips": 0,
    "RightHip_Angle_quat_norm_err": 2.220446049250313e-16,
    "RightHip_Angle_vel_residual_rms": 26.532270850305324,
    "RightHip_Angle_dom_freq": 0.016030993253623674,
    "RightKnee_Angle_hemisphere_flips": 0,
    "RightKnee_Angle_quat_norm_err": 1.1102230246251565e-16,
    "RightKnee_Angle_vel_residual_rms": 19.945755559258448,
    "RightKnee_Angle_dom_freq": 0.024046489880435513,
    "RightAnkle_Angle_hemisphere_flips": 0,
    "RightAnkle_Angle_quat_norm_err": 2.220446049250313e-16,
    "RightAnkle_Angle_vel_residual_rms": 32.750173222515826,
    "RightAnkle_Angle_dom_freq": 0.024046489880435513,
    "RightToe_Angle_hemisphere_flips": 0,
    "RightToe_Angle_quat_norm_err": 2.220446049250313e-16,
    "RightToe_Angle_vel_residual_rms": 11.308135016738849,
    "RightToe_Angle_dom_freq": 0.09618595952174205,
    "LeftClavicle_Angle_hemisphere_flips": 0,
    "LeftClavicle_Angle_quat_norm_err": 1.1102230246251565e-16,
    "LeftClavicle_Angle_vel_residual_rms": 29.48188474621526,
    "LeftClavicle_Angle_dom_freq": 0.016030993253623674,
    "LeftShoulder_Joint_Angle_hemisphere_flips": 0,
    "LeftShoulder_Joint_Angle_quat_norm_err": 2.220446049250313e-16,
    "LeftShoulder_Joint_Angle_vel_residual_rms": 42.53368114836987,
    "LeftShoulder_Joint_Angle_dom_freq": 0.0641239730144947,
    "LeftElbow_Angle_hemisphere_flips": 0,
    "LeftElbow_Angle_quat_norm_err": 2.220446049250313e-16,
    "LeftElbow_Angle_vel_residual_rms": 141.7846356648432,
    "LeftElbow_Angle_dom_freq": 0.008015496626811837,
    "LeftWrist_Angle_hemisphere_flips": 0,
    "LeftWrist_Angle_quat_norm_err": 2.220446049250313e-16,
    "LeftWrist_Angle_vel_residual_rms": 189.50996461132166,
    "LeftWrist_Angle_dom_freq": 0.008015496626811837,
    "RightClavicle_Angle_hemisphere_flips": 0,
    "RightClavicle_Angle_quat_norm_err": 1.1102230246251565e-16,
    "RightClavicle_Angle_vel_residual_rms": 26.482150180688283,
    "RightClavicle_Angle_dom_freq": 0.016030993253623674,
    "RightShoulder_Joint_Angle_hemisphere_flips": 0,
    "RightShoulder_Joint_Angle_quat_norm_err": 2.220446049250313e-16,
    "RightShoulder_Joint_Angle_vel_residual_rms": 39.92026510016551,
    "RightShoulder_Joint_Angle_dom_freq": 0.016030993253623674,
    "RightElbow_Angle_hemisphere_flips": 0,
    "RightElbow_Angle_quat_norm_err": 2.220446049250313e-16,
    "RightElbow_Angle_vel_residual_rms": 92.16495602453878,
    "RightElbow_Angle_dom_freq": 0.016030993253623674,
    "RightWrist_Angle_hemisphere_flips": 0,
    "RightWrist_Angle_quat_norm_err": 2.220446049250313e-16,
    "RightWrist_Angle_vel_residual_rms": 148.83295020064443,
    "RightWrist_Angle_dom_freq": 0.008015496626811837,
    "L_Thumb1_hemisphere_flips": 0,
    "L_Thumb1_quat_norm_err": 2.220446049250313e-16,
    "L_Thumb1_vel_residual_rms": 101.58665662467733,
    "L_Thumb1_dom_freq": 0.008015496626811837,
    "L_Thumb2_hemisphere_flips": 0,
    "L_Thumb2_quat_norm_err": 2.220446049250313e-16,
    "L_Thumb2_vel_residual_rms": 74.80458807331445,
    "L_Thumb2_dom_freq": 0.008015496626811837,
    "L_Thumb3_hemisphere_flips": 1,
    "L_Thumb3_quat_norm_err": 1.1102230246251565e-16,
    "L_Thumb3_vel_residual_rms": 74.80945145821221,
    "L_Thumb3_dom_freq": 0.008015496626811837,
    "L_Index1_hemisphere_flips": 0,
    "L_Index1_quat_norm_err": 2.220446049250313e-16,
    "L_Index1_vel_residual_rms": 123.7656659418984,
    "L_Index1_dom_freq": 0.03206198650724735,
    "L_Index2_hemisphere_flips": 3,
    "L_Index2_quat_norm_err": 1.1102230246251565e-16,
    "L_Index2_vel_residual_rms": 139.65910541824496,
    "L_Index2_dom_freq": 0.03206198650724735,
    "L_Index3_hemisphere_flips": 2,
    "L_Index3_quat_norm_err": 1.1102230246251565e-16,
    "L_Index3_vel_residual_rms": 58.02409589143005,
    "L_Index3_dom_freq": 0.03206198650724735
}