{
    "omega_method": "sg_dqdt_quat_internal_only",
    "sg_window_sec": 0.175,
    "sg_polyorder": 3,
    "fs": 120.0,
    "quat_order": "xyzw",
    "Pelvis_Global_Orientation (World Space)_hemisphere_flips": 0,
    "Pelvis_Global_Orientation (World Space)_quat_norm_err": 1.1102230246251565e-16,
    "Pelvis_Global_Orientation (World Space)_vel_residual_rms": 10.162770403929246,
    "Pelvis_Global_Orientation (World Space)_dom_freq": 0.004090397791185193,
    "Lumbar_Angle_hemisphere_flips": 0,
    "Lumbar_Angle_quat_norm_err": 2.220446049250313e-16,
    "Lumbar_Angle_vel_residual_rms": 8.3535731976821,
    "Lumbar_Angle_dom_freq": 0.004090397791185193,
    "Thoracic_Angle_hemisphere_flips": 0,
    "Thoracic_Angle_quat_norm_err": 1.1102230246251565e-16,
    "Thoracic_Angle_vel_residual_rms": 9.544840531482047,
    "Thoracic_Angle_dom_freq": 0.004090397791185193,
    "Neck_Base_Angle_hemisphere_flips": 0,
    "Neck_Base_Angle_quat_norm_err": 1.1102230246251565e-16,
    "Neck_Base_Angle_vel_residual_rms": 36.75354738279015,
    "Neck_Base_Angle_dom_freq": 0.004090397791185193,
    "Head_Angle_hemisphere_flips": 0,
    "Head_Angle_quat_norm_err": 2.220446049250313e-16,
    "Head_Angle_vel_residual_rms": 36.75363518518778,
    "Head_Angle_dom_freq": 0.004090397791185193,
    "LeftHip_Angle_hemisphere_flips": 0,
    "LeftHip_Angle_quat_norm_err": 2.220446049250313e-16,
    "LeftHip_Angle_vel_residual_rms": 13.953269844494782,
    "LeftHip_Angle_dom_freq": 0.004090397791185193,
    "LeftKnee_Angle_hemisphere_flips": 0,
    "LeftKnee_Angle_quat_norm_err": 1.1102230246251565e-16,
    "LeftKnee_Angle_vel_residual_rms": 10.262699703020887,
    "LeftKnee_Angle_dom_freq": 0.004090397791185193,
    "LeftAnkle_Angle_hemisphere_flips": 0,
    "LeftAnkle_Angle_quat_norm_err": 1.1102230246251565e-16,
    "LeftAnkle_Angle_vel_residual_rms": 15.693820154000296,
    "LeftAnkle_Angle_dom_freq": 0.004090397791185193,
    "LeftToe_Angle_hemisphere_flips": 0,
    "LeftToe_Angle_quat_norm_err": 1.1102230246251565e-16,
    "LeftToe_Angle_vel_residual_rms": 5.502488089265728,
    "LeftToe_Angle_dom_freq": 0.004090397791185193,
    "RightHip_Angle_hemisphere_flips": 0,
    "RightHip_Angle_quat_norm_err": 2.220446049250313e-16,
    "RightHip_Angle_vel_residual_rms": 16.364139489440397,
    "RightHip_Angle_dom_freq": 0.004090397791185193,
    "RightKnee_Angle_hemisphere_flips": 0,
    "RightKnee_Angle_quat_norm_err": 1.1102230246251565e-16,
    "RightKnee_Angle_vel_residual_rms": 10.748277783050014,
    "RightKnee_Angle_dom_freq": 0.004090397791185193,
    "RightAnkle_Angle_hemisphere_flips": 0,
    "RightAnkle_Angle_quat_norm_err": 2.220446049250313e-16,
    "RightAnkle_Angle_vel_residual_rms": 19.849469310842846,
    "RightAnkle_Angle_dom_freq": 0.004090397791185193,
    "RightToe_Angle_hemisphere_flips": 0,
    "RightToe_Angle_quat_norm_err": 1.1102230246251565e-16,
    "RightToe_Angle_vel_residual_rms": 6.237486784037522,
    "RightToe_Angle_dom_freq": 0.004090397791185193,
    "LeftClavicle_Angle_hemisphere_flips": 0,
    "LeftClavicle_Angle_quat_norm_err": 2.220446049250313e-16,
    "LeftClavicle_Angle_vel_residual_rms": 18.685042672451914,
    "LeftClavicle_Angle_dom_freq": 0.004090397791185193,
    "LeftShoulder_Joint_Angle_hemisphere_flips": 0,
    "LeftShoulder_Joint_Angle_quat_norm_err": 2.220446049250313e-16,
    "LeftShoulder_Joint_Angle_vel_residual_rms": 25.41525941125045,
    "LeftShoulder_Joint_Angle_dom_freq": 0.004090397791185193,
    "LeftElbow_Angle_hemisphere_flips": 0,
    "LeftElbow_Angle_quat_norm_err": 2.220446049250313e-16,
    "LeftElbow_Angle_vel_residual_rms": 52.66962124805573,
    "LeftElbow_Angle_dom_freq": 0.004090397791185193,
    "LeftWrist_Angle_hemisphere_flips": 0,
    "LeftWrist_Angle_quat_norm_err": 2.220446049250313e-16,
    "LeftWrist_Angle_vel_residual_rms": 77.27391514810448,
    "LeftWrist_Angle_dom_freq": 0.004090397791185193,
    "RightClavicle_Angle_hemisphere_flips": 0,
    "RightClavicle_Angle_quat_norm_err": 2.220446049250313e-16,
    "RightClavicle_Angle_vel_residual_rms": 19.94180815951729,
    "RightClavicle_Angle_dom_freq": 0.004090397791185193,
    "RightShoulder_Joint_Angle_hemisphere_flips": 0,
    "RightShoulder_Joint_Angle_quat_norm_err": 2.220446049250313e-16,
    "RightShoulder_Joint_Angle_vel_residual_rms": 24.324045744125485,
    "RightShoulder_Joint_Angle_dom_freq": 0.004090397791185193,
    "RightElbow_Angle_hemisphere_flips": 0,
    "RightElbow_Angle_quat_norm_err": 2.220446049250313e-16,
    "RightElbow_Angle_vel_residual_rms": 59.849952734988065,
    "RightElbow_Angle_dom_freq": 0.004090397791185193,
    "RightWrist_Angle_hemisphere_flips": 0,
    "RightWrist_Angle_quat_norm_err": 2.220446049250313e-16,
    "RightWrist_Angle_vel_residual_rms": 75.12004696652505,
    "RightWrist_Angle_dom_freq": 0.004090397791185193,
    "L_Thumb1_hemisphere_flips": 0,
    "L_Thumb1_quat_norm_err": 2.220446049250313e-16,
    "L_Thumb1_vel_residual_rms": 45.78455848901844,
    "L_Thumb1_dom_freq": 0.004090397791185193,
    "L_Thumb2_hemisphere_flips": 0,
    "L_Thumb2_quat_norm_err": 1.1102230246251565e-16,
    "L_Thumb2_vel_residual_rms": 29.326551547100486,
    "L_Thumb2_dom_freq": 0.004090397791185193,
    "L_Thumb3_hemisphere_flips": 0,
    "L_Thumb3_quat_norm_err": 2.220446049250313e-16,
    "L_Thumb3_vel_residual_rms": 29.326553317968276,
    "L_Thumb3_dom_freq": 0.004090397791185193,
    "L_Index1_hemisphere_flips": 0,
    "L_Index1_quat_norm_err": 2.220446049250313e-16,
    "L_Index1_vel_residual_rms": 31.995587748988452,
    "L_Index1_dom_freq": 0.004090397791185193,
    "L_Index2_hemisphere_flips": 0,
    "L_Index2_quat_norm_err": 1.1102230246251565e-16,
    "L_Index2_vel_residual_rms": 28.715095292546597,
    "L_Index2_dom_freq": 0.004090397791185193,
    "L_Index3_hemisphere_flips": 0,
    "L_Index3_quat_norm_err": 1.1102230246251565e-16,
    "L_Index3_vel_residual_rms": 11.961180013350402,
    "L_Index3_dom_freq": 0.004090397791185193
}