{
    "omega_method": "sg_dqdt_quat_internal_only",
    "sg_window_sec": 0.175,
    "sg_polyorder": 3,
    "fs": 120.0,
    "quat_order": "xyzw",
    "Pelvis_Global_Orientation (World Space)_hemisphere_flips": 0,
    "Pelvis_Global_Orientation (World Space)_quat_norm_err": 2.220446049250313e-16,
    "Pelvis_Global_Orientation (World Space)_vel_residual_rms": 6.818609414606661,
    "Pelvis_Global_Orientation (World Space)_dom_freq": 0.0039296591020728956,
    "Lumbar_Angle_hemisphere_flips": 0,
    "Lumbar_Angle_quat_norm_err": 1.1102230246251565e-16,
    "Lumbar_Angle_vel_residual_rms": 4.757939159837406,
    "Lumbar_Angle_dom_freq": 0.0039296591020728956,
    "Thoracic_Angle_hemisphere_flips": 0,
    "Thoracic_Angle_quat_norm_err": 1.1102230246251565e-16,
    "Thoracic_Angle_vel_residual_rms": 5.4851668835074,
    "Thoracic_Angle_dom_freq": 0.0039296591020728956,
    "Neck_Base_Angle_hemisphere_flips": 0,
    "Neck_Base_Angle_quat_norm_err": 2.220446049250313e-16,
    "Neck_Base_Angle_vel_residual_rms": 16.68062044876393,
    "Neck_Base_Angle_dom_freq": 0.0039296591020728956,
    "Head_Angle_hemisphere_flips": 0,
    "Head_Angle_quat_norm_err": 1.1102230246251565e-16,
    "Head_Angle_vel_residual_rms": 16.68060675434639,
    "Head_Angle_dom_freq": 0.0039296591020728956,
    "LeftHip_Angle_hemisphere_flips": 0,
    "LeftHip_Angle_quat_norm_err": 2.220446049250313e-16,
    "LeftHip_Angle_vel_residual_rms": 11.78184542657943,
    "LeftHip_Angle_dom_freq": 0.0039296591020728956,
    "LeftKnee_Angle_hemisphere_flips": 0,
    "LeftKnee_Angle_quat_norm_err": 2.220446049250313e-16,
    "LeftKnee_Angle_vel_residual_rms": 10.862923654627208,
    "LeftKnee_Angle_dom_freq": 0.0039296591020728956,
    "LeftAnkle_Angle_hemisphere_flips": 0,
    "LeftAnkle_Angle_quat_norm_err": 2.220446049250313e-16,
    "LeftAnkle_Angle_vel_residual_rms": 20.181333173305884,
    "LeftAnkle_Angle_dom_freq": 0.0039296591020728956,
    "LeftToe_Angle_hemisphere_flips": 0,
    "LeftToe_Angle_quat_norm_err": 1.1102230246251565e-16,
    "LeftToe_Angle_vel_residual_rms": 7.759948721008296,
    "LeftToe_Angle_dom_freq": 0.0039296591020728956,
    "RightHip_Angle_hemisphere_flips": 0,
    "RightHip_Angle_quat_norm_err": 2.220446049250313e-16,
    "RightHip_Angle_vel_residual_rms": 11.239818548925403,
    "RightHip_Angle_dom_freq": 0.0039296591020728956,
    "RightKnee_Angle_hemisphere_flips": 0,
    "RightKnee_Angle_quat_norm_err": 2.220446049250313e-16,
    "RightKnee_Angle_vel_residual_rms": 11.318567764222824,
    "RightKnee_Angle_dom_freq": 0.0039296591020728956,
    "RightAnkle_Angle_hemisphere_flips": 0,
    "RightAnkle_Angle_quat_norm_err": 1.1102230246251565e-16,
    "RightAnkle_Angle_vel_residual_rms": 16.649323502949937,
    "RightAnkle_Angle_dom_freq": 0.0039296591020728956,
    "RightToe_Angle_hemisphere_flips": 0,
    "RightToe_Angle_quat_norm_err": 1.1102230246251565e-16,
    "RightToe_Angle_vel_residual_rms": 8.163512846011354,
    "RightToe_Angle_dom_freq": 0.0039296591020728956,
    "LeftClavicle_Angle_hemisphere_flips": 0,
    "LeftClavicle_Angle_quat_norm_err": 2.220446049250313e-16,
    "LeftClavicle_Angle_vel_residual_rms": 15.926105189376885,
    "LeftClavicle_Angle_dom_freq": 0.0039296591020728956,
    "LeftShoulder_Joint_Angle_hemisphere_flips": 0,
    "LeftShoulder_Joint_Angle_quat_norm_err": 2.220446049250313e-16,
    "LeftShoulder_Joint_Angle_vel_residual_rms": 21.928943185021193,
    "LeftShoulder_Joint_Angle_dom_freq": 0.0039296591020728956,
    "LeftElbow_Angle_hemisphere_flips": 0,
    "LeftElbow_Angle_quat_norm_err": 2.220446049250313e-16,
    "LeftElbow_Angle_vel_residual_rms": 48.080466267651595,
    "LeftElbow_Angle_dom_freq": 0.0039296591020728956,
    "LeftWrist_Angle_hemisphere_flips": 0,
    "LeftWrist_Angle_quat_norm_err": 2.220446049250313e-16,
    "LeftWrist_Angle_vel_residual_rms": 65.1152003940809,
    "LeftWrist_Angle_dom_freq": 0.0039296591020728956,
    "RightClavicle_Angle_hemisphere_flips": 0,
    "RightClavicle_Angle_quat_norm_err": 1.1102230246251565e-16,
    "RightClavicle_Angle_vel_residual_rms": 14.732629772713072,
    "RightClavicle_Angle_dom_freq": 0.0039296591020728956,
    "RightShoulder_Joint_Angle_hemisphere_flips": 0,
    "RightShoulder_Joint_Angle_quat_norm_err": 2.220446049250313e-16,
    "RightShoulder_Joint_Angle_vel_residual_rms": 21.25746766090525,
    "RightShoulder_Joint_Angle_dom_freq": 0.0039296591020728956,
    "RightElbow_Angle_hemisphere_flips": 0,
    "RightElbow_Angle_quat_norm_err": 2.220446049250313e-16,
    "RightElbow_Angle_vel_residual_rms": 46.54788387429047,
    "RightElbow_Angle_dom_freq": 0.0039296591020728956,
    "RightWrist_Angle_hemisphere_flips": 0,
    "RightWrist_Angle_quat_norm_err": 2.220446049250313e-16,
    "RightWrist_Angle_vel_residual_rms": 63.262275525840295,
    "RightWrist_Angle_dom_freq": 0.0039296591020728956,
    "L_Thumb1_hemisphere_flips": 0,
    "L_Thumb1_quat_norm_err": 2.220446049250313e-16,
    "L_Thumb1_vel_residual_rms": 25.576343177389393,
    "L_Thumb1_dom_freq": 0.0039296591020728956,
    "L_Thumb2_hemisphere_flips": 0,
    "L_Thumb2_quat_norm_err": 1.1102230246251565e-16,
    "L_Thumb2_vel_residual_rms": 19.81803511986244,
    "L_Thumb2_dom_freq": 0.0039296591020728956,
    "L_Thumb3_hemisphere_flips": 0,
    "L_Thumb3_quat_norm_err": 2.220446049250313e-16,
    "L_Thumb3_vel_residual_rms": 19.81802433190945,
    "L_Thumb3_dom_freq": 0.0039296591020728956,
    "L_Index1_hemisphere_flips": 0,
    "L_Index1_quat_norm_err": 1.1102230246251565e-16,
    "L_Index1_vel_residual_rms": 8.805023096768196,
    "L_Index1_dom_freq": 0.0039296591020728956,
    "L_Index2_hemisphere_flips": 0,
    "L_Index2_quat_norm_err": 1.1102230246251565e-16,
    "L_Index2_vel_residual_rms": 6.111551105494592,
    "L_Index2_dom_freq": 0.0039296591020728956,
    "L_Index3_hemisphere_flips": 0,
    "L_Index3_quat_norm_err": 1.1102230246251565e-16,
    "L_Index3_vel_residual_rms": 2.5463646634642103,
    "L_Index3_dom_freq": 0.0039296591020728956
}