{
    "omega_method": "sg_dqdt_quat_internal_only",
    "sg_window_sec": 0.175,
    "sg_polyorder": 3,
    "fs": 120.0,
    "quat_order": "xyzw",
    "Pelvis_Global_Orientation (World Space)_hemisphere_flips": 0,
    "Pelvis_Global_Orientation (World Space)_quat_norm_err": 2.220446049250313e-16,
    "Pelvis_Global_Orientation (World Space)_vel_residual_rms": 7.7542711283308305,
    "Pelvis_Global_Orientation (World Space)_dom_freq": 0.003940110323089047,
    "Lumbar_Angle_hemisphere_flips": 0,
    "Lumbar_Angle_quat_norm_err": 2.220446049250313e-16,
    "Lumbar_Angle_vel_residual_rms": 4.8283783711092445,
    "Lumbar_Angle_dom_freq": 0.003940110323089047,
    "Thoracic_Angle_hemisphere_flips": 0,
    "Thoracic_Angle_quat_norm_err": 2.220446049250313e-16,
    "Thoracic_Angle_vel_residual_rms": 5.645534120670257,
    "Thoracic_Angle_dom_freq": 0.003940110323089047,
    "Neck_Base_Angle_hemisphere_flips": 0,
    "Neck_Base_Angle_quat_norm_err": 1.1102230246251565e-16,
    "Neck_Base_Angle_vel_residual_rms": 6.090936854411857,
    "Neck_Base_Angle_dom_freq": 0.003940110323089047,
    "Head_Angle_hemisphere_flips": 0,
    "Head_Angle_quat_norm_err": 2.220446049250313e-16,
    "Head_Angle_vel_residual_rms": 6.090967866582426,
    "Head_Angle_dom_freq": 0.003940110323089047,
    "LeftHip_Angle_hemisphere_flips": 0,
    "LeftHip_Angle_quat_norm_err": 2.220446049250313e-16,
    "LeftHip_Angle_vel_residual_rms": 9.475920057265713,
    "LeftHip_Angle_dom_freq": 0.003940110323089047,
    "LeftKnee_Angle_hemisphere_flips": 0,
    "LeftKnee_Angle_quat_norm_err": 2.220446049250313e-16,
    "LeftKnee_Angle_vel_residual_rms": 10.921106998323435,
    "LeftKnee_Angle_dom_freq": 0.003940110323089047,
    "LeftAnkle_Angle_hemisphere_flips": 0,
    "LeftAnkle_Angle_quat_norm_err": 2.220446049250313e-16,
    "LeftAnkle_Angle_vel_residual_rms": 17.023598231795095,
    "LeftAnkle_Angle_dom_freq": 0.003940110323089047,
    "LeftToe_Angle_hemisphere_flips": 0,
    "LeftToe_Angle_quat_norm_err": 1.1102230246251565e-16,
    "LeftToe_Angle_vel_residual_rms": 5.29770613074291,
    "LeftToe_Angle_dom_freq": 0.003940110323089047,
    "RightHip_Angle_hemisphere_flips": 0,
    "RightHip_Angle_quat_norm_err": 2.220446049250313e-16,
    "RightHip_Angle_vel_residual_rms": 8.824473480511498,
    "RightHip_Angle_dom_freq": 0.003940110323089047,
    "RightKnee_Angle_hemisphere_flips": 0,
    "RightKnee_Angle_quat_norm_err": 2.220446049250313e-16,
    "RightKnee_Angle_vel_residual_rms": 8.296497004718587,
    "RightKnee_Angle_dom_freq": 0.003940110323089047,
    "RightAnkle_Angle_hemisphere_flips": 0,
    "RightAnkle_Angle_quat_norm_err": 2.220446049250313e-16,
    "RightAnkle_Angle_vel_residual_rms": 14.045606688182708,
    "RightAnkle_Angle_dom_freq": 0.003940110323089047,
    "RightToe_Angle_hemisphere_flips": 0,
    "RightToe_Angle_quat_norm_err": 1.1102230246251565e-16,
    "RightToe_Angle_vel_residual_rms": 4.746156174524225,
    "RightToe_Angle_dom_freq": 0.003940110323089047,
    "LeftClavicle_Angle_hemisphere_flips": 0,
    "LeftClavicle_Angle_quat_norm_err": 2.220446049250313e-16,
    "LeftClavicle_Angle_vel_residual_rms": 9.648279920145109,
    "LeftClavicle_Angle_dom_freq": 0.003940110323089047,
    "LeftShoulder_Joint_Angle_hemisphere_flips": 0,
    "LeftShoulder_Joint_Angle_quat_norm_err": 2.220446049250313e-16,
    "LeftShoulder_Joint_Angle_vel_residual_rms": 12.950498732091464,
    "LeftShoulder_Joint_Angle_dom_freq": 0.003940110323089047,
    "LeftElbow_Angle_hemisphere_flips": 0,
    "LeftElbow_Angle_quat_norm_err": 2.220446049250313e-16,
    "LeftElbow_Angle_vel_residual_rms": 20.689593520294746,
    "LeftElbow_Angle_dom_freq": 0.003940110323089047,
    "LeftWrist_Angle_hemisphere_flips": 0,
    "LeftWrist_Angle_quat_norm_err": 2.220446049250313e-16,
    "LeftWrist_Angle_vel_residual_rms": 35.0912472915234,
    "LeftWrist_Angle_dom_freq": 0.003940110323089047,
    "RightClavicle_Angle_hemisphere_flips": 0,
    "RightClavicle_Angle_quat_norm_err": 1.1102230246251565e-16,
    "RightClavicle_Angle_vel_residual_rms": 11.134715509445911,
    "RightClavicle_Angle_dom_freq": 0.003940110323089047,
    "RightShoulder_Joint_Angle_hemisphere_flips": 0,
    "RightShoulder_Joint_Angle_quat_norm_err": 2.220446049250313e-16,
    "RightShoulder_Joint_Angle_vel_residual_rms": 17.94624899416457,
    "RightShoulder_Joint_Angle_dom_freq": 0.003940110323089047,
    "RightElbow_Angle_hemisphere_flips": 0,
    "RightElbow_Angle_quat_norm_err": 2.220446049250313e-16,
    "RightElbow_Angle_vel_residual_rms": 25.521212172047086,
    "RightElbow_Angle_dom_freq": 0.003940110323089047,
    "RightWrist_Angle_hemisphere_flips": 0,
    "RightWrist_Angle_quat_norm_err": 2.220446049250313e-16,
    "RightWrist_Angle_vel_residual_rms": 48.05206622990513,
    "RightWrist_Angle_dom_freq": 0.003940110323089047,
    "L_Thumb1_hemisphere_flips": 0,
    "L_Thumb1_quat_norm_err": 1.1102230246251565e-16,
    "L_Thumb1_vel_residual_rms": 16.620129000554854,
    "L_Thumb1_dom_freq": 0.003940110323089047,
    "L_Thumb2_hemisphere_flips": 0,
    "L_Thumb2_quat_norm_err": 1.1102230246251565e-16,
    "L_Thumb2_vel_residual_rms": 14.396281814342387,
    "L_Thumb2_dom_freq": 0.003940110323089047,
    "L_Thumb3_hemisphere_flips": 0,
    "L_Thumb3_quat_norm_err": 2.220446049250313e-16,
    "L_Thumb3_vel_residual_rms": 14.396282466706747,
    "L_Thumb3_dom_freq": 0.003940110323089047,
    "L_Index1_hemisphere_flips": 0,
    "L_Index1_quat_norm_err": 2.220446049250313e-16,
    "L_Index1_vel_residual_rms": 15.92881848770742,
    "L_Index1_dom_freq": 0.003940110323089047,
    "L_Index2_hemisphere_flips": 0,
    "L_Index2_quat_norm_err": 2.220446049250313e-16,
    "L_Index2_vel_residual_rms": 9.278279733684359,
    "L_Index2_dom_freq": 0.011820330969267141,
    "L_Index3_hemisphere_flips": 0,
    "L_Index3_quat_norm_err": 1.1102230246251565e-16,
    "L_Index3_vel_residual_rms": 3.867464179025946,
    "L_Index3_dom_freq": 0.011820330969267141
}