{
    "omega_method": "sg_dqdt_quat_internal_only",
    "sg_window_sec": 0.175,
    "sg_polyorder": 3,
    "fs": 120.0,
    "quat_order": "xyzw",
    "Pelvis_Global_Orientation (World Space)_hemisphere_flips": 0,
    "Pelvis_Global_Orientation (World Space)_quat_norm_err": 2.220446049250313e-16,
    "Pelvis_Global_Orientation (World Space)_vel_residual_rms": 10.768721778055061,
    "Pelvis_Global_Orientation (World Space)_dom_freq": 0.013903371567605145,
    "Lumbar_Angle_hemisphere_flips": 0,
    "Lumbar_Angle_quat_norm_err": 2.220446049250313e-16,
    "Lumbar_Angle_vel_residual_rms": 5.718871625590208,
    "Lumbar_Angle_dom_freq": 0.006951685783802572,
    "Thoracic_Angle_hemisphere_flips": 0,
    "Thoracic_Angle_quat_norm_err": 2.220446049250313e-16,
    "Thoracic_Angle_vel_residual_rms": 6.809569170537233,
    "Thoracic_Angle_dom_freq": 0.013903371567605145,
    "Neck_Base_Angle_hemisphere_flips": 0,
    "Neck_Base_Angle_quat_norm_err": 1.1102230246251565e-16,
    "Neck_Base_Angle_vel_residual_rms": 7.585300262616753,
    "Neck_Base_Angle_dom_freq": 0.013903371567605145,
    "Head_Angle_hemisphere_flips": 0,
    "Head_Angle_quat_norm_err": 2.220446049250313e-16,
    "Head_Angle_vel_residual_rms": 7.5853125541231226,
    "Head_Angle_dom_freq": 0.013903371567605145,
    "LeftHip_Angle_hemisphere_flips": 0,
    "LeftHip_Angle_quat_norm_err": 2.220446049250313e-16,
    "LeftHip_Angle_vel_residual_rms": 16.912122235426757,
    "LeftHip_Angle_dom_freq": 0.02085505735140772,
    "LeftKnee_Angle_hemisphere_flips": 0,
    "LeftKnee_Angle_quat_norm_err": 2.220446049250313e-16,
    "LeftKnee_Angle_vel_residual_rms": 29.74424876049283,
    "LeftKnee_Angle_dom_freq": 0.03475842891901286,
    "LeftAnkle_Angle_hemisphere_flips": 0,
    "LeftAnkle_Angle_quat_norm_err": 2.220446049250313e-16,
    "LeftAnkle_Angle_vel_residual_rms": 30.23957765352428,
    "LeftAnkle_Angle_dom_freq": 0.03475842891901286,
    "LeftToe_Angle_hemisphere_flips": 0,
    "LeftToe_Angle_quat_norm_err": 1.1102230246251565e-16,
    "LeftToe_Angle_vel_residual_rms": 10.218726120198655,
    "LeftToe_Angle_dom_freq": 0.006951685783802572,
    "RightHip_Angle_hemisphere_flips": 0,
    "RightHip_Angle_quat_norm_err": 2.220446049250313e-16,
    "RightHip_Angle_vel_residual_rms": 14.145775278041215,
    "RightHip_Angle_dom_freq": 0.013903371567605145,
    "RightKnee_Angle_hemisphere_flips": 0,
    "RightKnee_Angle_quat_norm_err": 2.220446049250313e-16,
    "RightKnee_Angle_vel_residual_rms": 15.090652832770594,
    "RightKnee_Angle_dom_freq": 0.013903371567605145,
    "RightAnkle_Angle_hemisphere_flips": 0,
    "RightAnkle_Angle_quat_norm_err": 2.220446049250313e-16,
    "RightAnkle_Angle_vel_residual_rms": 25.03250233486412,
    "RightAnkle_Angle_dom_freq": 0.013903371567605145,
    "RightToe_Angle_hemisphere_flips": 0,
    "RightToe_Angle_quat_norm_err": 1.1102230246251565e-16,
    "RightToe_Angle_vel_residual_rms": 9.043981249709374,
    "RightToe_Angle_dom_freq": 0.006951685783802572,
    "LeftClavicle_Angle_hemisphere_flips": 0,
    "LeftClavicle_Angle_quat_norm_err": 1.1102230246251565e-16,
    "LeftClavicle_Angle_vel_residual_rms": 11.873661840076378,
    "LeftClavicle_Angle_dom_freq": 0.013903371567605145,
    "LeftShoulder_Joint_Angle_hemisphere_flips": 0,
    "LeftShoulder_Joint_Angle_quat_norm_err": 1.1102230246251565e-16,
    "LeftShoulder_Joint_Angle_vel_residual_rms": 17.216729140329555,
    "LeftShoulder_Joint_Angle_dom_freq": 0.013903371567605145,
    "LeftElbow_Angle_hemisphere_flips": 0,
    "LeftElbow_Angle_quat_norm_err": 2.220446049250313e-16,
    "LeftElbow_Angle_vel_residual_rms": 30.17528103839713,
    "LeftElbow_Angle_dom_freq": 0.013903371567605145,
    "LeftWrist_Angle_hemisphere_flips": 0,
    "LeftWrist_Angle_quat_norm_err": 2.220446049250313e-16,
    "LeftWrist_Angle_vel_residual_rms": 51.63765233513655,
    "LeftWrist_Angle_dom_freq": 0.013903371567605145,
    "RightClavicle_Angle_hemisphere_flips": 0,
    "RightClavicle_Angle_quat_norm_err": 1.1102230246251565e-16,
    "RightClavicle_Angle_vel_residual_rms": 14.94574051800749,
    "RightClavicle_Angle_dom_freq": 0.013903371567605145,
    "RightShoulder_Joint_Angle_hemisphere_flips": 0,
    "RightShoulder_Joint_Angle_quat_norm_err": 2.220446049250313e-16,
    "RightShoulder_Joint_Angle_vel_residual_rms": 25.011903949466973,
    "RightShoulder_Joint_Angle_dom_freq": 0.013903371567605145,
    "RightElbow_Angle_hemisphere_flips": 0,
    "RightElbow_Angle_quat_norm_err": 2.220446049250313e-16,
    "RightElbow_Angle_vel_residual_rms": 42.780009570869275,
    "RightElbow_Angle_dom_freq": 0.013903371567605145,
    "RightWrist_Angle_hemisphere_flips": 0,
    "RightWrist_Angle_quat_norm_err": 2.220446049250313e-16,
    "RightWrist_Angle_vel_residual_rms": 71.2274622927808,
    "RightWrist_Angle_dom_freq": 0.013903371567605145,
    "L_Thumb1_hemisphere_flips": 0,
    "L_Thumb1_quat_norm_err": 1.1102230246251565e-16,
    "L_Thumb1_vel_residual_rms": 24.907381234541333,
    "L_Thumb1_dom_freq": 0.013903371567605145,
    "L_Thumb2_hemisphere_flips": 0,
    "L_Thumb2_quat_norm_err": 1.1102230246251565e-16,
    "L_Thumb2_vel_residual_rms": 20.93321579754472,
    "L_Thumb2_dom_freq": 0.013903371567605145,
    "L_Thumb3_hemisphere_flips": 0,
    "L_Thumb3_quat_norm_err": 1.1102230246251565e-16,
    "L_Thumb3_vel_residual_rms": 20.933119555581083,
    "L_Thumb3_dom_freq": 0.013903371567605145,
    "L_Index1_hemisphere_flips": 0,
    "L_Index1_quat_norm_err": 1.1102230246251565e-16,
    "L_Index1_vel_residual_rms": 13.703596739343658,
    "L_Index1_dom_freq": 0.013903371567605145,
    "L_Index2_hemisphere_flips": 0,
    "L_Index2_quat_norm_err": 1.1102230246251565e-16,
    "L_Index2_vel_residual_rms": 10.787079333815376,
    "L_Index2_dom_freq": 0.013903371567605145,
    "L_Index3_hemisphere_flips": 0,
    "L_Index3_quat_norm_err": 1.1102230246251565e-16,
    "L_Index3_vel_residual_rms": 4.49259381694192,
    "L_Index3_dom_freq": 0.013903371567605145
}