{
    "omega_method": "sg_dqdt_quat_internal_only",
    "sg_window_sec": 0.175,
    "sg_polyorder": 3,
    "fs": 120.0,
    "quat_order": "xyzw",
    "Pelvis_Global_Orientation (World Space)_hemisphere_flips": 0,
    "Pelvis_Global_Orientation (World Space)_quat_norm_err": 2.220446049250313e-16,
    "Pelvis_Global_Orientation (World Space)_vel_residual_rms": 5.884649742620528,
    "Pelvis_Global_Orientation (World Space)_dom_freq": 0.004053095551727632,
    "Lumbar_Angle_hemisphere_flips": 0,
    "Lumbar_Angle_quat_norm_err": 2.220446049250313e-16,
    "Lumbar_Angle_vel_residual_rms": 3.680085945032187,
    "Lumbar_Angle_dom_freq": 0.004053095551727632,
    "Thoracic_Angle_hemisphere_flips": 0,
    "Thoracic_Angle_quat_norm_err": 1.1102230246251565e-16,
    "Thoracic_Angle_vel_residual_rms": 4.432405859367624,
    "Thoracic_Angle_dom_freq": 0.004053095551727632,
    "Neck_Base_Angle_hemisphere_flips": 0,
    "Neck_Base_Angle_quat_norm_err": 1.1102230246251565e-16,
    "Neck_Base_Angle_vel_residual_rms": 5.37106905750723,
    "Neck_Base_Angle_dom_freq": 0.004053095551727632,
    "Head_Angle_hemisphere_flips": 0,
    "Head_Angle_quat_norm_err": 2.220446049250313e-16,
    "Head_Angle_vel_residual_rms": 5.371081213812455,
    "Head_Angle_dom_freq": 0.004053095551727632,
    "LeftHip_Angle_hemisphere_flips": 0,
    "LeftHip_Angle_quat_norm_err": 2.220446049250313e-16,
    "LeftHip_Angle_vel_residual_rms": 7.594840751453435,
    "LeftHip_Angle_dom_freq": 0.004053095551727632,
    "LeftKnee_Angle_hemisphere_flips": 0,
    "LeftKnee_Angle_quat_norm_err": 2.220446049250313e-16,
    "LeftKnee_Angle_vel_residual_rms": 6.289490444287185,
    "LeftKnee_Angle_dom_freq": 0.004053095551727632,
    "LeftAnkle_Angle_hemisphere_flips": 0,
    "LeftAnkle_Angle_quat_norm_err": 1.1102230246251565e-16,
    "LeftAnkle_Angle_vel_residual_rms": 13.27001498598203,
    "LeftAnkle_Angle_dom_freq": 0.004053095551727632,
    "LeftToe_Angle_hemisphere_flips": 0,
    "LeftToe_Angle_quat_norm_err": 1.1102230246251565e-16,
    "LeftToe_Angle_vel_residual_rms": 5.137288083239086,
    "LeftToe_Angle_dom_freq": 0.004053095551727632,
    "RightHip_Angle_hemisphere_flips": 0,
    "RightHip_Angle_quat_norm_err": 2.220446049250313e-16,
    "RightHip_Angle_vel_residual_rms": 7.27460856803277,
    "RightHip_Angle_dom_freq": 0.004053095551727632,
    "RightKnee_Angle_hemisphere_flips": 0,
    "RightKnee_Angle_quat_norm_err": 2.220446049250313e-16,
    "RightKnee_Angle_vel_residual_rms": 5.209682642382025,
    "RightKnee_Angle_dom_freq": 0.004053095551727632,
    "RightAnkle_Angle_hemisphere_flips": 0,
    "RightAnkle_Angle_quat_norm_err": 1.1102230246251565e-16,
    "RightAnkle_Angle_vel_residual_rms": 9.462064774637348,
    "RightAnkle_Angle_dom_freq": 0.004053095551727632,
    "RightToe_Angle_hemisphere_flips": 0,
    "RightToe_Angle_quat_norm_err": 1.1102230246251565e-16,
    "RightToe_Angle_vel_residual_rms": 4.457639809441072,
    "RightToe_Angle_dom_freq": 0.004053095551727632,
    "LeftClavicle_Angle_hemisphere_flips": 0,
    "LeftClavicle_Angle_quat_norm_err": 2.220446049250313e-16,
    "LeftClavicle_Angle_vel_residual_rms": 13.92604696423648,
    "LeftClavicle_Angle_dom_freq": 0.004053095551727632,
    "LeftShoulder_Joint_Angle_hemisphere_flips": 0,
    "LeftShoulder_Joint_Angle_quat_norm_err": 2.220446049250313e-16,
    "LeftShoulder_Joint_Angle_vel_residual_rms": 20.844730050947337,
    "LeftShoulder_Joint_Angle_dom_freq": 0.004053095551727632,
    "LeftElbow_Angle_hemisphere_flips": 0,
    "LeftElbow_Angle_quat_norm_err": 2.220446049250313e-16,
    "LeftElbow_Angle_vel_residual_rms": 35.23753072858649,
    "LeftElbow_Angle_dom_freq": 0.004053095551727632,
    "LeftWrist_Angle_hemisphere_flips": 0,
    "LeftWrist_Angle_quat_norm_err": 2.220446049250313e-16,
    "LeftWrist_Angle_vel_residual_rms": 82.1864183028524,
    "LeftWrist_Angle_dom_freq": 0.004053095551727632,
    "RightClavicle_Angle_hemisphere_flips": 0,
    "RightClavicle_Angle_quat_norm_err": 1.1102230246251565e-16,
    "RightClavicle_Angle_vel_residual_rms": 12.384906665518479,
    "RightClavicle_Angle_dom_freq": 0.004053095551727632,
    "RightShoulder_Joint_Angle_hemisphere_flips": 0,
    "RightShoulder_Joint_Angle_quat_norm_err": 2.220446049250313e-16,
    "RightShoulder_Joint_Angle_vel_residual_rms": 19.41467842381643,
    "RightShoulder_Joint_Angle_dom_freq": 0.004053095551727632,
    "RightElbow_Angle_hemisphere_flips": 0,
    "RightElbow_Angle_quat_norm_err": 2.220446049250313e-16,
    "RightElbow_Angle_vel_residual_rms": 40.215582449266876,
    "RightElbow_Angle_dom_freq": 0.004053095551727632,
    "RightWrist_Angle_hemisphere_flips": 0,
    "RightWrist_Angle_quat_norm_err": 2.220446049250313e-16,
    "RightWrist_Angle_vel_residual_rms": 61.33102466533664,
    "RightWrist_Angle_dom_freq": 0.004053095551727632,
    "L_Thumb1_hemisphere_flips": 0,
    "L_Thumb1_quat_norm_err": 2.220446049250313e-16,
    "L_Thumb1_vel_residual_rms": 50.743247764647805,
    "L_Thumb1_dom_freq": 0.004053095551727632,
    "L_Thumb2_hemisphere_flips": 0,
    "L_Thumb2_quat_norm_err": 2.220446049250313e-16,
    "L_Thumb2_vel_residual_rms": 38.22461640503856,
    "L_Thumb2_dom_freq": 0.004053095551727632,
    "L_Thumb3_hemisphere_flips": 0,
    "L_Thumb3_quat_norm_err": 2.220446049250313e-16,
    "L_Thumb3_vel_residual_rms": 38.22466371938857,
    "L_Thumb3_dom_freq": 0.004053095551727632,
    "L_Index1_hemisphere_flips": 0,
    "L_Index1_quat_norm_err": 2.220446049250313e-16,
    "L_Index1_vel_residual_rms": 37.25960407165137,
    "L_Index1_dom_freq": 0.004053095551727632,
    "L_Index2_hemisphere_flips": 0,
    "L_Index2_quat_norm_err": 2.220446049250313e-16,
    "L_Index2_vel_residual_rms": 36.87337297292071,
    "L_Index2_dom_freq": 0.004053095551727632,
    "L_Index3_hemisphere_flips": 0,
    "L_Index3_quat_norm_err": 1.1102230246251565e-16,
    "L_Index3_vel_residual_rms": 15.350352060827921,
    "L_Index3_dom_freq": 0.004053095551727632
}