{
    "omega_method": "sg_dqdt_quat_internal_only",
    "sg_window_sec": 0.175,
    "sg_polyorder": 3,
    "fs": 120.0,
    "quat_order": "xyzw",
    "Pelvis_Global_Orientation (World Space)_hemisphere_flips": 0,
    "Pelvis_Global_Orientation (World Space)_quat_norm_err": 2.220446049250313e-16,
    "Pelvis_Global_Orientation (World Space)_vel_residual_rms": 12.362150160946513,
    "Pelvis_Global_Orientation (World Space)_dom_freq": 0.03250490959572019,
    "Lumbar_Angle_hemisphere_flips": 0,
    "Lumbar_Angle_quat_norm_err": 1.1102230246251565e-16,
    "Lumbar_Angle_vel_residual_rms": 5.630476615890071,
    "Lumbar_Angle_dom_freq": 0.03250490959572019,
    "Thoracic_Angle_hemisphere_flips": 0,
    "Thoracic_Angle_quat_norm_err": 1.1102230246251565e-16,
    "Thoracic_Angle_vel_residual_rms": 6.55646031024758,
    "Thoracic_Angle_dom_freq": 0.008126227398930047,
    "Neck_Base_Angle_hemisphere_flips": 0,
    "Neck_Base_Angle_quat_norm_err": 2.220446049250313e-16,
    "Neck_Base_Angle_vel_residual_rms": 6.401165076048842,
    "Neck_Base_Angle_dom_freq": 0.03250490959572019,
    "Head_Angle_hemisphere_flips": 0,
    "Head_Angle_quat_norm_err": 2.220446049250313e-16,
    "Head_Angle_vel_residual_rms": 6.401156239436577,
    "Head_Angle_dom_freq": 0.03250490959572019,
    "LeftHip_Angle_hemisphere_flips": 0,
    "LeftHip_Angle_quat_norm_err": 2.220446049250313e-16,
    "LeftHip_Angle_vel_residual_rms": 17.900300009613805,
    "LeftHip_Angle_dom_freq": 0.008126227398930047,
    "LeftKnee_Angle_hemisphere_flips": 0,
    "LeftKnee_Angle_quat_norm_err": 1.1102230246251565e-16,
    "LeftKnee_Angle_vel_residual_rms": 20.264992502676908,
    "LeftKnee_Angle_dom_freq": 0.02437868219679014,
    "LeftAnkle_Angle_hemisphere_flips": 0,
    "LeftAnkle_Angle_quat_norm_err": 2.220446049250313e-16,
    "LeftAnkle_Angle_vel_residual_rms": 34.837511747753375,
    "LeftAnkle_Angle_dom_freq": 0.016252454797860093,
    "LeftToe_Angle_hemisphere_flips": 0,
    "LeftToe_Angle_quat_norm_err": 1.1102230246251565e-16,
    "LeftToe_Angle_vel_residual_rms": 15.554243589321993,
    "LeftToe_Angle_dom_freq": 0.008126227398930047,
    "RightHip_Angle_hemisphere_flips": 0,
    "RightHip_Angle_quat_norm_err": 2.220446049250313e-16,
    "RightHip_Angle_vel_residual_rms": 15.718995236242316,
    "RightHip_Angle_dom_freq": 0.008126227398930047,
    "RightKnee_Angle_hemisphere_flips": 0,
    "RightKnee_Angle_quat_norm_err": 2.220446049250313e-16,
    "RightKnee_Angle_vel_residual_rms": 10.155817287971534,
    "RightKnee_Angle_dom_freq": 0.02437868219679014,
    "RightAnkle_Angle_hemisphere_flips": 0,
    "RightAnkle_Angle_quat_norm_err": 1.1102230246251565e-16,
    "RightAnkle_Angle_vel_residual_rms": 26.71990784772917,
    "RightAnkle_Angle_dom_freq": 0.02437868219679014,
    "RightToe_Angle_hemisphere_flips": 0,
    "RightToe_Angle_quat_norm_err": 1.1102230246251565e-16,
    "RightToe_Angle_vel_residual_rms": 10.663392835504343,
    "RightToe_Angle_dom_freq": 0.02437868219679014,
    "LeftClavicle_Angle_hemisphere_flips": 0,
    "LeftClavicle_Angle_quat_norm_err": 2.220446049250313e-16,
    "LeftClavicle_Angle_vel_residual_rms": 13.874088930900522,
    "LeftClavicle_Angle_dom_freq": 0.040631136994650235,
    "LeftShoulder_Joint_Angle_hemisphere_flips": 0,
    "LeftShoulder_Joint_Angle_quat_norm_err": 2.220446049250313e-16,
    "LeftShoulder_Joint_Angle_vel_residual_rms": 19.270166599771645,
    "LeftShoulder_Joint_Angle_dom_freq": 0.040631136994650235,
    "LeftElbow_Angle_hemisphere_flips": 0,
    "LeftElbow_Angle_quat_norm_err": 2.220446049250313e-16,
    "LeftElbow_Angle_vel_residual_rms": 35.63068338396201,
    "LeftElbow_Angle_dom_freq": 0.056883591792510325,
    "LeftWrist_Angle_hemisphere_flips": 0,
    "LeftWrist_Angle_quat_norm_err": 1.1102230246251565e-16,
    "LeftWrist_Angle_vel_residual_rms": 49.22497136474763,
    "LeftWrist_Angle_dom_freq": 0.040631136994650235,
    "RightClavicle_Angle_hemisphere_flips": 0,
    "RightClavicle_Angle_quat_norm_err": 1.1102230246251565e-16,
    "RightClavicle_Angle_vel_residual_rms": 13.12226991694173,
    "RightClavicle_Angle_dom_freq": 0.008126227398930047,
    "RightShoulder_Joint_Angle_hemisphere_flips": 0,
    "RightShoulder_Joint_Angle_quat_norm_err": 2.220446049250313e-16,
    "RightShoulder_Joint_Angle_vel_residual_rms": 17.194142572404658,
    "RightShoulder_Joint_Angle_dom_freq": 0.008126227398930047,
    "RightElbow_Angle_hemisphere_flips": 0,
    "RightElbow_Angle_quat_norm_err": 2.220446049250313e-16,
    "RightElbow_Angle_vel_residual_rms": 32.781401012268375,
    "RightElbow_Angle_dom_freq": 0.04875736439358028,
    "RightWrist_Angle_hemisphere_flips": 0,
    "RightWrist_Angle_quat_norm_err": 2.220446049250313e-16,
    "RightWrist_Angle_vel_residual_rms": 46.191550154906935,
    "RightWrist_Angle_dom_freq": 0.040631136994650235,
    "L_Thumb1_hemisphere_flips": 0,
    "L_Thumb1_quat_norm_err": 1.1102230246251565e-16,
    "L_Thumb1_vel_residual_rms": 28.09600051577473,
    "L_Thumb1_dom_freq": 0.008126227398930047,
    "L_Thumb2_hemisphere_flips": 0,
    "L_Thumb2_quat_norm_err": 1.1102230246251565e-16,
    "L_Thumb2_vel_residual_rms": 23.25019565599654,
    "L_Thumb2_dom_freq": 0.008126227398930047,
    "L_Thumb3_hemisphere_flips": 0,
    "L_Thumb3_quat_norm_err": 2.220446049250313e-16,
    "L_Thumb3_vel_residual_rms": 23.250193033809904,
    "L_Thumb3_dom_freq": 0.008126227398930047,
    "L_Index1_hemisphere_flips": 0,
    "L_Index1_quat_norm_err": 2.220446049250313e-16,
    "L_Index1_vel_residual_rms": 20.337352196315248,
    "L_Index1_dom_freq": 0.016252454797860093,
    "L_Index2_hemisphere_flips": 0,
    "L_Index2_quat_norm_err": 2.220446049250313e-16,
    "L_Index2_vel_residual_rms": 17.789692873904283,
    "L_Index2_dom_freq": 0.016252454797860093,
    "L_Index3_hemisphere_flips": 0,
    "L_Index3_quat_norm_err": 1.1102230246251565e-16,
    "L_Index3_vel_residual_rms": 7.409388894510911,
    "L_Index3_dom_freq": 0.016252454797860093
}