{
    "omega_method": "sg_dqdt_quat_internal_only",
    "sg_window_sec": 0.175,
    "sg_polyorder": 3,
    "fs": 120.0,
    "quat_order": "xyzw",
    "Pelvis_Global_Orientation (World Space)_hemisphere_flips": 0,
    "Pelvis_Global_Orientation (World Space)_quat_norm_err": 2.220446049250313e-16,
    "Pelvis_Global_Orientation (World Space)_vel_residual_rms": 11.91302362143046,
    "Pelvis_Global_Orientation (World Space)_dom_freq": 0.007692307692307693,
    "Lumbar_Angle_hemisphere_flips": 0,
    "Lumbar_Angle_quat_norm_err": 1.1102230246251565e-16,
    "Lumbar_Angle_vel_residual_rms": 6.63941036940817,
    "Lumbar_Angle_dom_freq": 0.007692307692307693,
    "Thoracic_Angle_hemisphere_flips": 0,
    "Thoracic_Angle_quat_norm_err": 1.1102230246251565e-16,
    "Thoracic_Angle_vel_residual_rms": 8.289842678377735,
    "Thoracic_Angle_dom_freq": 0.007692307692307693,
    "Neck_Base_Angle_hemisphere_flips": 0,
    "Neck_Base_Angle_quat_norm_err": 2.220446049250313e-16,
    "Neck_Base_Angle_vel_residual_rms": 7.996020789534466,
    "Neck_Base_Angle_dom_freq": 0.007692307692307693,
    "Head_Angle_hemisphere_flips": 0,
    "Head_Angle_quat_norm_err": 1.1102230246251565e-16,
    "Head_Angle_vel_residual_rms": 7.996008688754633,
    "Head_Angle_dom_freq": 0.007692307692307693,
    "LeftHip_Angle_hemisphere_flips": 0,
    "LeftHip_Angle_quat_norm_err": 2.220446049250313e-16,
    "LeftHip_Angle_vel_residual_rms": 14.179335149151058,
    "LeftHip_Angle_dom_freq": 0.007692307692307693,
    "LeftKnee_Angle_hemisphere_flips": 0,
    "LeftKnee_Angle_quat_norm_err": 2.220446049250313e-16,
    "LeftKnee_Angle_vel_residual_rms": 11.543010949947643,
    "LeftKnee_Angle_dom_freq": 0.13076923076923078,
    "LeftAnkle_Angle_hemisphere_flips": 0,
    "LeftAnkle_Angle_quat_norm_err": 1.1102230246251565e-16,
    "LeftAnkle_Angle_vel_residual_rms": 29.99286179674306,
    "LeftAnkle_Angle_dom_freq": 0.015384615384615385,
    "LeftToe_Angle_hemisphere_flips": 0,
    "LeftToe_Angle_quat_norm_err": 1.1102230246251565e-16,
    "LeftToe_Angle_vel_residual_rms": 13.700882771846373,
    "LeftToe_Angle_dom_freq": 0.007692307692307693,
    "RightHip_Angle_hemisphere_flips": 0,
    "RightHip_Angle_quat_norm_err": 2.220446049250313e-16,
    "RightHip_Angle_vel_residual_rms": 15.395570027131873,
    "RightHip_Angle_dom_freq": 0.007692307692307693,
    "RightKnee_Angle_hemisphere_flips": 0,
    "RightKnee_Angle_quat_norm_err": 2.220446049250313e-16,
    "RightKnee_Angle_vel_residual_rms": 11.640356886827739,
    "RightKnee_Angle_dom_freq": 0.8461538461538463,
    "RightAnkle_Angle_hemisphere_flips": 0,
    "RightAnkle_Angle_quat_norm_err": 2.220446049250313e-16,
    "RightAnkle_Angle_vel_residual_rms": 29.840851040025175,
    "RightAnkle_Angle_dom_freq": 0.007692307692307693,
    "RightToe_Angle_hemisphere_flips": 0,
    "RightToe_Angle_quat_norm_err": 1.1102230246251565e-16,
    "RightToe_Angle_vel_residual_rms": 18.185142211710957,
    "RightToe_Angle_dom_freq": 0.007692307692307693,
    "LeftClavicle_Angle_hemisphere_flips": 0,
    "LeftClavicle_Angle_quat_norm_err": 1.1102230246251565e-16,
    "LeftClavicle_Angle_vel_residual_rms": 17.042539133383443,
    "LeftClavicle_Angle_dom_freq": 0.007692307692307693,
    "LeftShoulder_Joint_Angle_hemisphere_flips": 0,
    "LeftShoulder_Joint_Angle_quat_norm_err": 2.220446049250313e-16,
    "LeftShoulder_Joint_Angle_vel_residual_rms": 30.880439898622207,
    "LeftShoulder_Joint_Angle_dom_freq": 0.007692307692307693,
    "LeftElbow_Angle_hemisphere_flips": 0,
    "LeftElbow_Angle_quat_norm_err": 2.220446049250313e-16,
    "LeftElbow_Angle_vel_residual_rms": 65.14798048659341,
    "LeftElbow_Angle_dom_freq": 0.007692307692307693,
    "LeftWrist_Angle_hemisphere_flips": 0,
    "LeftWrist_Angle_quat_norm_err": 2.220446049250313e-16,
    "LeftWrist_Angle_vel_residual_rms": 106.81277922364335,
    "LeftWrist_Angle_dom_freq": 0.007692307692307693,
    "RightClavicle_Angle_hemisphere_flips": 0,
    "RightClavicle_Angle_quat_norm_err": 1.1102230246251565e-16,
    "RightClavicle_Angle_vel_residual_rms": 17.16552721536969,
    "RightClavicle_Angle_dom_freq": 0.007692307692307693,
    "RightShoulder_Joint_Angle_hemisphere_flips": 0,
    "RightShoulder_Joint_Angle_quat_norm_err": 2.220446049250313e-16,
    "RightShoulder_Joint_Angle_vel_residual_rms": 24.303270139074044,
    "RightShoulder_Joint_Angle_dom_freq": 0.046153846153846156,
    "RightElbow_Angle_hemisphere_flips": 0,
    "RightElbow_Angle_quat_norm_err": 2.220446049250313e-16,
    "RightElbow_Angle_vel_residual_rms": 45.90340097449933,
    "RightElbow_Angle_dom_freq": 0.007692307692307693,
    "RightWrist_Angle_hemisphere_flips": 0,
    "RightWrist_Angle_quat_norm_err": 2.220446049250313e-16,
    "RightWrist_Angle_vel_residual_rms": 58.690176524536525,
    "RightWrist_Angle_dom_freq": 0.046153846153846156,
    "L_Thumb1_hemisphere_flips": 0,
    "L_Thumb1_quat_norm_err": 1.1102230246251565e-16,
    "L_Thumb1_vel_residual_rms": 55.21474237053316,
    "L_Thumb1_dom_freq": 0.007692307692307693,
    "L_Thumb2_hemisphere_flips": 0,
    "L_Thumb2_quat_norm_err": 1.1102230246251565e-16,
    "L_Thumb2_vel_residual_rms": 48.65814249824103,
    "L_Thumb2_dom_freq": 0.007692307692307693,
    "L_Thumb3_hemisphere_flips": 1,
    "L_Thumb3_quat_norm_err": 2.220446049250313e-16,
    "L_Thumb3_vel_residual_rms": 48.65807146614985,
    "L_Thumb3_dom_freq": 0.007692307692307693,
    "L_Index1_hemisphere_flips": 0,
    "L_Index1_quat_norm_err": 2.220446049250313e-16,
    "L_Index1_vel_residual_rms": 92.63836097876569,
    "L_Index1_dom_freq": 0.007692307692307693,
    "L_Index2_hemisphere_flips": 2,
    "L_Index2_quat_norm_err": 1.1102230246251565e-16,
    "L_Index2_vel_residual_rms": 105.26658991108958,
    "L_Index2_dom_freq": 0.07692307692307693,
    "L_Index3_hemisphere_flips": 0,
    "L_Index3_quat_norm_err": 1.1102230246251565e-16,
    "L_Index3_vel_residual_rms": 43.67751711367235,
    "L_Index3_dom_freq": 0.07692307692307693
}