{
    "omega_method": "sg_dqdt_quat_internal_only",
    "sg_window_sec": 0.175,
    "sg_polyorder": 3,
    "fs": 120.0,
    "quat_order": "xyzw",
    "Pelvis_Global_Orientation (World Space)_hemisphere_flips": 0,
    "Pelvis_Global_Orientation (World Space)_quat_norm_err": 2.220446049250313e-16,
    "Pelvis_Global_Orientation (World Space)_vel_residual_rms": 4.8897281332529365,
    "Pelvis_Global_Orientation (World Space)_dom_freq": 0.00400520676879944,
    "Lumbar_Angle_hemisphere_flips": 0,
    "Lumbar_Angle_quat_norm_err": 1.1102230246251565e-16,
    "Lumbar_Angle_vel_residual_rms": 3.183924781318762,
    "Lumbar_Angle_dom_freq": 0.00400520676879944,
    "Thoracic_Angle_hemisphere_flips": 0,
    "Thoracic_Angle_quat_norm_err": 1.1102230246251565e-16,
    "Thoracic_Angle_vel_residual_rms": 3.9892482739004467,
    "Thoracic_Angle_dom_freq": 0.00400520676879944,
    "Neck_Base_Angle_hemisphere_flips": 0,
    "Neck_Base_Angle_quat_norm_err": 1.1102230246251565e-16,
    "Neck_Base_Angle_vel_residual_rms": 4.841653681375366,
    "Neck_Base_Angle_dom_freq": 0.00400520676879944,
    "Head_Angle_hemisphere_flips": 0,
    "Head_Angle_quat_norm_err": 1.1102230246251565e-16,
    "Head_Angle_vel_residual_rms": 4.841609422634397,
    "Head_Angle_dom_freq": 0.00400520676879944,
    "LeftHip_Angle_hemisphere_flips": 0,
    "LeftHip_Angle_quat_norm_err": 2.220446049250313e-16,
    "LeftHip_Angle_vel_residual_rms": 6.337822731443629,
    "LeftHip_Angle_dom_freq": 0.00400520676879944,
    "LeftKnee_Angle_hemisphere_flips": 0,
    "LeftKnee_Angle_quat_norm_err": 1.1102230246251565e-16,
    "LeftKnee_Angle_vel_residual_rms": 5.450762655049659,
    "LeftKnee_Angle_dom_freq": 0.00400520676879944,
    "LeftAnkle_Angle_hemisphere_flips": 0,
    "LeftAnkle_Angle_quat_norm_err": 1.1102230246251565e-16,
    "LeftAnkle_Angle_vel_residual_rms": 11.517566935766117,
    "LeftAnkle_Angle_dom_freq": 0.00400520676879944,
    "LeftToe_Angle_hemisphere_flips": 0,
    "LeftToe_Angle_quat_norm_err": 1.1102230246251565e-16,
    "LeftToe_Angle_vel_residual_rms": 5.021690630537116,
    "LeftToe_Angle_dom_freq": 0.00400520676879944,
    "RightHip_Angle_hemisphere_flips": 0,
    "RightHip_Angle_quat_norm_err": 1.1102230246251565e-16,
    "RightHip_Angle_vel_residual_rms": 6.045596365939948,
    "RightHip_Angle_dom_freq": 0.00400520676879944,
    "RightKnee_Angle_hemisphere_flips": 0,
    "RightKnee_Angle_quat_norm_err": 2.220446049250313e-16,
    "RightKnee_Angle_vel_residual_rms": 5.063140552572443,
    "RightKnee_Angle_dom_freq": 0.00400520676879944,
    "RightAnkle_Angle_hemisphere_flips": 0,
    "RightAnkle_Angle_quat_norm_err": 2.220446049250313e-16,
    "RightAnkle_Angle_vel_residual_rms": 10.65745092465739,
    "RightAnkle_Angle_dom_freq": 0.00400520676879944,
    "RightToe_Angle_hemisphere_flips": 0,
    "RightToe_Angle_quat_norm_err": 1.1102230246251565e-16,
    "RightToe_Angle_vel_residual_rms": 4.622480537779812,
    "RightToe_Angle_dom_freq": 0.00400520676879944,
    "LeftClavicle_Angle_hemisphere_flips": 0,
    "LeftClavicle_Angle_quat_norm_err": 1.1102230246251565e-16,
    "LeftClavicle_Angle_vel_residual_rms": 11.28464595528689,
    "LeftClavicle_Angle_dom_freq": 0.00400520676879944,
    "LeftShoulder_Joint_Angle_hemisphere_flips": 0,
    "LeftShoulder_Joint_Angle_quat_norm_err": 2.220446049250313e-16,
    "LeftShoulder_Joint_Angle_vel_residual_rms": 19.222370798890605,
    "LeftShoulder_Joint_Angle_dom_freq": 0.00400520676879944,
    "LeftElbow_Angle_hemisphere_flips": 0,
    "LeftElbow_Angle_quat_norm_err": 2.220446049250313e-16,
    "LeftElbow_Angle_vel_residual_rms": 33.42820928629618,
    "LeftElbow_Angle_dom_freq": 0.00400520676879944,
    "LeftWrist_Angle_hemisphere_flips": 0,
    "LeftWrist_Angle_quat_norm_err": 2.220446049250313e-16,
    "LeftWrist_Angle_vel_residual_rms": 64.99553859537326,
    "LeftWrist_Angle_dom_freq": 0.00400520676879944,
    "RightClavicle_Angle_hemisphere_flips": 0,
    "RightClavicle_Angle_quat_norm_err": 2.220446049250313e-16,
    "RightClavicle_Angle_vel_residual_rms": 10.793125289194677,
    "RightClavicle_Angle_dom_freq": 0.00400520676879944,
    "RightShoulder_Joint_Angle_hemisphere_flips": 0,
    "RightShoulder_Joint_Angle_quat_norm_err": 2.220446049250313e-16,
    "RightShoulder_Joint_Angle_vel_residual_rms": 16.85728137435219,
    "RightShoulder_Joint_Angle_dom_freq": 0.00400520676879944,
    "RightElbow_Angle_hemisphere_flips": 0,
    "RightElbow_Angle_quat_norm_err": 2.220446049250313e-16,
    "RightElbow_Angle_vel_residual_rms": 33.558540154556255,
    "RightElbow_Angle_dom_freq": 0.00400520676879944,
    "RightWrist_Angle_hemisphere_flips": 0,
    "RightWrist_Angle_quat_norm_err": 2.220446049250313e-16,
    "RightWrist_Angle_vel_residual_rms": 49.62107680004941,
    "RightWrist_Angle_dom_freq": 0.00400520676879944,
    "L_Thumb1_hemisphere_flips": 0,
    "L_Thumb1_quat_norm_err": 1.1102230246251565e-16,
    "L_Thumb1_vel_residual_rms": 37.52115517928231,
    "L_Thumb1_dom_freq": 0.00400520676879944,
    "L_Thumb2_hemisphere_flips": 0,
    "L_Thumb2_quat_norm_err": 2.220446049250313e-16,
    "L_Thumb2_vel_residual_rms": 28.08952173536692,
    "L_Thumb2_dom_freq": 0.00400520676879944,
    "L_Thumb3_hemisphere_flips": 0,
    "L_Thumb3_quat_norm_err": 1.1102230246251565e-16,
    "L_Thumb3_vel_residual_rms": 28.089555872080297,
    "L_Thumb3_dom_freq": 0.00400520676879944,
    "L_Index1_hemisphere_flips": 0,
    "L_Index1_quat_norm_err": 2.220446049250313e-16,
    "L_Index1_vel_residual_rms": 20.464584575809806,
    "L_Index1_dom_freq": 0.00400520676879944,
    "L_Index2_hemisphere_flips": 0,
    "L_Index2_quat_norm_err": 2.220446049250313e-16,
    "L_Index2_vel_residual_rms": 16.930762496297064,
    "L_Index2_dom_freq": 0.00400520676879944,
    "L_Index3_hemisphere_flips": 0,
    "L_Index3_quat_norm_err": 1.1102230246251565e-16,
    "L_Index3_vel_residual_rms": 7.052747493438948,
    "L_Index3_dom_freq": 0.00400520676879944
}